run_id,run_index,crossover,mutation,target,population_size,formulas_per_individual,mutation_rate,uniform_delta,gaussian_sigma,evaluation_width,evaluation_height,experiment_generations,population_seed,selection_seed,crossover_seed,mutation_seed,generation,best_fitness,mean_fitness,best_index
combination_0_run_0,0,PARAMETER_UNIFORM,BOUNDED_UNIFORM_MUTATION,A.png,9,2,0.2000000030,0.1000000015,0.1000000015,256,256,100,12345,18345,19345,20345,0,0.5978445791,0.5837501649,5
combination_0_run_0,0,PARAMETER_UNIFORM,BOUNDED_UNIFORM_MUTATION,A.png,9,2,0.2000000030,0.1000000015,0.1000000015,256,256,100,12345,18345,19345,20345,1,0.5954910596,0.5804245312,3
combination_0_run_0,0,PARAMETER_UNIFORM,BOUNDED_UNIFORM_MUTATION,A.png,9,2,0.2000000030,0.1000000015,0.1000000015,256,256,100,12345,18345,19345,20345,2,0.5949814352,0.5855976003,7
combination_0_run_0,0,PARAMETER_UNIFORM,BOUNDED_UNIFORM_MUTATION,A.png,9,2,0.2000000030,0.1000000015,0.1000000015,256,256,100,12345,18345,19345,20345,3,0.5964185042,0.5900534700,4
combination_0_run_0,0,PARAMETER_UNIFORM,BOUNDED_UNIFORM_MUTATION,A.png,9,2,0.2000000030,0.1000000015,0.1000000015,256,256,100,12345,18345,19345,20345,4,0.6011799429,0.5921049626,1
combination_0_run_0,0,PARAMETER_UNIFORM,BOUNDED_UNIFORM_MUTATION,A.png,9,2,0.2000000030,0.1000000015,0.1000000015,256,256,100,12345,18345,19345,20345,5,0.6007826363,0.5938845067,5
combination_0_run_0,0,PARAMETER_UNIFORM,BOUNDED_UNIFORM_MUTATION,A.png,9,2,0.2000000030,0.1000000015,0.1000000015,256,256,100,12345,18345,19345,20345,6,0.5989321027,0.5919467057,4
combination_0_run_0,0,PARAMETER_UNIFORM,BOUNDED_UNIFORM_MUTATION,A.png,9,2,0.2000000030,0.1000000015,0.1000000015,256,256,100,12345,18345,19345,20345,7,0.6020717281,0.5956044858,7
combination_0_run_0,0,PARAMETER_UNIFORM,BOUNDED_UNIFORM_MUTATION,A.png,9,2,0.2000000030,0.1000000015,0.1000000015,256,256,100,12345,18345,19345,20345,8,0.6020318032,0.5944497563,8
combination_0_run_0,0,PARAMETER_UNIFORM,BOUNDED_UNIFORM_MUTATION,A.png,9,2,0.2000000030,0.1000000015,0.1000000015,256,256,100,12345,18345,19345,20345,9,0.5999428666,0.5917130597,6
combination_0_run_0,0,PARAMETER_UNIFORM,BOUNDED_UNIFORM_MUTATION,A.png,9,2,0.2000000030,0.1000000015,0.1000000015,256,256,100,12345,18345,19345,20345,10,0.5936567600,0.5872136720,8
combination_0_run_0,0,PARAMETER_UNIFORM,BOUNDED_UNIFORM_MUTATION,A.png,9,2,0.2000000030,0.1000000015,0.1000000015,256,256,100,12345,18345,19345,20345,11,0.5951765102,0.5870933278,1
combination_0_run_0,0,PARAMETER_UNIFORM,BOUNDED_UNIFORM_MUTATION,A.png,9,2,0.2000000030,0.1000000015,0.1000000015,256,256,100,12345,18345,19345,20345,12,0.5934099818,0.5851340574,7
combination_0_run_0,0,PARAMETER_UNIFORM,BOUNDED_UNIFORM_MUTATION,A.png,9,2,0.2000000030,0.1000000015,0.1000000015,256,256,100,12345,18345,19345,20345,13,0.5968580315,0.5817657708,3
combination_0_run_0,0,PARAMETER_UNIFORM,BOUNDED_UNIFORM_MUTATION,A.png,9,2,0.2000000030,0.1000000015,0.1000000015,256,256,100,12345,18345,19345,20345,14,0.5983330651,0.5839655029,3
combination_0_run_0,0,PARAMETER_UNIFORM,BOUNDED_UNIFORM_MUTATION,A.png,9,2,0.2000000030,0.1000000015,0.1000000015,256,256,100,12345,18345,19345,20345,15,0.5993496627,0.5871868583,5
combination_0_run_0,0,PARAMETER_UNIFORM,BOUNDED_UNIFORM_MUTATION,A.png,9,2,0.2000000030,0.1000000015,0.1000000015,256,256,100,12345,18345,19345,20345,16,0.6004863896,0.5896135805,0
combination_0_run_0,0,PARAMETER_UNIFORM,BOUNDED_UNIFORM_MUTATION,A.png,9,2,0.2000000030,0.1000000015,0.1000000015,256,256,100,12345,18345,19345,20345,17,0.6031385229,0.5899237714,0
combination_0_run_0,0,PARAMETER_UNIFORM,BOUNDED_UNIFORM_MUTATION,A.png,9,2,0.2000000030,0.1000000015,0.1000000015,256,256,100,12345,18345,19345,20345,18,0.5976277971,0.5859262011,7
combination_0_run_0,0,PARAMETER_UNIFORM,BOUNDED_UNIFORM_MUTATION,A.png,9,2,0.2000000030,0.1000000015,0.1000000015,256,256,100,12345,18345,19345,20345,19,0.5972883314,0.5853107356,5
combination_0_run_0,0,PARAMETER_UNIFORM,BOUNDED_UNIFORM_MUTATION,A.png,9,2,0.2000000030,0.1000000015,0.1000000015,256,256,100,12345,18345,19345,20345,20,0.5926452445,0.5845560240,7
combination_0_run_0,0,PARAMETER_UNIFORM,BOUNDED_UNIFORM_MUTATION,A.png,9,2,0.2000000030,0.1000000015,0.1000000015,256,256,100,12345,18345,19345,20345,21,0.5921584746,0.5874053922,6
combination_0_run_0,0,PARAMETER_UNIFORM,BOUNDED_UNIFORM_MUTATION,A.png,9,2,0.2000000030,0.1000000015,0.1000000015,256,256,100,12345,18345,19345,20345,22,0.5937754547,0.5874793240,8
combination_0_run_0,0,PARAMETER_UNIFORM,BOUNDED_UNIFORM_MUTATION,A.png,9,2,0.2000000030,0.1000000015,0.1000000015,256,256,100,12345,18345,19345,20345,23,0.5945948688,0.5870888778,2
combination_0_run_0,0,PARAMETER_UNIFORM,BOUNDED_UNIFORM_MUTATION,A.png,9,2,0.2000000030,0.1000000015,0.1000000015,256,256,100,12345,18345,19345,20345,24,0.5985317109,0.5898111861,2
combination_0_run_0,0,PARAMETER_UNIFORM,BOUNDED_UNIFORM_MUTATION,A.png,9,2,0.2000000030,0.1000000015,0.1000000015,256,256,100,12345,18345,19345,20345,25,0.6008703611,0.5913036859,4
combination_0_run_0,0,PARAMETER_UNIFORM,BOUNDED_UNIFORM_MUTATION,A.png,9,2,0.2000000030,0.1000000015,0.1000000015,256,256,100,12345,18345,19345,20345,26,0.5945964892,0.5901067616,0
combination_0_run_0,0,PARAMETER_UNIFORM,BOUNDED_UNIFORM_MUTATION,A.png,9,2,0.2000000030,0.1000000015,0.1000000015,256,256,100,12345,18345,19345,20345,27,0.5957823585,0.5881918678,6
combination_0_run_0,0,PARAMETER_UNIFORM,BOUNDED_UNIFORM_MUTATION,A.png,9,2,0.2000000030,0.1000000015,0.1000000015,256,256,100,12345,18345,19345,20345,28,0.5915885515,0.5869096538,2
combination_0_run_0,0,PARAMETER_UNIFORM,BOUNDED_UNIFORM_MUTATION,A.png,9,2,0.2000000030,0.1000000015,0.1000000015,256,256,100,12345,18345,19345,20345,29,0.5931942608,0.5885256446,8
combination_0_run_0,0,PARAMETER_UNIFORM,BOUNDED_UNIFORM_MUTATION,A.png,9,2,0.2000000030,0.1000000015,0.1000000015,256,256,100,12345,18345,19345,20345,30,0.5939252322,0.5878018529,4
combination_0_run_0,0,PARAMETER_UNIFORM,BOUNDED_UNIFORM_MUTATION,A.png,9,2,0.2000000030,0.1000000015,0.1000000015,256,256,100,12345,18345,19345,20345,31,0.5944689223,0.5882396245,1
combination_0_run_0,0,PARAMETER_UNIFORM,BOUNDED_UNIFORM_MUTATION,A.png,9,2,0.2000000030,0.1000000015,0.1000000015,256,256,100,12345,18345,19345,20345,32,0.5965040708,0.5890538452,8
combination_0_run_0,0,PARAMETER_UNIFORM,BOUNDED_UNIFORM_MUTATION,A.png,9,2,0.2000000030,0.1000000015,0.1000000015,256,256,100,12345,18345,19345,20345,33,0.5929828043,0.5886924569,1
combination_0_run_0,0,PARAMETER_UNIFORM,BOUNDED_UNIFORM_MUTATION,A.png,9,2,0.2000000030,0.1000000015,0.1000000015,256,256,100,12345,18345,19345,20345,34,0.5950857327,0.5907612154,6
combination_0_run_0,0,PARAMETER_UNIFORM,BOUNDED_UNIFORM_MUTATION,A.png,9,2,0.2000000030,0.1000000015,0.1000000015,256,256,100,12345,18345,19345,20345,35,0.5938949827,0.5915238452,2
combination_0_run_0,0,PARAMETER_UNIFORM,BOUNDED_UNIFORM_MUTATION,A.png,9,2,0.2000000030,0.1000000015,0.1000000015,256,256,100,12345,18345,19345,20345,36,0.5961253904,0.5927860576,8
combination_0_run_0,0,PARAMETER_UNIFORM,BOUNDED_UNIFORM_MUTATION,A.png,9,2,0.2000000030,0.1000000015,0.1000000015,256,256,100,12345,18345,19345,20345,37,0.5949496084,0.5919413860,3
combination_0_run_0,0,PARAMETER_UNIFORM,BOUNDED_UNIFORM_MUTATION,A.png,9,2,0.2000000030,0.1000000015,0.1000000015,256,256,100,12345,18345,19345,20345,38,0.5953880333,0.5916352631,7
combination_0_run_0,0,PARAMETER_UNIFORM,BOUNDED_UNIFORM_MUTATION,A.png,9,2,0.2000000030,0.1000000015,0.1000000015,256,256,100,12345,18345,19345,20345,39,0.5946402000,0.5911135995,0
combination_0_run_0,0,PARAMETER_UNIFORM,BOUNDED_UNIFORM_MUTATION,A.png,9,2,0.2000000030,0.1000000015,0.1000000015,256,256,100,12345,18345,19345,20345,40,0.5943777568,0.5903292662,7
combination_0_run_0,0,PARAMETER_UNIFORM,BOUNDED_UNIFORM_MUTATION,A.png,9,2,0.2000000030,0.1000000015,0.1000000015,256,256,100,12345,18345,19345,20345,41,0.5956600089,0.5894695903,0
combination_0_run_0,0,PARAMETER_UNIFORM,BOUNDED_UNIFORM_MUTATION,A.png,9,2,0.2000000030,0.1000000015,0.1000000015,256,256,100,12345,18345,19345,20345,42,0.5958558135,0.5891591361,1
combination_0_run_0,0,PARAMETER_UNIFORM,BOUNDED_UNIFORM_MUTATION,A.png,9,2,0.2000000030,0.1000000015,0.1000000015,256,256,100,12345,18345,19345,20345,43,0.5957075365,0.5896878305,2
combination_0_run_0,0,PARAMETER_UNIFORM,BOUNDED_UNIFORM_MUTATION,A.png,9,2,0.2000000030,0.1000000015,0.1000000015,256,256,100,12345,18345,19345,20345,44,0.5930969071,0.5895361417,3
combination_0_run_0,0,PARAMETER_UNIFORM,BOUNDED_UNIFORM_MUTATION,A.png,9,2,0.2000000030,0.1000000015,0.1000000015,256,256,100,12345,18345,19345,20345,45,0.5977805808,0.5898073028,6
combination_0_run_0,0,PARAMETER_UNIFORM,BOUNDED_UNIFORM_MUTATION,A.png,9,2,0.2000000030,0.1000000015,0.1000000015,256,256,100,12345,18345,19345,20345,46,0.5972018539,0.5914839217,7
combination_0_run_0,0,PARAMETER_UNIFORM,BOUNDED_UNIFORM_MUTATION,A.png,9,2,0.2000000030,0.1000000015,0.1000000015,256,256,100,12345,18345,19345,20345,47,0.5970015644,0.5880029290,4
combination_0_run_0,0,PARAMETER_UNIFORM,BOUNDED_UNIFORM_MUTATION,A.png,9,2,0.2000000030,0.1000000015,0.1000000015,256,256,100,12345,18345,19345,20345,48,0.5937244868,0.5872089658,8
combination_0_run_0,0,PARAMETER_UNIFORM,BOUNDED_UNIFORM_MUTATION,A.png,9,2,0.2000000030,0.1000000015,0.1000000015,256,256,100,12345,18345,19345,20345,49,0.5927845372,0.5853371252,8
combination_0_run_0,0,PARAMETER_UNIFORM,BOUNDED_UNIFORM_MUTATION,A.png,9,2,0.2000000030,0.1000000015,0.1000000015,256,256,100,12345,18345,19345,20345,50,0.5905449384,0.5839152461,1
combination_0_run_0,0,PARAMETER_UNIFORM,BOUNDED_UNIFORM_MUTATION,A.png,9,2,0.2000000030,0.1000000015,0.1000000015,256,256,100,12345,18345,19345,20345,51,0.5920546178,0.5843149557,2
combination_0_run_0,0,PARAMETER_UNIFORM,BOUNDED_UNIFORM_MUTATION,A.png,9,2,0.2000000030,0.1000000015,0.1000000015,256,256,100,12345,18345,19345,20345,52,0.5911235221,0.5821975231,5
combination_0_run_0,0,PARAMETER_UNIFORM,BOUNDED_UNIFORM_MUTATION,A.png,9,2,0.2000000030,0.1000000015,0.1000000015,256,256,100,12345,18345,19345,20345,53,0.5915436155,0.5864343790,2
combination_0_run_0,0,PARAMETER_UNIFORM,BOUNDED_UNIFORM_MUTATION,A.png,9,2,0.2000000030,0.1000000015,0.1000000015,256,256,100,12345,18345,19345,20345,54,0.5917820732,0.5870259605,4
combination_0_run_0,0,PARAMETER_UNIFORM,BOUNDED_UNIFORM_MUTATION,A.png,9,2,0.2000000030,0.1000000015,0.1000000015,256,256,100,12345,18345,19345,20345,55,0.5935528517,0.5866799927,2
combination_0_run_0,0,PARAMETER_UNIFORM,BOUNDED_UNIFORM_MUTATION,A.png,9,2,0.2000000030,0.1000000015,0.1000000015,256,256,100,12345,18345,19345,20345,56,0.5948908622,0.5870503327,4
combination_0_run_0,0,PARAMETER_UNIFORM,BOUNDED_UNIFORM_MUTATION,A.png,9,2,0.2000000030,0.1000000015,0.1000000015,256,256,100,12345,18345,19345,20345,57,0.5934451224,0.5884436394,4
combination_0_run_0,0,PARAMETER_UNIFORM,BOUNDED_UNIFORM_MUTATION,A.png,9,2,0.2000000030,0.1000000015,0.1000000015,256,256,100,12345,18345,19345,20345,58,0.5942913425,0.5905306581,3
combination_0_run_0,0,PARAMETER_UNIFORM,BOUNDED_UNIFORM_MUTATION,A.png,9,2,0.2000000030,0.1000000015,0.1000000015,256,256,100,12345,18345,19345,20345,59,0.5954680101,0.5912840061,8
combination_0_run_0,0,PARAMETER_UNIFORM,BOUNDED_UNIFORM_MUTATION,A.png,9,2,0.2000000030,0.1000000015,0.1000000015,256,256,100,12345,18345,19345,20345,60,0.5965757628,0.5916050195,3
combination_0_run_0,0,PARAMETER_UNIFORM,BOUNDED_UNIFORM_MUTATION,A.png,9,2,0.2000000030,0.1000000015,0.1000000015,256,256,100,12345,18345,19345,20345,61,0.5963060307,0.5925877975,6
combination_0_run_0,0,PARAMETER_UNIFORM,BOUNDED_UNIFORM_MUTATION,A.png,9,2,0.2000000030,0.1000000015,0.1000000015,256,256,100,12345,18345,19345,20345,62,0.5967040629,0.5915210467,8
combination_0_run_0,0,PARAMETER_UNIFORM,BOUNDED_UNIFORM_MUTATION,A.png,9,2,0.2000000030,0.1000000015,0.1000000015,256,256,100,12345,18345,19345,20345,63,0.5956421773,0.5921338843,5
combination_0_run_0,0,PARAMETER_UNIFORM,BOUNDED_UNIFORM_MUTATION,A.png,9,2,0.2000000030,0.1000000015,0.1000000015,256,256,100,12345,18345,19345,20345,64,0.5946772961,0.5898696802,6
combination_0_run_0,0,PARAMETER_UNIFORM,BOUNDED_UNIFORM_MUTATION,A.png,9,2,0.2000000030,0.1000000015,0.1000000015,256,256,100,12345,18345,19345,20345,65,0.5960786179,0.5916031139,8
combination_0_run_0,0,PARAMETER_UNIFORM,BOUNDED_UNIFORM_MUTATION,A.png,9,2,0.2000000030,0.1000000015,0.1000000015,256,256,100,12345,18345,19345,20345,66,0.5959995015,0.5907402938,7
combination_0_run_0,0,PARAMETER_UNIFORM,BOUNDED_UNIFORM_MUTATION,A.png,9,2,0.2000000030,0.1000000015,0.1000000015,256,256,100,12345,18345,19345,20345,67,0.5968358590,0.5928350922,8
combination_0_run_0,0,PARAMETER_UNIFORM,BOUNDED_UNIFORM_MUTATION,A.png,9,2,0.2000000030,0.1000000015,0.1000000015,256,256,100,12345,18345,19345,20345,68,0.5976848936,0.5915414157,3
combination_0_run_0,0,PARAMETER_UNIFORM,BOUNDED_UNIFORM_MUTATION,A.png,9,2,0.2000000030,0.1000000015,0.1000000015,256,256,100,12345,18345,19345,20345,69,0.5955259040,0.5905723286,4
combination_0_run_0,0,PARAMETER_UNIFORM,BOUNDED_UNIFORM_MUTATION,A.png,9,2,0.2000000030,0.1000000015,0.1000000015,256,256,100,12345,18345,19345,20345,70,0.5977069508,0.5902826905,8
combination_0_run_0,0,PARAMETER_UNIFORM,BOUNDED_UNIFORM_MUTATION,A.png,9,2,0.2000000030,0.1000000015,0.1000000015,256,256,100,12345,18345,19345,20345,71,0.5961228534,0.5899791221,8
combination_0_run_0,0,PARAMETER_UNIFORM,BOUNDED_UNIFORM_MUTATION,A.png,9,2,0.2000000030,0.1000000015,0.1000000015,256,256,100,12345,18345,19345,20345,72,0.5959818986,0.5887141700,7
combination_0_run_0,0,PARAMETER_UNIFORM,BOUNDED_UNIFORM_MUTATION,A.png,9,2,0.2000000030,0.1000000015,0.1000000015,256,256,100,12345,18345,19345,20345,73,0.5939612070,0.5901851362,4
combination_0_run_0,0,PARAMETER_UNIFORM,BOUNDED_UNIFORM_MUTATION,A.png,9,2,0.2000000030,0.1000000015,0.1000000015,256,256,100,12345,18345,19345,20345,74,0.5957831767,0.5908133083,5
combination_0_run_0,0,PARAMETER_UNIFORM,BOUNDED_UNIFORM_MUTATION,A.png,9,2,0.2000000030,0.1000000015,0.1000000015,256,256,100,12345,18345,19345,20345,75,0.5965591540,0.5904828578,4
combination_0_run_0,0,PARAMETER_UNIFORM,BOUNDED_UNIFORM_MUTATION,A.png,9,2,0.2000000030,0.1000000015,0.1000000015,256,256,100,12345,18345,19345,20345,76,0.5937563614,0.5894117106,1
combination_0_run_0,0,PARAMETER_UNIFORM,BOUNDED_UNIFORM_MUTATION,A.png,9,2,0.2000000030,0.1000000015,0.1000000015,256,256,100,12345,18345,19345,20345,77,0.5963010369,0.5897054794,6
combination_0_run_0,0,PARAMETER_UNIFORM,BOUNDED_UNIFORM_MUTATION,A.png,9,2,0.2000000030,0.1000000015,0.1000000015,256,256,100,12345,18345,19345,20345,78,0.5959805433,0.5895754544,0
combination_0_run_0,0,PARAMETER_UNIFORM,BOUNDED_UNIFORM_MUTATION,A.png,9,2,0.2000000030,0.1000000015,0.1000000015,256,256,100,12345,18345,19345,20345,79,0.5964052536,0.5898752785,0
combination_0_run_0,0,PARAMETER_UNIFORM,BOUNDED_UNIFORM_MUTATION,A.png,9,2,0.2000000030,0.1000000015,0.1000000015,256,256,100,12345,18345,19345,20345,80,0.5935051167,0.5886641624,0
combination_0_run_0,0,PARAMETER_UNIFORM,BOUNDED_UNIFORM_MUTATION,A.png,9,2,0.2000000030,0.1000000015,0.1000000015,256,256,100,12345,18345,19345,20345,81,0.5957412550,0.5893960731,4
combination_0_run_0,0,PARAMETER_UNIFORM,BOUNDED_UNIFORM_MUTATION,A.png,9,2,0.2000000030,0.1000000015,0.1000000015,256,256,100,12345,18345,19345,20345,82,0.5944526276,0.5885987846,5
combination_0_run_0,0,PARAMETER_UNIFORM,BOUNDED_UNIFORM_MUTATION,A.png,9,2,0.2000000030,0.1000000015,0.1000000015,256,256,100,12345,18345,19345,20345,83,0.5993098372,0.5902570005,3
combination_0_run_0,0,PARAMETER_UNIFORM,BOUNDED_UNIFORM_MUTATION,A.png,9,2,0.2000000030,0.1000000015,0.1000000015,256,256,100,12345,18345,19345,20345,84,0.5963198358,0.5895854027,5
combination_0_run_0,0,PARAMETER_UNIFORM,BOUNDED_UNIFORM_MUTATION,A.png,9,2,0.2000000030,0.1000000015,0.1000000015,256,256,100,12345,18345,19345,20345,85,0.5956079016,0.5906102393,5
combination_0_run_0,0,PARAMETER_UNIFORM,BOUNDED_UNIFORM_MUTATION,A.png,9,2,0.2000000030,0.1000000015,0.1000000015,256,256,100,12345,18345,19345,20345,86,0.5965096467,0.5914074452,6
combination_0_run_0,0,PARAMETER_UNIFORM,BOUNDED_UNIFORM_MUTATION,A.png,9,2,0.2000000030,0.1000000015,0.1000000015,256,256,100,12345,18345,19345,20345,87,0.5940195243,0.5892267013,6
combination_0_run_0,0,PARAMETER_UNIFORM,BOUNDED_UNIFORM_MUTATION,A.png,9,2,0.2000000030,0.1000000015,0.1000000015,256,256,100,12345,18345,19345,20345,88,0.5936780830,0.5887691463,5
combination_0_run_0,0,PARAMETER_UNIFORM,BOUNDED_UNIFORM_MUTATION,A.png,9,2,0.2000000030,0.1000000015,0.1000000015,256,256,100,12345,18345,19345,20345,89,0.5923545252,0.5892559545,2
combination_0_run_0,0,PARAMETER_UNIFORM,BOUNDED_UNIFORM_MUTATION,A.png,9,2,0.2000000030,0.1000000015,0.1000000015,256,256,100,12345,18345,19345,20345,90,0.5950994023,0.5920146100,6
combination_0_run_0,0,PARAMETER_UNIFORM,BOUNDED_UNIFORM_MUTATION,A.png,9,2,0.2000000030,0.1000000015,0.1000000015,256,256,100,12345,18345,19345,20345,91,0.5948271700,0.5920818343,5
combination_0_run_0,0,PARAMETER_UNIFORM,BOUNDED_UNIFORM_MUTATION,A.png,9,2,0.2000000030,0.1000000015,0.1000000015,256,256,100,12345,18345,19345,20345,92,0.5941250188,0.5919977782,6
combination_0_run_0,0,PARAMETER_UNIFORM,BOUNDED_UNIFORM_MUTATION,A.png,9,2,0.2000000030,0.1000000015,0.1000000015,256,256,100,12345,18345,19345,20345,93,0.5949955671,0.5919613105,7
combination_0_run_0,0,PARAMETER_UNIFORM,BOUNDED_UNIFORM_MUTATION,A.png,9,2,0.2000000030,0.1000000015,0.1000000015,256,256,100,12345,18345,19345,20345,94,0.5936869282,0.5912301684,4
combination_0_run_0,0,PARAMETER_UNIFORM,BOUNDED_UNIFORM_MUTATION,A.png,9,2,0.2000000030,0.1000000015,0.1000000015,256,256,100,12345,18345,19345,20345,95,0.5937141723,0.5909814787,7
combination_0_run_0,0,PARAMETER_UNIFORM,BOUNDED_UNIFORM_MUTATION,A.png,9,2,0.2000000030,0.1000000015,0.1000000015,256,256,100,12345,18345,19345,20345,96,0.5946576367,0.5898191916,4
combination_0_run_0,0,PARAMETER_UNIFORM,BOUNDED_UNIFORM_MUTATION,A.png,9,2,0.2000000030,0.1000000015,0.1000000015,256,256,100,12345,18345,19345,20345,97,0.5963836920,0.5918782671,6
combination_0_run_0,0,PARAMETER_UNIFORM,BOUNDED_UNIFORM_MUTATION,A.png,9,2,0.2000000030,0.1000000015,0.1000000015,256,256,100,12345,18345,19345,20345,98,0.5998349839,0.5934325599,0
combination_0_run_0,0,PARAMETER_UNIFORM,BOUNDED_UNIFORM_MUTATION,A.png,9,2,0.2000000030,0.1000000015,0.1000000015,256,256,100,12345,18345,19345,20345,99,0.6012032320,0.5929867281,6
combination_0_run_0,0,PARAMETER_UNIFORM,BOUNDED_UNIFORM_MUTATION,A.png,9,2,0.2000000030,0.1000000015,0.1000000015,256,256,100,12345,18345,19345,20345,100,0.5937873998,0.5900898911,6
combination_0_run_1,1,PARAMETER_UNIFORM,BOUNDED_UNIFORM_MUTATION,A.png,9,2,0.2000000030,0.1000000015,0.1000000015,256,256,100,112345,118345,119345,120345,0,0.6108660754,0.5915035875,0
combination_0_run_1,1,PARAMETER_UNIFORM,BOUNDED_UNIFORM_MUTATION,A.png,9,2,0.2000000030,0.1000000015,0.1000000015,256,256,100,112345,118345,119345,120345,1,0.6066007802,0.5898324482,0
combination_0_run_1,1,PARAMETER_UNIFORM,BOUNDED_UNIFORM_MUTATION,A.png,9,2,0.2000000030,0.1000000015,0.1000000015,256,256,100,112345,118345,119345,120345,2,0.6008203314,0.5853777409,8
combination_0_run_1,1,PARAMETER_UNIFORM,BOUNDED_UNIFORM_MUTATION,A.png,9,2,0.2000000030,0.1000000015,0.1000000015,256,256,100,112345,118345,119345,120345,3,0.5990733472,0.5879634437,4
combination_0_run_1,1,PARAMETER_UNIFORM,BOUNDED_UNIFORM_MUTATION,A.png,9,2,0.2000000030,0.1000000015,0.1000000015,256,256,100,112345,118345,119345,120345,4,0.6033900878,0.5930202730,2
combination_0_run_1,1,PARAMETER_UNIFORM,BOUNDED_UNIFORM_MUTATION,A.png,9,2,0.2000000030,0.1000000015,0.1000000015,256,256,100,112345,118345,119345,120345,5,0.5966713351,0.5887881185,4
combination_0_run_1,1,PARAMETER_UNIFORM,BOUNDED_UNIFORM_MUTATION,A.png,9,2,0.2000000030,0.1000000015,0.1000000015,256,256,100,112345,118345,119345,120345,6,0.5948078447,0.5860889478,6
combination_0_run_1,1,PARAMETER_UNIFORM,BOUNDED_UNIFORM_MUTATION,A.png,9,2,0.2000000030,0.1000000015,0.1000000015,256,256,100,112345,118345,119345,120345,7,0.5924175863,0.5896024417,8
combination_0_run_1,1,PARAMETER_UNIFORM,BOUNDED_UNIFORM_MUTATION,A.png,9,2,0.2000000030,0.1000000015,0.1000000015,256,256,100,112345,118345,119345,120345,8,0.6018973203,0.5920253465,6
combination_0_run_1,1,PARAMETER_UNIFORM,BOUNDED_UNIFORM_MUTATION,A.png,9,2,0.2000000030,0.1000000015,0.1000000015,256,256,100,112345,118345,119345,120345,9,0.6026113826,0.5944729626,3
combination_0_run_1,1,PARAMETER_UNIFORM,BOUNDED_UNIFORM_MUTATION,A.png,9,2,0.2000000030,0.1000000015,0.1000000015,256,256,100,112345,118345,119345,120345,10,0.5951491937,0.5920093288,8
combination_0_run_1,1,PARAMETER_UNIFORM,BOUNDED_UNIFORM_MUTATION,A.png,9,2,0.2000000030,0.1000000015,0.1000000015,256,256,100,112345,118345,119345,120345,11,0.5949232593,0.5917830208,1
combination_0_run_1,1,PARAMETER_UNIFORM,BOUNDED_UNIFORM_MUTATION,A.png,9,2,0.2000000030,0.1000000015,0.1000000015,256,256,100,112345,118345,119345,120345,12,0.5967659083,0.5917987512,2
combination_0_run_1,1,PARAMETER_UNIFORM,BOUNDED_UNIFORM_MUTATION,A.png,9,2,0.2000000030,0.1000000015,0.1000000015,256,256,100,112345,118345,119345,120345,13,0.5976405004,0.5913521511,5
combination_0_run_1,1,PARAMETER_UNIFORM,BOUNDED_UNIFORM_MUTATION,A.png,9,2,0.2000000030,0.1000000015,0.1000000015,256,256,100,112345,118345,119345,120345,14,0.5944526137,0.5895644464,0
combination_0_run_1,1,PARAMETER_UNIFORM,BOUNDED_UNIFORM_MUTATION,A.png,9,2,0.2000000030,0.1000000015,0.1000000015,256,256,100,112345,118345,119345,120345,15,0.5978503045,0.5900933595,5
combination_0_run_1,1,PARAMETER_UNIFORM,BOUNDED_UNIFORM_MUTATION,A.png,9,2,0.2000000030,0.1000000015,0.1000000015,256,256,100,112345,118345,119345,120345,16,0.6016476208,0.5936762570,7
combination_0_run_1,1,PARAMETER_UNIFORM,BOUNDED_UNIFORM_MUTATION,A.png,9,2,0.2000000030,0.1000000015,0.1000000015,256,256,100,112345,118345,119345,120345,17,0.6017799658,0.5896905433,0
combination_0_run_1,1,PARAMETER_UNIFORM,BOUNDED_UNIFORM_MUTATION,A.png,9,2,0.2000000030,0.1000000015,0.1000000015,256,256,100,112345,118345,119345,120345,18,0.6004223661,0.5900791832,0
combination_0_run_1,1,PARAMETER_UNIFORM,BOUNDED_UNIFORM_MUTATION,A.png,9,2,0.2000000030,0.1000000015,0.1000000015,256,256,100,112345,118345,119345,120345,19,0.5983720307,0.5903113266,6
combination_0_run_1,1,PARAMETER_UNIFORM,BOUNDED_UNIFORM_MUTATION,A.png,9,2,0.2000000030,0.1000000015,0.1000000015,256,256,100,112345,118345,119345,120345,20,0.5957970299,0.5894470647,3
combination_0_run_1,1,PARAMETER_UNIFORM,BOUNDED_UNIFORM_MUTATION,A.png,9,2,0.2000000030,0.1000000015,0.1000000015,256,256,100,112345,118345,119345,120345,21,0.5936587798,0.5898205916,1
combination_0_run_1,1,PARAMETER_UNIFORM,BOUNDED_UNIFORM_MUTATION,A.png,9,2,0.2000000030,0.1000000015,0.1000000015,256,256,100,112345,118345,119345,120345,22,0.5948241934,0.5890153062,8
combination_0_run_1,1,PARAMETER_UNIFORM,BOUNDED_UNIFORM_MUTATION,A.png,9,2,0.2000000030,0.1000000015,0.1000000015,256,256,100,112345,118345,119345,120345,23,0.5963464461,0.5882927061,5
combination_0_run_1,1,PARAMETER_UNIFORM,BOUNDED_UNIFORM_MUTATION,A.png,9,2,0.2000000030,0.1000000015,0.1000000015,256,256,100,112345,118345,119345,120345,24,0.6002487457,0.5900693488,5
combination_0_run_1,1,PARAMETER_UNIFORM,BOUNDED_UNIFORM_MUTATION,A.png,9,2,0.2000000030,0.1000000015,0.1000000015,256,256,100,112345,118345,119345,120345,25,0.5918381128,0.5879535705,6
combination_0_run_1,1,PARAMETER_UNIFORM,BOUNDED_UNIFORM_MUTATION,A.png,9,2,0.2000000030,0.1000000015,0.1000000015,256,256,100,112345,118345,119345,120345,26,0.5936261514,0.5876377965,8
combination_0_run_1,1,PARAMETER_UNIFORM,BOUNDED_UNIFORM_MUTATION,A.png,9,2,0.2000000030,0.1000000015,0.1000000015,256,256,100,112345,118345,119345,120345,27,0.5908044760,0.5867021937,0
combination_0_run_1,1,PARAMETER_UNIFORM,BOUNDED_UNIFORM_MUTATION,A.png,9,2,0.2000000030,0.1000000015,0.1000000015,256,256,100,112345,118345,119345,120345,28,0.5982630596,0.5869648632,4
combination_0_run_1,1,PARAMETER_UNIFORM,BOUNDED_UNIFORM_MUTATION,A.png,9,2,0.2000000030,0.1000000015,0.1000000015,256,256,100,112345,118345,119345,120345,29,0.5991345898,0.5864366646,6
combination_0_run_1,1,PARAMETER_UNIFORM,BOUNDED_UNIFORM_MUTATION,A.png,9,2,0.2000000030,0.1000000015,0.1000000015,256,256,100,112345,118345,119345,120345,30,0.5984654124,0.5863760887,8
combination_0_run_1,1,PARAMETER_UNIFORM,BOUNDED_UNIFORM_MUTATION,A.png,9,2,0.2000000030,0.1000000015,0.1000000015,256,256,100,112345,118345,119345,120345,31,0.5969258581,0.5862000782,7
combination_0_run_1,1,PARAMETER_UNIFORM,BOUNDED_UNIFORM_MUTATION,A.png,9,2,0.2000000030,0.1000000015,0.1000000015,256,256,100,112345,118345,119345,120345,32,0.5966413256,0.5807763801,3
combination_0_run_1,1,PARAMETER_UNIFORM,BOUNDED_UNIFORM_MUTATION,A.png,9,2,0.2000000030,0.1000000015,0.1000000015,256,256,100,112345,118345,119345,120345,33,0.5908243449,0.5824716296,3
combination_0_run_1,1,PARAMETER_UNIFORM,BOUNDED_UNIFORM_MUTATION,A.png,9,2,0.2000000030,0.1000000015,0.1000000015,256,256,100,112345,118345,119345,120345,34,0.5941029699,0.5865716866,2
combination_0_run_1,1,PARAMETER_UNIFORM,BOUNDED_UNIFORM_MUTATION,A.png,9,2,0.2000000030,0.1000000015,0.1000000015,256,256,100,112345,118345,119345,120345,35,0.5977400046,0.5884334351,2
combination_0_run_1,1,PARAMETER_UNIFORM,BOUNDED_UNIFORM_MUTATION,A.png,9,2,0.2000000030,0.1000000015,0.1000000015,256,256,100,112345,118345,119345,120345,36,0.5948085272,0.5867595750,1
combination_0_run_1,1,PARAMETER_UNIFORM,BOUNDED_UNIFORM_MUTATION,A.png,9,2,0.2000000030,0.1000000015,0.1000000015,256,256,100,112345,118345,119345,120345,37,0.5978737315,0.5908578590,6
combination_0_run_1,1,PARAMETER_UNIFORM,BOUNDED_UNIFORM_MUTATION,A.png,9,2,0.2000000030,0.1000000015,0.1000000015,256,256,100,112345,118345,119345,120345,38,0.5942636593,0.5846717040,0
combination_0_run_1,1,PARAMETER_UNIFORM,BOUNDED_UNIFORM_MUTATION,A.png,9,2,0.2000000030,0.1000000015,0.1000000015,256,256,100,112345,118345,119345,120345,39,0.5958109233,0.5829257687,5
combination_0_run_1,1,PARAMETER_UNIFORM,BOUNDED_UNIFORM_MUTATION,A.png,9,2,0.2000000030,0.1000000015,0.1000000015,256,256,100,112345,118345,119345,120345,40,0.5914697351,0.5819647006,3
combination_0_run_1,1,PARAMETER_UNIFORM,BOUNDED_UNIFORM_MUTATION,A.png,9,2,0.2000000030,0.1000000015,0.1000000015,256,256,100,112345,118345,119345,120345,41,0.5927905162,0.5834211520,5
combination_0_run_1,1,PARAMETER_UNIFORM,BOUNDED_UNIFORM_MUTATION,A.png,9,2,0.2000000030,0.1000000015,0.1000000015,256,256,100,112345,118345,119345,120345,42,0.5966422390,0.5846074741,2
combination_0_run_1,1,PARAMETER_UNIFORM,BOUNDED_UNIFORM_MUTATION,A.png,9,2,0.2000000030,0.1000000015,0.1000000015,256,256,100,112345,118345,119345,120345,43,0.5941571403,0.5856996289,8
combination_0_run_1,1,PARAMETER_UNIFORM,BOUNDED_UNIFORM_MUTATION,A.png,9,2,0.2000000030,0.1000000015,0.1000000015,256,256,100,112345,118345,119345,120345,44,0.5961689323,0.5847605697,3
combination_0_run_1,1,PARAMETER_UNIFORM,BOUNDED_UNIFORM_MUTATION,A.png,9,2,0.2000000030,0.1000000015,0.1000000015,256,256,100,112345,118345,119345,120345,45,0.5936397844,0.5853039814,4
combination_0_run_1,1,PARAMETER_UNIFORM,BOUNDED_UNIFORM_MUTATION,A.png,9,2,0.2000000030,0.1000000015,0.1000000015,256,256,100,112345,118345,119345,120345,46,0.5926159708,0.5871525329,0
combination_0_run_1,1,PARAMETER_UNIFORM,BOUNDED_UNIFORM_MUTATION,A.png,9,2,0.2000000030,0.1000000015,0.1000000015,256,256,100,112345,118345,119345,120345,47,0.5903076662,0.5848633659,1
combination_0_run_1,1,PARAMETER_UNIFORM,BOUNDED_UNIFORM_MUTATION,A.png,9,2,0.2000000030,0.1000000015,0.1000000015,256,256,100,112345,118345,119345,120345,48,0.5956906968,0.5853708893,1
combination_0_run_1,1,PARAMETER_UNIFORM,BOUNDED_UNIFORM_MUTATION,A.png,9,2,0.2000000030,0.1000000015,0.1000000015,256,256,100,112345,118345,119345,120345,49,0.5944909909,0.5849000495,3
combination_0_run_1,1,PARAMETER_UNIFORM,BOUNDED_UNIFORM_MUTATION,A.png,9,2,0.2000000030,0.1000000015,0.1000000015,256,256,100,112345,118345,119345,120345,50,0.5914760573,0.5860622535,3
combination_0_run_1,1,PARAMETER_UNIFORM,BOUNDED_UNIFORM_MUTATION,A.png,9,2,0.2000000030,0.1000000015,0.1000000015,256,256,100,112345,118345,119345,120345,51,0.5953877404,0.5868715437,0
combination_0_run_1,1,PARAMETER_UNIFORM,BOUNDED_UNIFORM_MUTATION,A.png,9,2,0.2000000030,0.1000000015,0.1000000015,256,256,100,112345,118345,119345,120345,52,0.5985505777,0.5879223265,3
combination_0_run_1,1,PARAMETER_UNIFORM,BOUNDED_UNIFORM_MUTATION,A.png,9,2,0.2000000030,0.1000000015,0.1000000015,256,256,100,112345,118345,119345,120345,53,0.5983744735,0.5856228458,5
combination_0_run_1,1,PARAMETER_UNIFORM,BOUNDED_UNIFORM_MUTATION,A.png,9,2,0.2000000030,0.1000000015,0.1000000015,256,256,100,112345,118345,119345,120345,54,0.6041784593,0.5863086444,8
combination_0_run_1,1,PARAMETER_UNIFORM,BOUNDED_UNIFORM_MUTATION,A.png,9,2,0.2000000030,0.1000000015,0.1000000015,256,256,100,112345,118345,119345,120345,55,0.5893233224,0.5840517463,2
combination_0_run_1,1,PARAMETER_UNIFORM,BOUNDED_UNIFORM_MUTATION,A.png,9,2,0.2000000030,0.1000000015,0.1000000015,256,256,100,112345,118345,119345,120345,56,0.5906188449,0.5834221983,7
combination_0_run_1,1,PARAMETER_UNIFORM,BOUNDED_UNIFORM_MUTATION,A.png,9,2,0.2000000030,0.1000000015,0.1000000015,256,256,100,112345,118345,119345,120345,57,0.5947119356,0.5849630592,0
combination_0_run_1,1,PARAMETER_UNIFORM,BOUNDED_UNIFORM_MUTATION,A.png,9,2,0.2000000030,0.1000000015,0.1000000015,256,256,100,112345,118345,119345,120345,58,0.5961153780,0.5865719508,6
combination_0_run_1,1,PARAMETER_UNIFORM,BOUNDED_UNIFORM_MUTATION,A.png,9,2,0.2000000030,0.1000000015,0.1000000015,256,256,100,112345,118345,119345,120345,59,0.5893562806,0.5849899611,6
combination_0_run_1,1,PARAMETER_UNIFORM,BOUNDED_UNIFORM_MUTATION,A.png,9,2,0.2000000030,0.1000000015,0.1000000015,256,256,100,112345,118345,119345,120345,60,0.5952251318,0.5855075158,1
combination_0_run_1,1,PARAMETER_UNIFORM,BOUNDED_UNIFORM_MUTATION,A.png,9,2,0.2000000030,0.1000000015,0.1000000015,256,256,100,112345,118345,119345,120345,61,0.5943928848,0.5858883461,4
combination_0_run_1,1,PARAMETER_UNIFORM,BOUNDED_UNIFORM_MUTATION,A.png,9,2,0.2000000030,0.1000000015,0.1000000015,256,256,100,112345,118345,119345,120345,62,0.5916565533,0.5879086394,7
combination_0_run_1,1,PARAMETER_UNIFORM,BOUNDED_UNIFORM_MUTATION,A.png,9,2,0.2000000030,0.1000000015,0.1000000015,256,256,100,112345,118345,119345,120345,63,0.5918046073,0.5844010905,7
combination_0_run_1,1,PARAMETER_UNIFORM,BOUNDED_UNIFORM_MUTATION,A.png,9,2,0.2000000030,0.1000000015,0.1000000015,256,256,100,112345,118345,119345,120345,64,0.5938364295,0.5874981784,0
combination_0_run_1,1,PARAMETER_UNIFORM,BOUNDED_UNIFORM_MUTATION,A.png,9,2,0.2000000030,0.1000000015,0.1000000015,256,256,100,112345,118345,119345,120345,65,0.6004395412,0.5864358476,6
combination_0_run_1,1,PARAMETER_UNIFORM,BOUNDED_UNIFORM_MUTATION,A.png,9,2,0.2000000030,0.1000000015,0.1000000015,256,256,100,112345,118345,119345,120345,66,0.6004395412,0.5894138205,1
combination_0_run_1,1,PARAMETER_UNIFORM,BOUNDED_UNIFORM_MUTATION,A.png,9,2,0.2000000030,0.1000000015,0.1000000015,256,256,100,112345,118345,119345,120345,67,0.6017238748,0.5874375709,4
combination_0_run_1,1,PARAMETER_UNIFORM,BOUNDED_UNIFORM_MUTATION,A.png,9,2,0.2000000030,0.1000000015,0.1000000015,256,256,100,112345,118345,119345,120345,68,0.6016564138,0.5876746991,5
combination_0_run_1,1,PARAMETER_UNIFORM,BOUNDED_UNIFORM_MUTATION,A.png,9,2,0.2000000030,0.1000000015,0.1000000015,256,256,100,112345,118345,119345,120345,69,0.6021836200,0.5872178418,6
combination_0_run_1,1,PARAMETER_UNIFORM,BOUNDED_UNIFORM_MUTATION,A.png,9,2,0.2000000030,0.1000000015,0.1000000015,256,256,100,112345,118345,119345,120345,70,0.6021836200,0.5924849509,1
combination_0_run_1,1,PARAMETER_UNIFORM,BOUNDED_UNIFORM_MUTATION,A.png,9,2,0.2000000030,0.1000000015,0.1000000015,256,256,100,112345,118345,119345,120345,71,0.5980461684,0.5848218320,6
combination_0_run_1,1,PARAMETER_UNIFORM,BOUNDED_UNIFORM_MUTATION,A.png,9,2,0.2000000030,0.1000000015,0.1000000015,256,256,100,112345,118345,119345,120345,72,0.5930155465,0.5850030713,3
combination_0_run_1,1,PARAMETER_UNIFORM,BOUNDED_UNIFORM_MUTATION,A.png,9,2,0.2000000030,0.1000000015,0.1000000015,256,256,100,112345,118345,119345,120345,73,0.6002976466,0.5869908202,8
combination_0_run_1,1,PARAMETER_UNIFORM,BOUNDED_UNIFORM_MUTATION,A.png,9,2,0.2000000030,0.1000000015,0.1000000015,256,256,100,112345,118345,119345,120345,74,0.6011417403,0.5896046358,0
combination_0_run_1,1,PARAMETER_UNIFORM,BOUNDED_UNIFORM_MUTATION,A.png,9,2,0.2000000030,0.1000000015,0.1000000015,256,256,100,112345,118345,119345,120345,75,0.6026497286,0.5916717842,3
combination_0_run_1,1,PARAMETER_UNIFORM,BOUNDED_UNIFORM_MUTATION,A.png,9,2,0.2000000030,0.1000000015,0.1000000015,256,256,100,112345,118345,119345,120345,76,0.6023240229,0.5883141592,7
combination_0_run_1,1,PARAMETER_UNIFORM,BOUNDED_UNIFORM_MUTATION,A.png,9,2,0.2000000030,0.1000000015,0.1000000015,256,256,100,112345,118345,119345,120345,77,0.5955766035,0.5907556708,4
combination_0_run_1,1,PARAMETER_UNIFORM,BOUNDED_UNIFORM_MUTATION,A.png,9,2,0.2000000030,0.1000000015,0.1000000015,256,256,100,112345,118345,119345,120345,78,0.6030615074,0.5886839343,8
combination_0_run_1,1,PARAMETER_UNIFORM,BOUNDED_UNIFORM_MUTATION,A.png,9,2,0.2000000030,0.1000000015,0.1000000015,256,256,100,112345,118345,119345,120345,79,0.6013808596,0.5891800957,2
combination_0_run_1,1,PARAMETER_UNIFORM,BOUNDED_UNIFORM_MUTATION,A.png,9,2,0.2000000030,0.1000000015,0.1000000015,256,256,100,112345,118345,119345,120345,80,0.6027453024,0.5888945055,6
combination_0_run_1,1,PARAMETER_UNIFORM,BOUNDED_UNIFORM_MUTATION,A.png,9,2,0.2000000030,0.1000000015,0.1000000015,256,256,100,112345,118345,119345,120345,81,0.5970262335,0.5885167070,6
combination_0_run_1,1,PARAMETER_UNIFORM,BOUNDED_UNIFORM_MUTATION,A.png,9,2,0.2000000030,0.1000000015,0.1000000015,256,256,100,112345,118345,119345,120345,82,0.5939579100,0.5880031460,3
combination_0_run_1,1,PARAMETER_UNIFORM,BOUNDED_UNIFORM_MUTATION,A.png,9,2,0.2000000030,0.1000000015,0.1000000015,256,256,100,112345,118345,119345,120345,83,0.5921884071,0.5887991421,4
combination_0_run_1,1,PARAMETER_UNIFORM,BOUNDED_UNIFORM_MUTATION,A.png,9,2,0.2000000030,0.1000000015,0.1000000015,256,256,100,112345,118345,119345,120345,84,0.5927617109,0.5872593534,4
combination_0_run_1,1,PARAMETER_UNIFORM,BOUNDED_UNIFORM_MUTATION,A.png,9,2,0.2000000030,0.1000000015,0.1000000015,256,256,100,112345,118345,119345,120345,85,0.5916459868,0.5871239574,3
combination_0_run_1,1,PARAMETER_UNIFORM,BOUNDED_UNIFORM_MUTATION,A.png,9,2,0.2000000030,0.1000000015,0.1000000015,256,256,100,112345,118345,119345,120345,86,0.5945145850,0.5896960101,3
combination_0_run_1,1,PARAMETER_UNIFORM,BOUNDED_UNIFORM_MUTATION,A.png,9,2,0.2000000030,0.1000000015,0.1000000015,256,256,100,112345,118345,119345,120345,87,0.5935744802,0.5898548433,7
combination_0_run_1,1,PARAMETER_UNIFORM,BOUNDED_UNIFORM_MUTATION,A.png,9,2,0.2000000030,0.1000000015,0.1000000015,256,256,100,112345,118345,119345,120345,88,0.5970268399,0.5899579988,3
combination_0_run_1,1,PARAMETER_UNIFORM,BOUNDED_UNIFORM_MUTATION,A.png,9,2,0.2000000030,0.1000000015,0.1000000015,256,256,100,112345,118345,119345,120345,89,0.5954823890,0.5878789448,2
combination_0_run_1,1,PARAMETER_UNIFORM,BOUNDED_UNIFORM_MUTATION,A.png,9,2,0.2000000030,0.1000000015,0.1000000015,256,256,100,112345,118345,119345,120345,90,0.5928291629,0.5886127103,5
combination_0_run_1,1,PARAMETER_UNIFORM,BOUNDED_UNIFORM_MUTATION,A.png,9,2,0.2000000030,0.1000000015,0.1000000015,256,256,100,112345,118345,119345,120345,91,0.6007499010,0.5900819709,3
combination_0_run_1,1,PARAMETER_UNIFORM,BOUNDED_UNIFORM_MUTATION,A.png,9,2,0.2000000030,0.1000000015,0.1000000015,256,256,100,112345,118345,119345,120345,92,0.5990938219,0.5898317565,5
combination_0_run_1,1,PARAMETER_UNIFORM,BOUNDED_UNIFORM_MUTATION,A.png,9,2,0.2000000030,0.1000000015,0.1000000015,256,256,100,112345,118345,119345,120345,93,0.5942021534,0.5899498602,6
combination_0_run_1,1,PARAMETER_UNIFORM,BOUNDED_UNIFORM_MUTATION,A.png,9,2,0.2000000030,0.1000000015,0.1000000015,256,256,100,112345,118345,119345,120345,94,0.5985812841,0.5918272885,4
combination_0_run_1,1,PARAMETER_UNIFORM,BOUNDED_UNIFORM_MUTATION,A.png,9,2,0.2000000030,0.1000000015,0.1000000015,256,256,100,112345,118345,119345,120345,95,0.5939416808,0.5909123923,6
combination_0_run_1,1,PARAMETER_UNIFORM,BOUNDED_UNIFORM_MUTATION,A.png,9,2,0.2000000030,0.1000000015,0.1000000015,256,256,100,112345,118345,119345,120345,96,0.5963802147,0.5930632422,1
combination_0_run_1,1,PARAMETER_UNIFORM,BOUNDED_UNIFORM_MUTATION,A.png,9,2,0.2000000030,0.1000000015,0.1000000015,256,256,100,112345,118345,119345,120345,97,0.5972503347,0.5924669690,6
combination_0_run_1,1,PARAMETER_UNIFORM,BOUNDED_UNIFORM_MUTATION,A.png,9,2,0.2000000030,0.1000000015,0.1000000015,256,256,100,112345,118345,119345,120345,98,0.5950275835,0.5920266204,7
combination_0_run_1,1,PARAMETER_UNIFORM,BOUNDED_UNIFORM_MUTATION,A.png,9,2,0.2000000030,0.1000000015,0.1000000015,256,256,100,112345,118345,119345,120345,99,0.5961969206,0.5925849962,6
combination_0_run_1,1,PARAMETER_UNIFORM,BOUNDED_UNIFORM_MUTATION,A.png,9,2,0.2000000030,0.1000000015,0.1000000015,256,256,100,112345,118345,119345,120345,100,0.5985584097,0.5936562952,0
combination_0_run_2,2,PARAMETER_UNIFORM,BOUNDED_UNIFORM_MUTATION,A.png,9,2,0.2000000030,0.1000000015,0.1000000015,256,256,100,212345,218345,219345,220345,0,0.6065523082,0.5861253505,1
combination_0_run_2,2,PARAMETER_UNIFORM,BOUNDED_UNIFORM_MUTATION,A.png,9,2,0.2000000030,0.1000000015,0.1000000015,256,256,100,212345,218345,219345,220345,1,0.6012567936,0.5913701245,5
combination_0_run_2,2,PARAMETER_UNIFORM,BOUNDED_UNIFORM_MUTATION,A.png,9,2,0.2000000030,0.1000000015,0.1000000015,256,256,100,212345,218345,219345,220345,2,0.6009728308,0.5879387194,0
combination_0_run_2,2,PARAMETER_UNIFORM,BOUNDED_UNIFORM_MUTATION,A.png,9,2,0.2000000030,0.1000000015,0.1000000015,256,256,100,212345,218345,219345,220345,3,0.5991767131,0.5834191776,2
combination_0_run_2,2,PARAMETER_UNIFORM,BOUNDED_UNIFORM_MUTATION,A.png,9,2,0.2000000030,0.1000000015,0.1000000015,256,256,100,212345,218345,219345,220345,4,0.5985827833,0.5841107115,7
combination_0_run_2,2,PARAMETER_UNIFORM,BOUNDED_UNIFORM_MUTATION,A.png,9,2,0.2000000030,0.1000000015,0.1000000015,256,256,100,212345,218345,219345,220345,5,0.6034765301,0.5860824081,7
combination_0_run_2,2,PARAMETER_UNIFORM,BOUNDED_UNIFORM_MUTATION,A.png,9,2,0.2000000030,0.1000000015,0.1000000015,256,256,100,212345,218345,219345,220345,6,0.6025502224,0.5846535129,1
combination_0_run_2,2,PARAMETER_UNIFORM,BOUNDED_UNIFORM_MUTATION,A.png,9,2,0.2000000030,0.1000000015,0.1000000015,256,256,100,212345,218345,219345,220345,7,0.6015313760,0.5865077572,0
combination_0_run_2,2,PARAMETER_UNIFORM,BOUNDED_UNIFORM_MUTATION,A.png,9,2,0.2000000030,0.1000000015,0.1000000015,256,256,100,212345,218345,219345,220345,8,0.5999546002,0.5925304539,1
combination_0_run_2,2,PARAMETER_UNIFORM,BOUNDED_UNIFORM_MUTATION,A.png,9,2,0.2000000030,0.1000000015,0.1000000015,256,256,100,212345,218345,219345,220345,9,0.5979040900,0.5832104725,5
combination_0_run_2,2,PARAMETER_UNIFORM,BOUNDED_UNIFORM_MUTATION,A.png,9,2,0.2000000030,0.1000000015,0.1000000015,256,256,100,212345,218345,219345,220345,10,0.5998097345,0.5821486737,7
combination_0_run_2,2,PARAMETER_UNIFORM,BOUNDED_UNIFORM_MUTATION,A.png,9,2,0.2000000030,0.1000000015,0.1000000015,256,256,100,212345,218345,219345,220345,11,0.6006844924,0.5832864315,0
combination_0_run_2,2,PARAMETER_UNIFORM,BOUNDED_UNIFORM_MUTATION,A.png,9,2,0.2000000030,0.1000000015,0.1000000015,256,256,100,212345,218345,219345,220345,12,0.5891451924,0.5815120402,7
combination_0_run_2,2,PARAMETER_UNIFORM,BOUNDED_UNIFORM_MUTATION,A.png,9,2,0.2000000030,0.1000000015,0.1000000015,256,256,100,212345,218345,219345,220345,13,0.5895113663,0.5786156780,2
combination_0_run_2,2,PARAMETER_UNIFORM,BOUNDED_UNIFORM_MUTATION,A.png,9,2,0.2000000030,0.1000000015,0.1000000015,256,256,100,212345,218345,219345,220345,14,0.5949346291,0.5827157728,5
combination_0_run_2,2,PARAMETER_UNIFORM,BOUNDED_UNIFORM_MUTATION,A.png,9,2,0.2000000030,0.1000000015,0.1000000015,256,256,100,212345,218345,219345,220345,15,0.5940339441,0.5822835915,3
combination_0_run_2,2,PARAMETER_UNIFORM,BOUNDED_UNIFORM_MUTATION,A.png,9,2,0.2000000030,0.1000000015,0.1000000015,256,256,100,212345,218345,219345,220345,16,0.5892698800,0.5811752603,3
combination_0_run_2,2,PARAMETER_UNIFORM,BOUNDED_UNIFORM_MUTATION,A.png,9,2,0.2000000030,0.1000000015,0.1000000015,256,256,100,212345,218345,219345,220345,17,0.6002526239,0.5814658199,8
combination_0_run_2,2,PARAMETER_UNIFORM,BOUNDED_UNIFORM_MUTATION,A.png,9,2,0.2000000030,0.1000000015,0.1000000015,256,256,100,212345,218345,219345,220345,18,0.6008759124,0.5869856264,4
combination_0_run_2,2,PARAMETER_UNIFORM,BOUNDED_UNIFORM_MUTATION,A.png,9,2,0.2000000030,0.1000000015,0.1000000015,256,256,100,212345,218345,219345,220345,19,0.6000120567,0.5897050878,3
combination_0_run_2,2,PARAMETER_UNIFORM,BOUNDED_UNIFORM_MUTATION,A.png,9,2,0.2000000030,0.1000000015,0.1000000015,256,256,100,212345,218345,219345,220345,20,0.5999373922,0.5862456442,3
combination_0_run_2,2,PARAMETER_UNIFORM,BOUNDED_UNIFORM_MUTATION,A.png,9,2,0.2000000030,0.1000000015,0.1000000015,256,256,100,212345,218345,219345,220345,21,0.5953650859,0.5840144523,6
combination_0_run_2,2,PARAMETER_UNIFORM,BOUNDED_UNIFORM_MUTATION,A.png,9,2,0.2000000030,0.1000000015,0.1000000015,256,256,100,212345,218345,219345,220345,22,0.5853411451,0.5806669118,5
combination_0_run_2,2,PARAMETER_UNIFORM,BOUNDED_UNIFORM_MUTATION,A.png,9,2,0.2000000030,0.1000000015,0.1000000015,256,256,100,212345,218345,219345,220345,23,0.5857484111,0.5800776052,8
combination_0_run_2,2,PARAMETER_UNIFORM,BOUNDED_UNIFORM_MUTATION,A.png,9,2,0.2000000030,0.1000000015,0.1000000015,256,256,100,212345,218345,219345,220345,24,0.5933182687,0.5811814717,8
combination_0_run_2,2,PARAMETER_UNIFORM,BOUNDED_UNIFORM_MUTATION,A.png,9,2,0.2000000030,0.1000000015,0.1000000015,256,256,100,212345,218345,219345,220345,25,0.5927632342,0.5801125962,2
combination_0_run_2,2,PARAMETER_UNIFORM,BOUNDED_UNIFORM_MUTATION,A.png,9,2,0.2000000030,0.1000000015,0.1000000015,256,256,100,212345,218345,219345,220345,26,0.5904523298,0.5809609870,1
combination_0_run_2,2,PARAMETER_UNIFORM,BOUNDED_UNIFORM_MUTATION,A.png,9,2,0.2000000030,0.1000000015,0.1000000015,256,256,100,212345,218345,219345,220345,27,0.5918866746,0.5823108237,0
combination_0_run_2,2,PARAMETER_UNIFORM,BOUNDED_UNIFORM_MUTATION,A.png,9,2,0.2000000030,0.1000000015,0.1000000015,256,256,100,212345,218345,219345,220345,28,0.5957557638,0.5840386581,4
combination_0_run_2,2,PARAMETER_UNIFORM,BOUNDED_UNIFORM_MUTATION,A.png,9,2,0.2000000030,0.1000000015,0.1000000015,256,256,100,212345,218345,219345,220345,29,0.5913369545,0.5852614878,1
combination_0_run_2,2,PARAMETER_UNIFORM,BOUNDED_UNIFORM_MUTATION,A.png,9,2,0.2000000030,0.1000000015,0.1000000015,256,256,100,212345,218345,219345,220345,30,0.5939024975,0.5862891115,6
combination_0_run_2,2,PARAMETER_UNIFORM,BOUNDED_UNIFORM_MUTATION,A.png,9,2,0.2000000030,0.1000000015,0.1000000015,256,256,100,212345,218345,219345,220345,31,0.5946864864,0.5850812988,5
combination_0_run_2,2,PARAMETER_UNIFORM,BOUNDED_UNIFORM_MUTATION,A.png,9,2,0.2000000030,0.1000000015,0.1000000015,256,256,100,212345,218345,219345,220345,32,0.5901566065,0.5842414019,5
combination_0_run_2,2,PARAMETER_UNIFORM,BOUNDED_UNIFORM_MUTATION,A.png,9,2,0.2000000030,0.1000000015,0.1000000015,256,256,100,212345,218345,219345,220345,33,0.5908530278,0.5868000791,8
combination_0_run_2,2,PARAMETER_UNIFORM,BOUNDED_UNIFORM_MUTATION,A.png,9,2,0.2000000030,0.1000000015,0.1000000015,256,256,100,212345,218345,219345,220345,34,0.5908746091,0.5858516944,3
combination_0_run_2,2,PARAMETER_UNIFORM,BOUNDED_UNIFORM_MUTATION,A.png,9,2,0.2000000030,0.1000000015,0.1000000015,256,256,100,212345,218345,219345,220345,35,0.5908496652,0.5851544182,5
combination_0_run_2,2,PARAMETER_UNIFORM,BOUNDED_UNIFORM_MUTATION,A.png,9,2,0.2000000030,0.1000000015,0.1000000015,256,256,100,212345,218345,219345,220345,36,0.5907624433,0.5850934331,6
combination_0_run_2,2,PARAMETER_UNIFORM,BOUNDED_UNIFORM_MUTATION,A.png,9,2,0.2000000030,0.1000000015,0.1000000015,256,256,100,212345,218345,219345,220345,37,0.5916062592,0.5845028836,3
combination_0_run_2,2,PARAMETER_UNIFORM,BOUNDED_UNIFORM_MUTATION,A.png,9,2,0.2000000030,0.1000000015,0.1000000015,256,256,100,212345,218345,219345,220345,38,0.5895700633,0.5825477222,0
combination_0_run_2,2,PARAMETER_UNIFORM,BOUNDED_UNIFORM_MUTATION,A.png,9,2,0.2000000030,0.1000000015,0.1000000015,256,256,100,212345,218345,219345,220345,39,0.5865887992,0.5819986312,2
combination_0_run_2,2,PARAMETER_UNIFORM,BOUNDED_UNIFORM_MUTATION,A.png,9,2,0.2000000030,0.1000000015,0.1000000015,256,256,100,212345,218345,219345,220345,40,0.5896890642,0.5825718029,6
combination_0_run_2,2,PARAMETER_UNIFORM,BOUNDED_UNIFORM_MUTATION,A.png,9,2,0.2000000030,0.1000000015,0.1000000015,256,256,100,212345,218345,219345,220345,41,0.5903980206,0.5829199914,0
combination_0_run_2,2,PARAMETER_UNIFORM,BOUNDED_UNIFORM_MUTATION,A.png,9,2,0.2000000030,0.1000000015,0.1000000015,256,256,100,212345,218345,219345,220345,42,0.5859357083,0.5825762249,3
combination_0_run_2,2,PARAMETER_UNIFORM,BOUNDED_UNIFORM_MUTATION,A.png,9,2,0.2000000030,0.1000000015,0.1000000015,256,256,100,212345,218345,219345,220345,43,0.5938286871,0.5835362215,4
combination_0_run_2,2,PARAMETER_UNIFORM,BOUNDED_UNIFORM_MUTATION,A.png,9,2,0.2000000030,0.1000000015,0.1000000015,256,256,100,212345,218345,219345,220345,44,0.5878118885,0.5837253047,5
combination_0_run_2,2,PARAMETER_UNIFORM,BOUNDED_UNIFORM_MUTATION,A.png,9,2,0.2000000030,0.1000000015,0.1000000015,256,256,100,212345,218345,219345,220345,45,0.5869315193,0.5826505998,5
combination_0_run_2,2,PARAMETER_UNIFORM,BOUNDED_UNIFORM_MUTATION,A.png,9,2,0.2000000030,0.1000000015,0.1000000015,256,256,100,212345,218345,219345,220345,46,0.5882122650,0.5827624931,6
combination_0_run_2,2,PARAMETER_UNIFORM,BOUNDED_UNIFORM_MUTATION,A.png,9,2,0.2000000030,0.1000000015,0.1000000015,256,256,100,212345,218345,219345,220345,47,0.5897597499,0.5840195163,4
combination_0_run_2,2,PARAMETER_UNIFORM,BOUNDED_UNIFORM_MUTATION,A.png,9,2,0.2000000030,0.1000000015,0.1000000015,256,256,100,212345,218345,219345,220345,48,0.5903692071,0.5837362747,3
combination_0_run_2,2,PARAMETER_UNIFORM,BOUNDED_UNIFORM_MUTATION,A.png,9,2,0.2000000030,0.1000000015,0.1000000015,256,256,100,212345,218345,219345,220345,49,0.5879338293,0.5811491568,3
combination_0_run_2,2,PARAMETER_UNIFORM,BOUNDED_UNIFORM_MUTATION,A.png,9,2,0.2000000030,0.1000000015,0.1000000015,256,256,100,212345,218345,219345,220345,50,0.5870886959,0.5802983625,0
combination_0_run_2,2,PARAMETER_UNIFORM,BOUNDED_UNIFORM_MUTATION,A.png,9,2,0.2000000030,0.1000000015,0.1000000015,256,256,100,212345,218345,219345,220345,51,0.5889027008,0.5828459346,7
combination_0_run_2,2,PARAMETER_UNIFORM,BOUNDED_UNIFORM_MUTATION,A.png,9,2,0.2000000030,0.1000000015,0.1000000015,256,256,100,212345,218345,219345,220345,52,0.5893143046,0.5844252546,4
combination_0_run_2,2,PARAMETER_UNIFORM,BOUNDED_UNIFORM_MUTATION,A.png,9,2,0.2000000030,0.1000000015,0.1000000015,256,256,100,212345,218345,219345,220345,53,0.5899472120,0.5860970480,6
combination_0_run_2,2,PARAMETER_UNIFORM,BOUNDED_UNIFORM_MUTATION,A.png,9,2,0.2000000030,0.1000000015,0.1000000015,256,256,100,212345,218345,219345,220345,54,0.5935512210,0.5857885765,1
combination_0_run_2,2,PARAMETER_UNIFORM,BOUNDED_UNIFORM_MUTATION,A.png,9,2,0.2000000030,0.1000000015,0.1000000015,256,256,100,212345,218345,219345,220345,55,0.5935276548,0.5855790241,1
combination_0_run_2,2,PARAMETER_UNIFORM,BOUNDED_UNIFORM_MUTATION,A.png,9,2,0.2000000030,0.1000000015,0.1000000015,256,256,100,212345,218345,219345,220345,56,0.5904827476,0.5858792048,8
combination_0_run_2,2,PARAMETER_UNIFORM,BOUNDED_UNIFORM_MUTATION,A.png,9,2,0.2000000030,0.1000000015,0.1000000015,256,256,100,212345,218345,219345,220345,57,0.5917708122,0.5863828908,7
combination_0_run_2,2,PARAMETER_UNIFORM,BOUNDED_UNIFORM_MUTATION,A.png,9,2,0.2000000030,0.1000000015,0.1000000015,256,256,100,212345,218345,219345,220345,58,0.5909437365,0.5843603780,1
combination_0_run_2,2,PARAMETER_UNIFORM,BOUNDED_UNIFORM_MUTATION,A.png,9,2,0.2000000030,0.1000000015,0.1000000015,256,256,100,212345,218345,219345,220345,59,0.5908046243,0.5866016363,4
combination_0_run_2,2,PARAMETER_UNIFORM,BOUNDED_UNIFORM_MUTATION,A.png,9,2,0.2000000030,0.1000000015,0.1000000015,256,256,100,212345,218345,219345,220345,60,0.5924560378,0.5883287741,2
combination_0_run_2,2,PARAMETER_UNIFORM,BOUNDED_UNIFORM_MUTATION,A.png,9,2,0.2000000030,0.1000000015,0.1000000015,256,256,100,212345,218345,219345,220345,61,0.5944472279,0.5883400453,8
combination_0_run_2,2,PARAMETER_UNIFORM,BOUNDED_UNIFORM_MUTATION,A.png,9,2,0.2000000030,0.1000000015,0.1000000015,256,256,100,212345,218345,219345,220345,62,0.5972541298,0.5886192238,3
combination_0_run_2,2,PARAMETER_UNIFORM,BOUNDED_UNIFORM_MUTATION,A.png,9,2,0.2000000030,0.1000000015,0.1000000015,256,256,100,212345,218345,219345,220345,63,0.5962287493,0.5888883315,4
combination_0_run_2,2,PARAMETER_UNIFORM,BOUNDED_UNIFORM_MUTATION,A.png,9,2,0.2000000030,0.1000000015,0.1000000015,256,256,100,212345,218345,219345,220345,64,0.5959000246,0.5868796534,1
combination_0_run_2,2,PARAMETER_UNIFORM,BOUNDED_UNIFORM_MUTATION,A.png,9,2,0.2000000030,0.1000000015,0.1000000015,256,256,100,212345,218345,219345,220345,65,0.5974560542,0.5886548254,1
combination_0_run_2,2,PARAMETER_UNIFORM,BOUNDED_UNIFORM_MUTATION,A.png,9,2,0.2000000030,0.1000000015,0.1000000015,256,256,100,212345,218345,219345,220345,66,0.5937150927,0.5871438476,6
combination_0_run_2,2,PARAMETER_UNIFORM,BOUNDED_UNIFORM_MUTATION,A.png,9,2,0.2000000030,0.1000000015,0.1000000015,256,256,100,212345,218345,219345,220345,67,0.5944887555,0.5893540217,7
combination_0_run_2,2,PARAMETER_UNIFORM,BOUNDED_UNIFORM_MUTATION,A.png,9,2,0.2000000030,0.1000000015,0.1000000015,256,256,100,212345,218345,219345,220345,68,0.5984624957,0.5917557162,4
combination_0_run_2,2,PARAMETER_UNIFORM,BOUNDED_UNIFORM_MUTATION,A.png,9,2,0.2000000030,0.1000000015,0.1000000015,256,256,100,212345,218345,219345,220345,69,0.6004654398,0.5920720247,0
combination_0_run_2,2,PARAMETER_UNIFORM,BOUNDED_UNIFORM_MUTATION,A.png,9,2,0.2000000030,0.1000000015,0.1000000015,256,256,100,212345,218345,219345,220345,70,0.6003312949,0.5940143410,7
combination_0_run_2,2,PARAMETER_UNIFORM,BOUNDED_UNIFORM_MUTATION,A.png,9,2,0.2000000030,0.1000000015,0.1000000015,256,256,100,212345,218345,219345,220345,71,0.6019378987,0.5963206513,6
combination_0_run_2,2,PARAMETER_UNIFORM,BOUNDED_UNIFORM_MUTATION,A.png,9,2,0.2000000030,0.1000000015,0.1000000015,256,256,100,212345,218345,219345,220345,72,0.6014535562,0.5955406329,0
combination_0_run_2,2,PARAMETER_UNIFORM,BOUNDED_UNIFORM_MUTATION,A.png,9,2,0.2000000030,0.1000000015,0.1000000015,256,256,100,212345,218345,219345,220345,73,0.5997453065,0.5957461263,7
combination_0_run_2,2,PARAMETER_UNIFORM,BOUNDED_UNIFORM_MUTATION,A.png,9,2,0.2000000030,0.1000000015,0.1000000015,256,256,100,212345,218345,219345,220345,74,0.6021390400,0.5965001546,1
combination_0_run_2,2,PARAMETER_UNIFORM,BOUNDED_UNIFORM_MUTATION,A.png,9,2,0.2000000030,0.1000000015,0.1000000015,256,256,100,212345,218345,219345,220345,75,0.6030175648,0.5968136720,7
combination_0_run_2,2,PARAMETER_UNIFORM,BOUNDED_UNIFORM_MUTATION,A.png,9,2,0.2000000030,0.1000000015,0.1000000015,256,256,100,212345,218345,219345,220345,76,0.6030175648,0.5993051864,5
combination_0_run_2,2,PARAMETER_UNIFORM,BOUNDED_UNIFORM_MUTATION,A.png,9,2,0.2000000030,0.1000000015,0.1000000015,256,256,100,212345,218345,219345,220345,77,0.6044672485,0.5991074499,2
combination_0_run_2,2,PARAMETER_UNIFORM,BOUNDED_UNIFORM_MUTATION,A.png,9,2,0.2000000030,0.1000000015,0.1000000015,256,256,100,212345,218345,219345,220345,78,0.6024505368,0.5964419723,3
combination_0_run_2,2,PARAMETER_UNIFORM,BOUNDED_UNIFORM_MUTATION,A.png,9,2,0.2000000030,0.1000000015,0.1000000015,256,256,100,212345,218345,219345,220345,79,0.5993427776,0.5951097508,3
combination_0_run_2,2,PARAMETER_UNIFORM,BOUNDED_UNIFORM_MUTATION,A.png,9,2,0.2000000030,0.1000000015,0.1000000015,256,256,100,212345,218345,219345,220345,80,0.6021376705,0.5944057609,8
combination_0_run_2,2,PARAMETER_UNIFORM,BOUNDED_UNIFORM_MUTATION,A.png,9,2,0.2000000030,0.1000000015,0.1000000015,256,256,100,212345,218345,219345,220345,81,0.6019467016,0.5959064751,1
combination_0_run_2,2,PARAMETER_UNIFORM,BOUNDED_UNIFORM_MUTATION,A.png,9,2,0.2000000030,0.1000000015,0.1000000015,256,256,100,212345,218345,219345,220345,82,0.6029277274,0.5953447080,0
combination_0_run_2,2,PARAMETER_UNIFORM,BOUNDED_UNIFORM_MUTATION,A.png,9,2,0.2000000030,0.1000000015,0.1000000015,256,256,100,212345,218345,219345,220345,83,0.6032947554,0.5932365580,7
combination_0_run_2,2,PARAMETER_UNIFORM,BOUNDED_UNIFORM_MUTATION,A.png,9,2,0.2000000030,0.1000000015,0.1000000015,256,256,100,212345,218345,219345,220345,84,0.6046206340,0.5938316197,2
combination_0_run_2,2,PARAMETER_UNIFORM,BOUNDED_UNIFORM_MUTATION,A.png,9,2,0.2000000030,0.1000000015,0.1000000015,256,256,100,212345,218345,219345,220345,85,0.6039383545,0.5936090752,7
combination_0_run_2,2,PARAMETER_UNIFORM,BOUNDED_UNIFORM_MUTATION,A.png,9,2,0.2000000030,0.1000000015,0.1000000015,256,256,100,212345,218345,219345,220345,86,0.6028756212,0.5953170053,6
combination_0_run_2,2,PARAMETER_UNIFORM,BOUNDED_UNIFORM_MUTATION,A.png,9,2,0.2000000030,0.1000000015,0.1000000015,256,256,100,212345,218345,219345,220345,87,0.5998082320,0.5924231339,0
combination_0_run_2,2,PARAMETER_UNIFORM,BOUNDED_UNIFORM_MUTATION,A.png,9,2,0.2000000030,0.1000000015,0.1000000015,256,256,100,212345,218345,219345,220345,88,0.6029704348,0.5925792736,4
combination_0_run_2,2,PARAMETER_UNIFORM,BOUNDED_UNIFORM_MUTATION,A.png,9,2,0.2000000030,0.1000000015,0.1000000015,256,256,100,212345,218345,219345,220345,89,0.6034180805,0.5929817689,8
combination_0_run_2,2,PARAMETER_UNIFORM,BOUNDED_UNIFORM_MUTATION,A.png,9,2,0.2000000030,0.1000000015,0.1000000015,256,256,100,212345,218345,219345,220345,90,0.5959521392,0.5892602418,1
combination_0_run_2,2,PARAMETER_UNIFORM,BOUNDED_UNIFORM_MUTATION,A.png,9,2,0.2000000030,0.1000000015,0.1000000015,256,256,100,212345,218345,219345,220345,91,0.5958912364,0.5893746205,8
combination_0_run_2,2,PARAMETER_UNIFORM,BOUNDED_UNIFORM_MUTATION,A.png,9,2,0.2000000030,0.1000000015,0.1000000015,256,256,100,212345,218345,219345,220345,92,0.5965793238,0.5910676887,2
combination_0_run_2,2,PARAMETER_UNIFORM,BOUNDED_UNIFORM_MUTATION,A.png,9,2,0.2000000030,0.1000000015,0.1000000015,256,256,100,212345,218345,219345,220345,93,0.5962369261,0.5902122572,0
combination_0_run_2,2,PARAMETER_UNIFORM,BOUNDED_UNIFORM_MUTATION,A.png,9,2,0.2000000030,0.1000000015,0.1000000015,256,256,100,212345,218345,219345,220345,94,0.5967755608,0.5910155046,4
combination_0_run_2,2,PARAMETER_UNIFORM,BOUNDED_UNIFORM_MUTATION,A.png,9,2,0.2000000030,0.1000000015,0.1000000015,256,256,100,212345,218345,219345,220345,95,0.5962534951,0.5905696763,2
combination_0_run_2,2,PARAMETER_UNIFORM,BOUNDED_UNIFORM_MUTATION,A.png,9,2,0.2000000030,0.1000000015,0.1000000015,256,256,100,212345,218345,219345,220345,96,0.5972259733,0.5928534823,0
combination_0_run_2,2,PARAMETER_UNIFORM,BOUNDED_UNIFORM_MUTATION,A.png,9,2,0.2000000030,0.1000000015,0.1000000015,256,256,100,212345,218345,219345,220345,97,0.5993679876,0.5940209717,2
combination_0_run_2,2,PARAMETER_UNIFORM,BOUNDED_UNIFORM_MUTATION,A.png,9,2,0.2000000030,0.1000000015,0.1000000015,256,256,100,212345,218345,219345,220345,98,0.6000464957,0.5932881552,3
combination_0_run_2,2,PARAMETER_UNIFORM,BOUNDED_UNIFORM_MUTATION,A.png,9,2,0.2000000030,0.1000000015,0.1000000015,256,256,100,212345,218345,219345,220345,99,0.5985396378,0.5927166409,5
combination_0_run_2,2,PARAMETER_UNIFORM,BOUNDED_UNIFORM_MUTATION,A.png,9,2,0.2000000030,0.1000000015,0.1000000015,256,256,100,212345,218345,219345,220345,100,0.6001841645,0.5940328673,5
combination_0_run_3,3,PARAMETER_UNIFORM,BOUNDED_UNIFORM_MUTATION,A.png,9,2,0.2000000030,0.1000000015,0.1000000015,256,256,100,312345,318345,319345,320345,0,0.6021898638,0.5916647710,4
combination_0_run_3,3,PARAMETER_UNIFORM,BOUNDED_UNIFORM_MUTATION,A.png,9,2,0.2000000030,0.1000000015,0.1000000015,256,256,100,312345,318345,319345,320345,1,0.6037045637,0.5937863140,6
combination_0_run_3,3,PARAMETER_UNIFORM,BOUNDED_UNIFORM_MUTATION,A.png,9,2,0.2000000030,0.1000000015,0.1000000015,256,256,100,312345,318345,319345,320345,2,0.5996091541,0.5908589010,6
combination_0_run_3,3,PARAMETER_UNIFORM,BOUNDED_UNIFORM_MUTATION,A.png,9,2,0.2000000030,0.1000000015,0.1000000015,256,256,100,312345,318345,319345,320345,3,0.5995408587,0.5937049885,3
combination_0_run_3,3,PARAMETER_UNIFORM,BOUNDED_UNIFORM_MUTATION,A.png,9,2,0.2000000030,0.1000000015,0.1000000015,256,256,100,312345,318345,319345,320345,4,0.6017224177,0.5953303231,7
combination_0_run_3,3,PARAMETER_UNIFORM,BOUNDED_UNIFORM_MUTATION,A.png,9,2,0.2000000030,0.1000000015,0.1000000015,256,256,100,312345,318345,319345,320345,5,0.5994164915,0.5930854502,2
combination_0_run_3,3,PARAMETER_UNIFORM,BOUNDED_UNIFORM_MUTATION,A.png,9,2,0.2000000030,0.1000000015,0.1000000015,256,256,100,312345,318345,319345,320345,6,0.5984786288,0.5931130251,0
combination_0_run_3,3,PARAMETER_UNIFORM,BOUNDED_UNIFORM_MUTATION,A.png,9,2,0.2000000030,0.1000000015,0.1000000015,256,256,100,312345,318345,319345,320345,7,0.5980308439,0.5936800888,0
combination_0_run_3,3,PARAMETER_UNIFORM,BOUNDED_UNIFORM_MUTATION,A.png,9,2,0.2000000030,0.1000000015,0.1000000015,256,256,100,312345,318345,319345,320345,8,0.5973915322,0.5945770563,8
combination_0_run_3,3,PARAMETER_UNIFORM,BOUNDED_UNIFORM_MUTATION,A.png,9,2,0.2000000030,0.1000000015,0.1000000015,256,256,100,312345,318345,319345,320345,9,0.5982539516,0.5946933252,6
combination_0_run_3,3,PARAMETER_UNIFORM,BOUNDED_UNIFORM_MUTATION,A.png,9,2,0.2000000030,0.1000000015,0.1000000015,256,256,100,312345,318345,319345,320345,10,0.5979757605,0.5937220945,3
combination_0_run_3,3,PARAMETER_UNIFORM,BOUNDED_UNIFORM_MUTATION,A.png,9,2,0.2000000030,0.1000000015,0.1000000015,256,256,100,312345,318345,319345,320345,11,0.5986467151,0.5928678846,8
combination_0_run_3,3,PARAMETER_UNIFORM,BOUNDED_UNIFORM_MUTATION,A.png,9,2,0.2000000030,0.1000000015,0.1000000015,256,256,100,312345,318345,319345,320345,12,0.5988772602,0.5926843611,0
combination_0_run_3,3,PARAMETER_UNIFORM,BOUNDED_UNIFORM_MUTATION,A.png,9,2,0.2000000030,0.1000000015,0.1000000015,256,256,100,312345,318345,319345,320345,13,0.5987442398,0.5936442905,1
combination_0_run_3,3,PARAMETER_UNIFORM,BOUNDED_UNIFORM_MUTATION,A.png,9,2,0.2000000030,0.1000000015,0.1000000015,256,256,100,312345,318345,319345,320345,14,0.5980005170,0.5931095509,1
combination_0_run_3,3,PARAMETER_UNIFORM,BOUNDED_UNIFORM_MUTATION,A.png,9,2,0.2000000030,0.1000000015,0.1000000015,256,256,100,312345,318345,319345,320345,15,0.5979703809,0.5937442429,5
combination_0_run_3,3,PARAMETER_UNIFORM,BOUNDED_UNIFORM_MUTATION,A.png,9,2,0.2000000030,0.1000000015,0.1000000015,256,256,100,312345,318345,319345,320345,16,0.5993787967,0.5936200799,1
combination_0_run_3,3,PARAMETER_UNIFORM,BOUNDED_UNIFORM_MUTATION,A.png,9,2,0.2000000030,0.1000000015,0.1000000015,256,256,100,312345,318345,319345,320345,17,0.5979111002,0.5925502418,4
combination_0_run_3,3,PARAMETER_UNIFORM,BOUNDED_UNIFORM_MUTATION,A.png,9,2,0.2000000030,0.1000000015,0.1000000015,256,256,100,312345,318345,319345,320345,18,0.5976112671,0.5927840297,5
combination_0_run_3,3,PARAMETER_UNIFORM,BOUNDED_UNIFORM_MUTATION,A.png,9,2,0.2000000030,0.1000000015,0.1000000015,256,256,100,312345,318345,319345,320345,19,0.5980735945,0.5946619317,8
combination_0_run_3,3,PARAMETER_UNIFORM,BOUNDED_UNIFORM_MUTATION,A.png,9,2,0.2000000030,0.1000000015,0.1000000015,256,256,100,312345,318345,319345,320345,20,0.5982756758,0.5960575166,1
combination_0_run_3,3,PARAMETER_UNIFORM,BOUNDED_UNIFORM_MUTATION,A.png,9,2,0.2000000030,0.1000000015,0.1000000015,256,256,100,312345,318345,319345,320345,21,0.5993492337,0.5959035316,1
combination_0_run_3,3,PARAMETER_UNIFORM,BOUNDED_UNIFORM_MUTATION,A.png,9,2,0.2000000030,0.1000000015,0.1000000015,256,256,100,312345,318345,319345,320345,22,0.5986148695,0.5956197621,8
combination_0_run_3,3,PARAMETER_UNIFORM,BOUNDED_UNIFORM_MUTATION,A.png,9,2,0.2000000030,0.1000000015,0.1000000015,256,256,100,312345,318345,319345,320345,23,0.6001564801,0.5968505468,8
combination_0_run_3,3,PARAMETER_UNIFORM,BOUNDED_UNIFORM_MUTATION,A.png,9,2,0.2000000030,0.1000000015,0.1000000015,256,256,100,312345,318345,319345,320345,24,0.5979993577,0.5961298606,2
combination_0_run_3,3,PARAMETER_UNIFORM,BOUNDED_UNIFORM_MUTATION,A.png,9,2,0.2000000030,0.1000000015,0.1000000015,256,256,100,312345,318345,319345,320345,25,0.5980090659,0.5964264413,3
combination_0_run_3,3,PARAMETER_UNIFORM,BOUNDED_UNIFORM_MUTATION,A.png,9,2,0.2000000030,0.1000000015,0.1000000015,256,256,100,312345,318345,319345,320345,26,0.5986379796,0.5968607482,4
combination_0_run_3,3,PARAMETER_UNIFORM,BOUNDED_UNIFORM_MUTATION,A.png,9,2,0.2000000030,0.1000000015,0.1000000015,256,256,100,312345,318345,319345,320345,27,0.6000271678,0.5970657578,6
combination_0_run_3,3,PARAMETER_UNIFORM,BOUNDED_UNIFORM_MUTATION,A.png,9,2,0.2000000030,0.1000000015,0.1000000015,256,256,100,312345,318345,319345,320345,28,0.5980832373,0.5961609947,8
combination_0_run_3,3,PARAMETER_UNIFORM,BOUNDED_UNIFORM_MUTATION,A.png,9,2,0.2000000030,0.1000000015,0.1000000015,256,256,100,312345,318345,319345,320345,29,0.5980381398,0.5956795777,4
combination_0_run_3,3,PARAMETER_UNIFORM,BOUNDED_UNIFORM_MUTATION,A.png,9,2,0.2000000030,0.1000000015,0.1000000015,256,256,100,312345,318345,319345,320345,30,0.5986070096,0.5955576591,7
combination_0_run_3,3,PARAMETER_UNIFORM,BOUNDED_UNIFORM_MUTATION,A.png,9,2,0.2000000030,0.1000000015,0.1000000015,256,256,100,312345,318345,319345,320345,31,0.5990131635,0.5967260882,1
combination_0_run_3,3,PARAMETER_UNIFORM,BOUNDED_UNIFORM_MUTATION,A.png,9,2,0.2000000030,0.1000000015,0.1000000015,256,256,100,312345,318345,319345,320345,32,0.5993675943,0.5974092976,1
combination_0_run_3,3,PARAMETER_UNIFORM,BOUNDED_UNIFORM_MUTATION,A.png,9,2,0.2000000030,0.1000000015,0.1000000015,256,256,100,312345,318345,319345,320345,33,0.5996669808,0.5972611980,4
combination_0_run_3,3,PARAMETER_UNIFORM,BOUNDED_UNIFORM_MUTATION,A.png,9,2,0.2000000030,0.1000000015,0.1000000015,256,256,100,312345,318345,319345,320345,34,0.6005999017,0.5983105605,3
combination_0_run_3,3,PARAMETER_UNIFORM,BOUNDED_UNIFORM_MUTATION,A.png,9,2,0.2000000030,0.1000000015,0.1000000015,256,256,100,312345,318345,319345,320345,35,0.6006252828,0.5982356034,8
combination_0_run_3,3,PARAMETER_UNIFORM,BOUNDED_UNIFORM_MUTATION,A.png,9,2,0.2000000030,0.1000000015,0.1000000015,256,256,100,312345,318345,319345,320345,36,0.6018895591,0.5984204489,6
combination_0_run_3,3,PARAMETER_UNIFORM,BOUNDED_UNIFORM_MUTATION,A.png,9,2,0.2000000030,0.1000000015,0.1000000015,256,256,100,312345,318345,319345,320345,37,0.6017302160,0.5982721907,6
combination_0_run_3,3,PARAMETER_UNIFORM,BOUNDED_UNIFORM_MUTATION,A.png,9,2,0.2000000030,0.1000000015,0.1000000015,256,256,100,312345,318345,319345,320345,38,0.6014492722,0.5983585883,8
combination_0_run_3,3,PARAMETER_UNIFORM,BOUNDED_UNIFORM_MUTATION,A.png,9,2,0.2000000030,0.1000000015,0.1000000015,256,256,100,312345,318345,319345,320345,39,0.6009641370,0.5976352717,4
combination_0_run_3,3,PARAMETER_UNIFORM,BOUNDED_UNIFORM_MUTATION,A.png,9,2,0.2000000030,0.1000000015,0.1000000015,256,256,100,312345,318345,319345,320345,40,0.6004604204,0.5971492391,4
combination_0_run_3,3,PARAMETER_UNIFORM,BOUNDED_UNIFORM_MUTATION,A.png,9,2,0.2000000030,0.1000000015,0.1000000015,256,256,100,312345,318345,319345,320345,41,0.6009722877,0.5973556728,7
combination_0_run_3,3,PARAMETER_UNIFORM,BOUNDED_UNIFORM_MUTATION,A.png,9,2,0.2000000030,0.1000000015,0.1000000015,256,256,100,312345,318345,319345,320345,42,0.6010263180,0.5980327235,1
combination_0_run_3,3,PARAMETER_UNIFORM,BOUNDED_UNIFORM_MUTATION,A.png,9,2,0.2000000030,0.1000000015,0.1000000015,256,256,100,312345,318345,319345,320345,43,0.6010930874,0.5989626361,8
combination_0_run_3,3,PARAMETER_UNIFORM,BOUNDED_UNIFORM_MUTATION,A.png,9,2,0.2000000030,0.1000000015,0.1000000015,256,256,100,312345,318345,319345,320345,44,0.6045764903,0.5996052597,2
combination_0_run_3,3,PARAMETER_UNIFORM,BOUNDED_UNIFORM_MUTATION,A.png,9,2,0.2000000030,0.1000000015,0.1000000015,256,256,100,312345,318345,319345,320345,45,0.6045130248,0.5992304071,7
combination_0_run_3,3,PARAMETER_UNIFORM,BOUNDED_UNIFORM_MUTATION,A.png,9,2,0.2000000030,0.1000000015,0.1000000015,256,256,100,312345,318345,319345,320345,46,0.6041983717,0.5998648819,1
combination_0_run_3,3,PARAMETER_UNIFORM,BOUNDED_UNIFORM_MUTATION,A.png,9,2,0.2000000030,0.1000000015,0.1000000015,256,256,100,312345,318345,319345,320345,47,0.6052111537,0.6016948390,3
combination_0_run_3,3,PARAMETER_UNIFORM,BOUNDED_UNIFORM_MUTATION,A.png,9,2,0.2000000030,0.1000000015,0.1000000015,256,256,100,312345,318345,319345,320345,48,0.6029993088,0.6006423825,3
combination_0_run_3,3,PARAMETER_UNIFORM,BOUNDED_UNIFORM_MUTATION,A.png,9,2,0.2000000030,0.1000000015,0.1000000015,256,256,100,312345,318345,319345,320345,49,0.6026145197,0.6008914984,7
combination_0_run_3,3,PARAMETER_UNIFORM,BOUNDED_UNIFORM_MUTATION,A.png,9,2,0.2000000030,0.1000000015,0.1000000015,256,256,100,312345,318345,319345,320345,50,0.6063490484,0.6017647907,1
combination_0_run_3,3,PARAMETER_UNIFORM,BOUNDED_UNIFORM_MUTATION,A.png,9,2,0.2000000030,0.1000000015,0.1000000015,256,256,100,312345,318345,319345,320345,51,0.6068944509,0.6019206888,7
combination_0_run_3,3,PARAMETER_UNIFORM,BOUNDED_UNIFORM_MUTATION,A.png,9,2,0.2000000030,0.1000000015,0.1000000015,256,256,100,312345,318345,319345,320345,52,0.6034006664,0.6015196233,8
combination_0_run_3,3,PARAMETER_UNIFORM,BOUNDED_UNIFORM_MUTATION,A.png,9,2,0.2000000030,0.1000000015,0.1000000015,256,256,100,312345,318345,319345,320345,53,0.6067198480,0.6013897498,7
combination_0_run_3,3,PARAMETER_UNIFORM,BOUNDED_UNIFORM_MUTATION,A.png,9,2,0.2000000030,0.1000000015,0.1000000015,256,256,100,312345,318345,319345,320345,54,0.6069892638,0.6019827338,7
combination_0_run_3,3,PARAMETER_UNIFORM,BOUNDED_UNIFORM_MUTATION,A.png,9,2,0.2000000030,0.1000000015,0.1000000015,256,256,100,312345,318345,319345,320345,55,0.6042900462,0.6008569375,7
combination_0_run_3,3,PARAMETER_UNIFORM,BOUNDED_UNIFORM_MUTATION,A.png,9,2,0.2000000030,0.1000000015,0.1000000015,256,256,100,312345,318345,319345,320345,56,0.6074538828,0.6032302093,7
combination_0_run_3,3,PARAMETER_UNIFORM,BOUNDED_UNIFORM_MUTATION,A.png,9,2,0.2000000030,0.1000000015,0.1000000015,256,256,100,312345,318345,319345,320345,57,0.6057307150,0.6015873705,2
combination_0_run_3,3,PARAMETER_UNIFORM,BOUNDED_UNIFORM_MUTATION,A.png,9,2,0.2000000030,0.1000000015,0.1000000015,256,256,100,312345,318345,319345,320345,58,0.6032580818,0.6007755361,4
combination_0_run_3,3,PARAMETER_UNIFORM,BOUNDED_UNIFORM_MUTATION,A.png,9,2,0.2000000030,0.1000000015,0.1000000015,256,256,100,312345,318345,319345,320345,59,0.6010513997,0.5998577914,2
combination_0_run_3,3,PARAMETER_UNIFORM,BOUNDED_UNIFORM_MUTATION,A.png,9,2,0.2000000030,0.1000000015,0.1000000015,256,256,100,312345,318345,319345,320345,60,0.5998893621,0.5993882228,2
combination_0_run_3,3,PARAMETER_UNIFORM,BOUNDED_UNIFORM_MUTATION,A.png,9,2,0.2000000030,0.1000000015,0.1000000015,256,256,100,312345,318345,319345,320345,61,0.6012020298,0.5994451739,2
combination_0_run_3,3,PARAMETER_UNIFORM,BOUNDED_UNIFORM_MUTATION,A.png,9,2,0.2000000030,0.1000000015,0.1000000015,256,256,100,312345,318345,319345,320345,62,0.6017040581,0.5994169427,7
combination_0_run_3,3,PARAMETER_UNIFORM,BOUNDED_UNIFORM_MUTATION,A.png,9,2,0.2000000030,0.1000000015,0.1000000015,256,256,100,312345,318345,319345,320345,63,0.6018327443,0.5996173879,1
combination_0_run_3,3,PARAMETER_UNIFORM,BOUNDED_UNIFORM_MUTATION,A.png,9,2,0.2000000030,0.1000000015,0.1000000015,256,256,100,312345,318345,319345,320345,64,0.6007301198,0.5989625291,0
combination_0_run_3,3,PARAMETER_UNIFORM,BOUNDED_UNIFORM_MUTATION,A.png,9,2,0.2000000030,0.1000000015,0.1000000015,256,256,100,312345,318345,319345,320345,65,0.6010494293,0.5995105368,8
combination_0_run_3,3,PARAMETER_UNIFORM,BOUNDED_UNIFORM_MUTATION,A.png,9,2,0.2000000030,0.1000000015,0.1000000015,256,256,100,312345,318345,319345,320345,66,0.6010802463,0.5989680296,6
combination_0_run_3,3,PARAMETER_UNIFORM,BOUNDED_UNIFORM_MUTATION,A.png,9,2,0.2000000030,0.1000000015,0.1000000015,256,256,100,312345,318345,319345,320345,67,0.6012796502,0.5996733458,8
combination_0_run_3,3,PARAMETER_UNIFORM,BOUNDED_UNIFORM_MUTATION,A.png,9,2,0.2000000030,0.1000000015,0.1000000015,256,256,100,312345,318345,319345,320345,68,0.6009541797,0.5996420921,7
combination_0_run_3,3,PARAMETER_UNIFORM,BOUNDED_UNIFORM_MUTATION,A.png,9,2,0.2000000030,0.1000000015,0.1000000015,256,256,100,312345,318345,319345,320345,69,0.6020667560,0.5993389897,7
combination_0_run_3,3,PARAMETER_UNIFORM,BOUNDED_UNIFORM_MUTATION,A.png,9,2,0.2000000030,0.1000000015,0.1000000015,256,256,100,312345,318345,319345,320345,70,0.6000958441,0.5981949358,7
combination_0_run_3,3,PARAMETER_UNIFORM,BOUNDED_UNIFORM_MUTATION,A.png,9,2,0.2000000030,0.1000000015,0.1000000015,256,256,100,312345,318345,319345,320345,71,0.6030840685,0.5991013916,2
combination_0_run_3,3,PARAMETER_UNIFORM,BOUNDED_UNIFORM_MUTATION,A.png,9,2,0.2000000030,0.1000000015,0.1000000015,256,256,100,312345,318345,319345,320345,72,0.6015029991,0.5983589635,3
combination_0_run_3,3,PARAMETER_UNIFORM,BOUNDED_UNIFORM_MUTATION,A.png,9,2,0.2000000030,0.1000000015,0.1000000015,256,256,100,312345,318345,319345,320345,73,0.6007404248,0.5977778898,3
combination_0_run_3,3,PARAMETER_UNIFORM,BOUNDED_UNIFORM_MUTATION,A.png,9,2,0.2000000030,0.1000000015,0.1000000015,256,256,100,312345,318345,319345,320345,74,0.6012730289,0.5980063031,2
combination_0_run_3,3,PARAMETER_UNIFORM,BOUNDED_UNIFORM_MUTATION,A.png,9,2,0.2000000030,0.1000000015,0.1000000015,256,256,100,312345,318345,319345,320345,75,0.6021704469,0.5992858971,8
combination_0_run_3,3,PARAMETER_UNIFORM,BOUNDED_UNIFORM_MUTATION,A.png,9,2,0.2000000030,0.1000000015,0.1000000015,256,256,100,312345,318345,319345,320345,76,0.6016292821,0.5988959744,8
combination_0_run_3,3,PARAMETER_UNIFORM,BOUNDED_UNIFORM_MUTATION,A.png,9,2,0.2000000030,0.1000000015,0.1000000015,256,256,100,312345,318345,319345,320345,77,0.6017494211,0.5991473029,7
combination_0_run_3,3,PARAMETER_UNIFORM,BOUNDED_UNIFORM_MUTATION,A.png,9,2,0.2000000030,0.1000000015,0.1000000015,256,256,100,312345,318345,319345,320345,78,0.6023777736,0.5993968329,6
combination_0_run_3,3,PARAMETER_UNIFORM,BOUNDED_UNIFORM_MUTATION,A.png,9,2,0.2000000030,0.1000000015,0.1000000015,256,256,100,312345,318345,319345,320345,79,0.6025806795,0.5993203479,2
combination_0_run_3,3,PARAMETER_UNIFORM,BOUNDED_UNIFORM_MUTATION,A.png,9,2,0.2000000030,0.1000000015,0.1000000015,256,256,100,312345,318345,319345,320345,80,0.6022002603,0.5988131925,3
combination_0_run_3,3,PARAMETER_UNIFORM,BOUNDED_UNIFORM_MUTATION,A.png,9,2,0.2000000030,0.1000000015,0.1000000015,256,256,100,312345,318345,319345,320345,81,0.6005598808,0.5981283891,7
combination_0_run_3,3,PARAMETER_UNIFORM,BOUNDED_UNIFORM_MUTATION,A.png,9,2,0.2000000030,0.1000000015,0.1000000015,256,256,100,312345,318345,319345,320345,82,0.6014640972,0.5979664132,6
combination_0_run_3,3,PARAMETER_UNIFORM,BOUNDED_UNIFORM_MUTATION,A.png,9,2,0.2000000030,0.1000000015,0.1000000015,256,256,100,312345,318345,319345,320345,83,0.6006731575,0.5977177089,8
combination_0_run_3,3,PARAMETER_UNIFORM,BOUNDED_UNIFORM_MUTATION,A.png,9,2,0.2000000030,0.1000000015,0.1000000015,256,256,100,312345,318345,319345,320345,84,0.6025643123,0.5992958584,1
combination_0_run_3,3,PARAMETER_UNIFORM,BOUNDED_UNIFORM_MUTATION,A.png,9,2,0.2000000030,0.1000000015,0.1000000015,256,256,100,312345,318345,319345,320345,85,0.6025166047,0.6006330780,6
combination_0_run_3,3,PARAMETER_UNIFORM,BOUNDED_UNIFORM_MUTATION,A.png,9,2,0.2000000030,0.1000000015,0.1000000015,256,256,100,312345,318345,319345,320345,86,0.6043553127,0.6013233122,1
combination_0_run_3,3,PARAMETER_UNIFORM,BOUNDED_UNIFORM_MUTATION,A.png,9,2,0.2000000030,0.1000000015,0.1000000015,256,256,100,312345,318345,319345,320345,87,0.6026969467,0.6005186777,8
combination_0_run_3,3,PARAMETER_UNIFORM,BOUNDED_UNIFORM_MUTATION,A.png,9,2,0.2000000030,0.1000000015,0.1000000015,256,256,100,312345,318345,319345,320345,88,0.6027758829,0.6009040676,2
combination_0_run_3,3,PARAMETER_UNIFORM,BOUNDED_UNIFORM_MUTATION,A.png,9,2,0.2000000030,0.1000000015,0.1000000015,256,256,100,312345,318345,319345,320345,89,0.6039081091,0.6009309947,2
combination_0_run_3,3,PARAMETER_UNIFORM,BOUNDED_UNIFORM_MUTATION,A.png,9,2,0.2000000030,0.1000000015,0.1000000015,256,256,100,312345,318345,319345,320345,90,0.6023351858,0.5996344279,4
combination_0_run_3,3,PARAMETER_UNIFORM,BOUNDED_UNIFORM_MUTATION,A.png,9,2,0.2000000030,0.1000000015,0.1000000015,256,256,100,312345,318345,319345,320345,91,0.6021074976,0.5989079408,3
combination_0_run_3,3,PARAMETER_UNIFORM,BOUNDED_UNIFORM_MUTATION,A.png,9,2,0.2000000030,0.1000000015,0.1000000015,256,256,100,312345,318345,319345,320345,92,0.6012709223,0.5991122287,4
combination_0_run_3,3,PARAMETER_UNIFORM,BOUNDED_UNIFORM_MUTATION,A.png,9,2,0.2000000030,0.1000000015,0.1000000015,256,256,100,312345,318345,319345,320345,93,0.6025780464,0.5981670197,0
combination_0_run_3,3,PARAMETER_UNIFORM,BOUNDED_UNIFORM_MUTATION,A.png,9,2,0.2000000030,0.1000000015,0.1000000015,256,256,100,312345,318345,319345,320345,94,0.6009347015,0.5989233280,8
combination_0_run_3,3,PARAMETER_UNIFORM,BOUNDED_UNIFORM_MUTATION,A.png,9,2,0.2000000030,0.1000000015,0.1000000015,256,256,100,312345,318345,319345,320345,95,0.6033248991,0.5998888461,3
combination_0_run_3,3,PARAMETER_UNIFORM,BOUNDED_UNIFORM_MUTATION,A.png,9,2,0.2000000030,0.1000000015,0.1000000015,256,256,100,312345,318345,319345,320345,96,0.6031671657,0.6001776750,4
combination_0_run_3,3,PARAMETER_UNIFORM,BOUNDED_UNIFORM_MUTATION,A.png,9,2,0.2000000030,0.1000000015,0.1000000015,256,256,100,312345,318345,319345,320345,97,0.6031497499,0.6011630612,1
combination_0_run_3,3,PARAMETER_UNIFORM,BOUNDED_UNIFORM_MUTATION,A.png,9,2,0.2000000030,0.1000000015,0.1000000015,256,256,100,312345,318345,319345,320345,98,0.6027162251,0.6005951540,0
combination_0_run_3,3,PARAMETER_UNIFORM,BOUNDED_UNIFORM_MUTATION,A.png,9,2,0.2000000030,0.1000000015,0.1000000015,256,256,100,312345,318345,319345,320345,99,0.6040509278,0.6008067328,5
combination_0_run_3,3,PARAMETER_UNIFORM,BOUNDED_UNIFORM_MUTATION,A.png,9,2,0.2000000030,0.1000000015,0.1000000015,256,256,100,312345,318345,319345,320345,100,0.6024687405,0.6004022747,5
combination_0_run_4,4,PARAMETER_UNIFORM,BOUNDED_UNIFORM_MUTATION,A.png,9,2,0.2000000030,0.1000000015,0.1000000015,256,256,100,412345,418345,419345,420345,0,0.5983111520,0.5845887328,5
combination_0_run_4,4,PARAMETER_UNIFORM,BOUNDED_UNIFORM_MUTATION,A.png,9,2,0.2000000030,0.1000000015,0.1000000015,256,256,100,412345,418345,419345,420345,1,0.6025349336,0.5870518696,3
combination_0_run_4,4,PARAMETER_UNIFORM,BOUNDED_UNIFORM_MUTATION,A.png,9,2,0.2000000030,0.1000000015,0.1000000015,256,256,100,412345,418345,419345,420345,2,0.6033409019,0.5893846003,0
combination_0_run_4,4,PARAMETER_UNIFORM,BOUNDED_UNIFORM_MUTATION,A.png,9,2,0.2000000030,0.1000000015,0.1000000015,256,256,100,412345,418345,419345,420345,3,0.5975380579,0.5877138744,2
combination_0_run_4,4,PARAMETER_UNIFORM,BOUNDED_UNIFORM_MUTATION,A.png,9,2,0.2000000030,0.1000000015,0.1000000015,256,256,100,412345,418345,419345,420345,4,0.5992340054,0.5917777971,5
combination_0_run_4,4,PARAMETER_UNIFORM,BOUNDED_UNIFORM_MUTATION,A.png,9,2,0.2000000030,0.1000000015,0.1000000015,256,256,100,412345,418345,419345,420345,5,0.6017901347,0.5951475375,3
combination_0_run_4,4,PARAMETER_UNIFORM,BOUNDED_UNIFORM_MUTATION,A.png,9,2,0.2000000030,0.1000000015,0.1000000015,256,256,100,412345,418345,419345,420345,6,0.6067449480,0.5981355667,2
combination_0_run_4,4,PARAMETER_UNIFORM,BOUNDED_UNIFORM_MUTATION,A.png,9,2,0.2000000030,0.1000000015,0.1000000015,256,256,100,412345,418345,419345,420345,7,0.5999949152,0.5918857487,3
combination_0_run_4,4,PARAMETER_UNIFORM,BOUNDED_UNIFORM_MUTATION,A.png,9,2,0.2000000030,0.1000000015,0.1000000015,256,256,100,412345,418345,419345,420345,8,0.6038929189,0.5964662310,0
combination_0_run_4,4,PARAMETER_UNIFORM,BOUNDED_UNIFORM_MUTATION,A.png,9,2,0.2000000030,0.1000000015,0.1000000015,256,256,100,412345,418345,419345,420345,9,0.6026589232,0.5945244325,5
combination_0_run_4,4,PARAMETER_UNIFORM,BOUNDED_UNIFORM_MUTATION,A.png,9,2,0.2000000030,0.1000000015,0.1000000015,256,256,100,412345,418345,419345,420345,10,0.6035657537,0.5903272734,3
combination_0_run_4,4,PARAMETER_UNIFORM,BOUNDED_UNIFORM_MUTATION,A.png,9,2,0.2000000030,0.1000000015,0.1000000015,256,256,100,412345,418345,419345,420345,11,0.5986276856,0.5869991953,7
combination_0_run_4,4,PARAMETER_UNIFORM,BOUNDED_UNIFORM_MUTATION,A.png,9,2,0.2000000030,0.1000000015,0.1000000015,256,256,100,412345,418345,419345,420345,12,0.5985012143,0.5930553921,6
combination_0_run_4,4,PARAMETER_UNIFORM,BOUNDED_UNIFORM_MUTATION,A.png,9,2,0.2000000030,0.1000000015,0.1000000015,256,256,100,412345,418345,419345,420345,13,0.6060234488,0.5950976998,6
combination_0_run_4,4,PARAMETER_UNIFORM,BOUNDED_UNIFORM_MUTATION,A.png,9,2,0.2000000030,0.1000000015,0.1000000015,256,256,100,412345,418345,419345,420345,14,0.6023167844,0.5923999729,2
combination_0_run_4,4,PARAMETER_UNIFORM,BOUNDED_UNIFORM_MUTATION,A.png,9,2,0.2000000030,0.1000000015,0.1000000015,256,256,100,412345,418345,419345,420345,15,0.6023167844,0.5945353354,3
combination_0_run_4,4,PARAMETER_UNIFORM,BOUNDED_UNIFORM_MUTATION,A.png,9,2,0.2000000030,0.1000000015,0.1000000015,256,256,100,412345,418345,419345,420345,16,0.5989186581,0.5939498611,2
combination_0_run_4,4,PARAMETER_UNIFORM,BOUNDED_UNIFORM_MUTATION,A.png,9,2,0.2000000030,0.1000000015,0.1000000015,256,256,100,412345,418345,419345,420345,17,0.6038826821,0.5973913630,7
combination_0_run_4,4,PARAMETER_UNIFORM,BOUNDED_UNIFORM_MUTATION,A.png,9,2,0.2000000030,0.1000000015,0.1000000015,256,256,100,412345,418345,419345,420345,18,0.6061058320,0.5991739385,3
combination_0_run_4,4,PARAMETER_UNIFORM,BOUNDED_UNIFORM_MUTATION,A.png,9,2,0.2000000030,0.1000000015,0.1000000015,256,256,100,412345,418345,419345,420345,19,0.6047628324,0.5998373391,4
combination_0_run_4,4,PARAMETER_UNIFORM,BOUNDED_UNIFORM_MUTATION,A.png,9,2,0.2000000030,0.1000000015,0.1000000015,256,256,100,412345,418345,419345,420345,20,0.6027021313,0.5996303619,5
combination_0_run_4,4,PARAMETER_UNIFORM,BOUNDED_UNIFORM_MUTATION,A.png,9,2,0.2000000030,0.1000000015,0.1000000015,256,256,100,412345,418345,419345,420345,21,0.6008231699,0.5987277543,8
combination_0_run_4,4,PARAMETER_UNIFORM,BOUNDED_UNIFORM_MUTATION,A.png,9,2,0.2000000030,0.1000000015,0.1000000015,256,256,100,412345,418345,419345,420345,22,0.6007251230,0.5975917727,3
combination_0_run_4,4,PARAMETER_UNIFORM,BOUNDED_UNIFORM_MUTATION,A.png,9,2,0.2000000030,0.1000000015,0.1000000015,256,256,100,412345,418345,419345,420345,23,0.5989864795,0.5979494961,7
combination_0_run_4,4,PARAMETER_UNIFORM,BOUNDED_UNIFORM_MUTATION,A.png,9,2,0.2000000030,0.1000000015,0.1000000015,256,256,100,412345,418345,419345,420345,24,0.5989332383,0.5979674865,5
combination_0_run_4,4,PARAMETER_UNIFORM,BOUNDED_UNIFORM_MUTATION,A.png,9,2,0.2000000030,0.1000000015,0.1000000015,256,256,100,412345,418345,419345,420345,25,0.5988147776,0.5977190028,6
combination_0_run_4,4,PARAMETER_UNIFORM,BOUNDED_UNIFORM_MUTATION,A.png,9,2,0.2000000030,0.1000000015,0.1000000015,256,256,100,412345,418345,419345,420345,26,0.5989493895,0.5976997104,6
combination_0_run_4,4,PARAMETER_UNIFORM,BOUNDED_UNIFORM_MUTATION,A.png,9,2,0.2000000030,0.1000000015,0.1000000015,256,256,100,412345,418345,419345,420345,27,0.5985685233,0.5974606684,6
combination_0_run_4,4,PARAMETER_UNIFORM,BOUNDED_UNIFORM_MUTATION,A.png,9,2,0.2000000030,0.1000000015,0.1000000015,256,256,100,412345,418345,419345,420345,28,0.5982845690,0.5967256539,4
combination_0_run_4,4,PARAMETER_UNIFORM,BOUNDED_UNIFORM_MUTATION,A.png,9,2,0.2000000030,0.1000000015,0.1000000015,256,256,100,412345,418345,419345,420345,29,0.5988728007,0.5969055284,5
combination_0_run_4,4,PARAMETER_UNIFORM,BOUNDED_UNIFORM_MUTATION,A.png,9,2,0.2000000030,0.1000000015,0.1000000015,256,256,100,412345,418345,419345,420345,30,0.5990117438,0.5967955034,7
combination_0_run_4,4,PARAMETER_UNIFORM,BOUNDED_UNIFORM_MUTATION,A.png,9,2,0.2000000030,0.1000000015,0.1000000015,256,256,100,412345,418345,419345,420345,31,0.5991085200,0.5972579340,6
combination_0_run_4,4,PARAMETER_UNIFORM,BOUNDED_UNIFORM_MUTATION,A.png,9,2,0.2000000030,0.1000000015,0.1000000015,256,256,100,412345,418345,419345,420345,32,0.5988743819,0.5970892550,3
combination_0_run_4,4,PARAMETER_UNIFORM,BOUNDED_UNIFORM_MUTATION,A.png,9,2,0.2000000030,0.1000000015,0.1000000015,256,256,100,412345,418345,419345,420345,33,0.5978588901,0.5952156667,5
combination_0_run_4,4,PARAMETER_UNIFORM,BOUNDED_UNIFORM_MUTATION,A.png,9,2,0.2000000030,0.1000000015,0.1000000015,256,256,100,412345,418345,419345,420345,34,0.5983009091,0.5945866646,8
combination_0_run_4,4,PARAMETER_UNIFORM,BOUNDED_UNIFORM_MUTATION,A.png,9,2,0.2000000030,0.1000000015,0.1000000015,256,256,100,412345,418345,419345,420345,35,0.5986318588,0.5964792954,5
combination_0_run_4,4,PARAMETER_UNIFORM,BOUNDED_UNIFORM_MUTATION,A.png,9,2,0.2000000030,0.1000000015,0.1000000015,256,256,100,412345,418345,419345,420345,36,0.5987630856,0.5975774604,7
combination_0_run_4,4,PARAMETER_UNIFORM,BOUNDED_UNIFORM_MUTATION,A.png,9,2,0.2000000030,0.1000000015,0.1000000015,256,256,100,412345,418345,419345,420345,37,0.5990261410,0.5971995784,3
combination_0_run_4,4,PARAMETER_UNIFORM,BOUNDED_UNIFORM_MUTATION,A.png,9,2,0.2000000030,0.1000000015,0.1000000015,256,256,100,412345,418345,419345,420345,38,0.5992256596,0.5967323022,3
combination_0_run_4,4,PARAMETER_UNIFORM,BOUNDED_UNIFORM_MUTATION,A.png,9,2,0.2000000030,0.1000000015,0.1000000015,256,256,100,412345,418345,419345,420345,39,0.5992256596,0.5975138437,2
combination_0_run_4,4,PARAMETER_UNIFORM,BOUNDED_UNIFORM_MUTATION,A.png,9,2,0.2000000030,0.1000000015,0.1000000015,256,256,100,412345,418345,419345,420345,40,0.5991505328,0.5981061224,2
combination_0_run_4,4,PARAMETER_UNIFORM,BOUNDED_UNIFORM_MUTATION,A.png,9,2,0.2000000030,0.1000000015,0.1000000015,256,256,100,412345,418345,419345,420345,41,0.5988834765,0.5974864570,1
combination_0_run_4,4,PARAMETER_UNIFORM,BOUNDED_UNIFORM_MUTATION,A.png,9,2,0.2000000030,0.1000000015,0.1000000015,256,256,100,412345,418345,419345,420345,42,0.5992324224,0.5974039563,4
combination_0_run_4,4,PARAMETER_UNIFORM,BOUNDED_UNIFORM_MUTATION,A.png,9,2,0.2000000030,0.1000000015,0.1000000015,256,256,100,412345,418345,419345,420345,43,0.6006776774,0.5958545379,6
combination_0_run_4,4,PARAMETER_UNIFORM,BOUNDED_UNIFORM_MUTATION,A.png,9,2,0.2000000030,0.1000000015,0.1000000015,256,256,100,412345,418345,419345,420345,44,0.6004526525,0.5973440706,7
combination_0_run_4,4,PARAMETER_UNIFORM,BOUNDED_UNIFORM_MUTATION,A.png,9,2,0.2000000030,0.1000000015,0.1000000015,256,256,100,412345,418345,419345,420345,45,0.5992051152,0.5978544717,0
combination_0_run_4,4,PARAMETER_UNIFORM,BOUNDED_UNIFORM_MUTATION,A.png,9,2,0.2000000030,0.1000000015,0.1000000015,256,256,100,412345,418345,419345,420345,46,0.5990010786,0.5976075400,0
combination_0_run_4,4,PARAMETER_UNIFORM,BOUNDED_UNIFORM_MUTATION,A.png,9,2,0.2000000030,0.1000000015,0.1000000015,256,256,100,412345,418345,419345,420345,47,0.5997711203,0.5977843845,3
combination_0_run_4,4,PARAMETER_UNIFORM,BOUNDED_UNIFORM_MUTATION,A.png,9,2,0.2000000030,0.1000000015,0.1000000015,256,256,100,412345,418345,419345,420345,48,0.5993114615,0.5980460347,2
combination_0_run_4,4,PARAMETER_UNIFORM,BOUNDED_UNIFORM_MUTATION,A.png,9,2,0.2000000030,0.1000000015,0.1000000015,256,256,100,412345,418345,419345,420345,49,0.5993114615,0.5980825050,0
combination_0_run_4,4,PARAMETER_UNIFORM,BOUNDED_UNIFORM_MUTATION,A.png,9,2,0.2000000030,0.1000000015,0.1000000015,256,256,100,412345,418345,419345,420345,50,0.5989718948,0.5978148142,0
combination_0_run_4,4,PARAMETER_UNIFORM,BOUNDED_UNIFORM_MUTATION,A.png,9,2,0.2000000030,0.1000000015,0.1000000015,256,256,100,412345,418345,419345,420345,51,0.5992689434,0.5980214432,2
combination_0_run_4,4,PARAMETER_UNIFORM,BOUNDED_UNIFORM_MUTATION,A.png,9,2,0.2000000030,0.1000000015,0.1000000015,256,256,100,412345,418345,419345,420345,52,0.5994707481,0.5980506152,7
combination_0_run_4,4,PARAMETER_UNIFORM,BOUNDED_UNIFORM_MUTATION,A.png,9,2,0.2000000030,0.1000000015,0.1000000015,256,256,100,412345,418345,419345,420345,53,0.5989040995,0.5973623170,6
combination_0_run_4,4,PARAMETER_UNIFORM,BOUNDED_UNIFORM_MUTATION,A.png,9,2,0.2000000030,0.1000000015,0.1000000015,256,256,100,412345,418345,419345,420345,54,0.5985715615,0.5982175262,3
combination_0_run_4,4,PARAMETER_UNIFORM,BOUNDED_UNIFORM_MUTATION,A.png,9,2,0.2000000030,0.1000000015,0.1000000015,256,256,100,412345,418345,419345,420345,55,0.5988474636,0.5982825640,7
combination_0_run_4,4,PARAMETER_UNIFORM,BOUNDED_UNIFORM_MUTATION,A.png,9,2,0.2000000030,0.1000000015,0.1000000015,256,256,100,412345,418345,419345,420345,56,0.5994600027,0.5980868254,6
combination_0_run_4,4,PARAMETER_UNIFORM,BOUNDED_UNIFORM_MUTATION,A.png,9,2,0.2000000030,0.1000000015,0.1000000015,256,256,100,412345,418345,419345,420345,57,0.5994600027,0.5978968254,0
combination_0_run_4,4,PARAMETER_UNIFORM,BOUNDED_UNIFORM_MUTATION,A.png,9,2,0.2000000030,0.1000000015,0.1000000015,256,256,100,412345,418345,419345,420345,58,0.5995221119,0.5978405892,8
combination_0_run_4,4,PARAMETER_UNIFORM,BOUNDED_UNIFORM_MUTATION,A.png,9,2,0.2000000030,0.1000000015,0.1000000015,256,256,100,412345,418345,419345,420345,59,0.5987476847,0.5970473277,6
combination_0_run_4,4,PARAMETER_UNIFORM,BOUNDED_UNIFORM_MUTATION,A.png,9,2,0.2000000030,0.1000000015,0.1000000015,256,256,100,412345,418345,419345,420345,60,0.5984758338,0.5972163711,0
combination_0_run_4,4,PARAMETER_UNIFORM,BOUNDED_UNIFORM_MUTATION,A.png,9,2,0.2000000030,0.1000000015,0.1000000015,256,256,100,412345,418345,419345,420345,61,0.5984945457,0.5976328983,0
combination_0_run_4,4,PARAMETER_UNIFORM,BOUNDED_UNIFORM_MUTATION,A.png,9,2,0.2000000030,0.1000000015,0.1000000015,256,256,100,412345,418345,419345,420345,62,0.5990942811,0.5979312681,1
combination_0_run_4,4,PARAMETER_UNIFORM,BOUNDED_UNIFORM_MUTATION,A.png,9,2,0.2000000030,0.1000000015,0.1000000015,256,256,100,412345,418345,419345,420345,63,0.5992390638,0.5978541135,2
combination_0_run_4,4,PARAMETER_UNIFORM,BOUNDED_UNIFORM_MUTATION,A.png,9,2,0.2000000030,0.1000000015,0.1000000015,256,256,100,412345,418345,419345,420345,64,0.5988566658,0.5974333994,1
combination_0_run_4,4,PARAMETER_UNIFORM,BOUNDED_UNIFORM_MUTATION,A.png,9,2,0.2000000030,0.1000000015,0.1000000015,256,256,100,412345,418345,419345,420345,65,0.5985853627,0.5970539865,8
combination_0_run_4,4,PARAMETER_UNIFORM,BOUNDED_UNIFORM_MUTATION,A.png,9,2,0.2000000030,0.1000000015,0.1000000015,256,256,100,412345,418345,419345,420345,66,0.5987008904,0.5976301277,0
combination_0_run_4,4,PARAMETER_UNIFORM,BOUNDED_UNIFORM_MUTATION,A.png,9,2,0.2000000030,0.1000000015,0.1000000015,256,256,100,412345,418345,419345,420345,67,0.5988825042,0.5978277110,2
combination_0_run_4,4,PARAMETER_UNIFORM,BOUNDED_UNIFORM_MUTATION,A.png,9,2,0.2000000030,0.1000000015,0.1000000015,256,256,100,412345,418345,419345,420345,68,0.5990550042,0.5983228924,1
combination_0_run_4,4,PARAMETER_UNIFORM,BOUNDED_UNIFORM_MUTATION,A.png,9,2,0.2000000030,0.1000000015,0.1000000015,256,256,100,412345,418345,419345,420345,69,0.5987079014,0.5973208164,1
combination_0_run_4,4,PARAMETER_UNIFORM,BOUNDED_UNIFORM_MUTATION,A.png,9,2,0.2000000030,0.1000000015,0.1000000015,256,256,100,412345,418345,419345,420345,70,0.5986403132,0.5971250719,7
combination_0_run_4,4,PARAMETER_UNIFORM,BOUNDED_UNIFORM_MUTATION,A.png,9,2,0.2000000030,0.1000000015,0.1000000015,256,256,100,412345,418345,419345,420345,71,0.5998357158,0.5968168509,2
combination_0_run_4,4,PARAMETER_UNIFORM,BOUNDED_UNIFORM_MUTATION,A.png,9,2,0.2000000030,0.1000000015,0.1000000015,256,256,100,412345,418345,419345,420345,72,0.6000161224,0.5970908249,1
combination_0_run_4,4,PARAMETER_UNIFORM,BOUNDED_UNIFORM_MUTATION,A.png,9,2,0.2000000030,0.1000000015,0.1000000015,256,256,100,412345,418345,419345,420345,73,0.6001076241,0.5960119108,4
combination_0_run_4,4,PARAMETER_UNIFORM,BOUNDED_UNIFORM_MUTATION,A.png,9,2,0.2000000030,0.1000000015,0.1000000015,256,256,100,412345,418345,419345,420345,74,0.5979664708,0.5958399479,8
combination_0_run_4,4,PARAMETER_UNIFORM,BOUNDED_UNIFORM_MUTATION,A.png,9,2,0.2000000030,0.1000000015,0.1000000015,256,256,100,412345,418345,419345,420345,75,0.5985643510,0.5973024633,1
combination_0_run_4,4,PARAMETER_UNIFORM,BOUNDED_UNIFORM_MUTATION,A.png,9,2,0.2000000030,0.1000000015,0.1000000015,256,256,100,412345,418345,419345,420345,76,0.5988868685,0.5974470044,6
combination_0_run_4,4,PARAMETER_UNIFORM,BOUNDED_UNIFORM_MUTATION,A.png,9,2,0.2000000030,0.1000000015,0.1000000015,256,256,100,412345,418345,419345,420345,77,0.5983464827,0.5967694253,5
combination_0_run_4,4,PARAMETER_UNIFORM,BOUNDED_UNIFORM_MUTATION,A.png,9,2,0.2000000030,0.1000000015,0.1000000015,256,256,100,412345,418345,419345,420345,78,0.5986226889,0.5962119446,0
combination_0_run_4,4,PARAMETER_UNIFORM,BOUNDED_UNIFORM_MUTATION,A.png,9,2,0.2000000030,0.1000000015,0.1000000015,256,256,100,412345,418345,419345,420345,79,0.5981539294,0.5964919267,1
combination_0_run_4,4,PARAMETER_UNIFORM,BOUNDED_UNIFORM_MUTATION,A.png,9,2,0.2000000030,0.1000000015,0.1000000015,256,256,100,412345,418345,419345,420345,80,0.5977787486,0.5960751247,5
combination_0_run_4,4,PARAMETER_UNIFORM,BOUNDED_UNIFORM_MUTATION,A.png,9,2,0.2000000030,0.1000000015,0.1000000015,256,256,100,412345,418345,419345,420345,81,0.5988079409,0.5963132412,5
combination_0_run_4,4,PARAMETER_UNIFORM,BOUNDED_UNIFORM_MUTATION,A.png,9,2,0.2000000030,0.1000000015,0.1000000015,256,256,100,412345,418345,419345,420345,82,0.5986503892,0.5961238347,8
combination_0_run_4,4,PARAMETER_UNIFORM,BOUNDED_UNIFORM_MUTATION,A.png,9,2,0.2000000030,0.1000000015,0.1000000015,256,256,100,412345,418345,419345,420345,83,0.5981194255,0.5958875109,4
combination_0_run_4,4,PARAMETER_UNIFORM,BOUNDED_UNIFORM_MUTATION,A.png,9,2,0.2000000030,0.1000000015,0.1000000015,256,256,100,412345,418345,419345,420345,84,0.5981669066,0.5954526298,8
combination_0_run_4,4,PARAMETER_UNIFORM,BOUNDED_UNIFORM_MUTATION,A.png,9,2,0.2000000030,0.1000000015,0.1000000015,256,256,100,412345,418345,419345,420345,85,0.5980990308,0.5961603770,8
combination_0_run_4,4,PARAMETER_UNIFORM,BOUNDED_UNIFORM_MUTATION,A.png,9,2,0.2000000030,0.1000000015,0.1000000015,256,256,100,412345,418345,419345,420345,86,0.5978727068,0.5958073362,5
combination_0_run_4,4,PARAMETER_UNIFORM,BOUNDED_UNIFORM_MUTATION,A.png,9,2,0.2000000030,0.1000000015,0.1000000015,256,256,100,412345,418345,419345,420345,87,0.5978176039,0.5960759327,1
combination_0_run_4,4,PARAMETER_UNIFORM,BOUNDED_UNIFORM_MUTATION,A.png,9,2,0.2000000030,0.1000000015,0.1000000015,256,256,100,412345,418345,419345,420345,88,0.5973268696,0.5953844456,3
combination_0_run_4,4,PARAMETER_UNIFORM,BOUNDED_UNIFORM_MUTATION,A.png,9,2,0.2000000030,0.1000000015,0.1000000015,256,256,100,412345,418345,419345,420345,89,0.5980649768,0.5946526387,5
combination_0_run_4,4,PARAMETER_UNIFORM,BOUNDED_UNIFORM_MUTATION,A.png,9,2,0.2000000030,0.1000000015,0.1000000015,256,256,100,412345,418345,419345,420345,90,0.5980674318,0.5938700675,4
combination_0_run_4,4,PARAMETER_UNIFORM,BOUNDED_UNIFORM_MUTATION,A.png,9,2,0.2000000030,0.1000000015,0.1000000015,256,256,100,412345,418345,419345,420345,91,0.5978443459,0.5936370510,5
combination_0_run_4,4,PARAMETER_UNIFORM,BOUNDED_UNIFORM_MUTATION,A.png,9,2,0.2000000030,0.1000000015,0.1000000015,256,256,100,412345,418345,419345,420345,92,0.5976409984,0.5936034014,8
combination_0_run_4,4,PARAMETER_UNIFORM,BOUNDED_UNIFORM_MUTATION,A.png,9,2,0.2000000030,0.1000000015,0.1000000015,256,256,100,412345,418345,419345,420345,93,0.5982585938,0.5945597701,4
combination_0_run_4,4,PARAMETER_UNIFORM,BOUNDED_UNIFORM_MUTATION,A.png,9,2,0.2000000030,0.1000000015,0.1000000015,256,256,100,412345,418345,419345,420345,94,0.6000457854,0.5953445819,1
combination_0_run_4,4,PARAMETER_UNIFORM,BOUNDED_UNIFORM_MUTATION,A.png,9,2,0.2000000030,0.1000000015,0.1000000015,256,256,100,412345,418345,419345,420345,95,0.5982264548,0.5945147872,8
combination_0_run_4,4,PARAMETER_UNIFORM,BOUNDED_UNIFORM_MUTATION,A.png,9,2,0.2000000030,0.1000000015,0.1000000015,256,256,100,412345,418345,419345,420345,96,0.5973381373,0.5949880263,2
combination_0_run_4,4,PARAMETER_UNIFORM,BOUNDED_UNIFORM_MUTATION,A.png,9,2,0.2000000030,0.1000000015,0.1000000015,256,256,100,412345,418345,419345,420345,97,0.5986411113,0.5942414884,4
combination_0_run_4,4,PARAMETER_UNIFORM,BOUNDED_UNIFORM_MUTATION,A.png,9,2,0.2000000030,0.1000000015,0.1000000015,256,256,100,412345,418345,419345,420345,98,0.5987367423,0.5946543942,1
combination_0_run_4,4,PARAMETER_UNIFORM,BOUNDED_UNIFORM_MUTATION,A.png,9,2,0.2000000030,0.1000000015,0.1000000015,256,256,100,412345,418345,419345,420345,99,0.5965015056,0.5928085872,2
combination_0_run_4,4,PARAMETER_UNIFORM,BOUNDED_UNIFORM_MUTATION,A.png,9,2,0.2000000030,0.1000000015,0.1000000015,256,256,100,412345,418345,419345,420345,100,0.5978887345,0.5930294406,7
combination_1_run_0,0,PARAMETER_UNIFORM,GAUSSIAN_PARAMETER_MUTATION,A.png,9,2,0.2000000030,0.1000000015,0.1000000015,256,256,100,12345,18345,19345,20345,0,0.5978445791,0.5837501649,5
combination_1_run_0,0,PARAMETER_UNIFORM,GAUSSIAN_PARAMETER_MUTATION,A.png,9,2,0.2000000030,0.1000000015,0.1000000015,256,256,100,12345,18345,19345,20345,1,0.5938457186,0.5811018908,3
combination_1_run_0,0,PARAMETER_UNIFORM,GAUSSIAN_PARAMETER_MUTATION,A.png,9,2,0.2000000030,0.1000000015,0.1000000015,256,256,100,12345,18345,19345,20345,2,0.5951493948,0.5862401711,2
combination_1_run_0,0,PARAMETER_UNIFORM,GAUSSIAN_PARAMETER_MUTATION,A.png,9,2,0.2000000030,0.1000000015,0.1000000015,256,256,100,12345,18345,19345,20345,3,0.5977933178,0.5890417865,8
combination_1_run_0,0,PARAMETER_UNIFORM,GAUSSIAN_PARAMETER_MUTATION,A.png,9,2,0.2000000030,0.1000000015,0.1000000015,256,256,100,12345,18345,19345,20345,4,0.6001158927,0.5906313581,1
combination_1_run_0,0,PARAMETER_UNIFORM,GAUSSIAN_PARAMETER_MUTATION,A.png,9,2,0.2000000030,0.1000000015,0.1000000015,256,256,100,12345,18345,19345,20345,5,0.6011291128,0.5924056863,5
combination_1_run_0,0,PARAMETER_UNIFORM,GAUSSIAN_PARAMETER_MUTATION,A.png,9,2,0.2000000030,0.1000000015,0.1000000015,256,256,100,12345,18345,19345,20345,6,0.6036671645,0.5924760648,3
combination_1_run_0,0,PARAMETER_UNIFORM,GAUSSIAN_PARAMETER_MUTATION,A.png,9,2,0.2000000030,0.1000000015,0.1000000015,256,256,100,12345,18345,19345,20345,7,0.6036752139,0.5963120646,7
combination_1_run_0,0,PARAMETER_UNIFORM,GAUSSIAN_PARAMETER_MUTATION,A.png,9,2,0.2000000030,0.1000000015,0.1000000015,256,256,100,12345,18345,19345,20345,8,0.6023619750,0.5959638740,7
combination_1_run_0,0,PARAMETER_UNIFORM,GAUSSIAN_PARAMETER_MUTATION,A.png,9,2,0.2000000030,0.1000000015,0.1000000015,256,256,100,12345,18345,19345,20345,9,0.6003605233,0.5908711677,6
combination_1_run_0,0,PARAMETER_UNIFORM,GAUSSIAN_PARAMETER_MUTATION,A.png,9,2,0.2000000030,0.1000000015,0.1000000015,256,256,100,12345,18345,19345,20345,10,0.5957275819,0.5867752375,0
combination_1_run_0,0,PARAMETER_UNIFORM,GAUSSIAN_PARAMETER_MUTATION,A.png,9,2,0.2000000030,0.1000000015,0.1000000015,256,256,100,12345,18345,19345,20345,11,0.5949613190,0.5874118434,5
combination_1_run_0,0,PARAMETER_UNIFORM,GAUSSIAN_PARAMETER_MUTATION,A.png,9,2,0.2000000030,0.1000000015,0.1000000015,256,256,100,12345,18345,19345,20345,12,0.5997361924,0.5847529137,0
combination_1_run_0,0,PARAMETER_UNIFORM,GAUSSIAN_PARAMETER_MUTATION,A.png,9,2,0.2000000030,0.1000000015,0.1000000015,256,256,100,12345,18345,19345,20345,13,0.5915300913,0.5846920107,2
combination_1_run_0,0,PARAMETER_UNIFORM,GAUSSIAN_PARAMETER_MUTATION,A.png,9,2,0.2000000030,0.1000000015,0.1000000015,256,256,100,12345,18345,19345,20345,14,0.5959533769,0.5889672724,6
combination_1_run_0,0,PARAMETER_UNIFORM,GAUSSIAN_PARAMETER_MUTATION,A.png,9,2,0.2000000030,0.1000000015,0.1000000015,256,256,100,12345,18345,19345,20345,15,0.5990371053,0.5914200525,1
combination_1_run_0,0,PARAMETER_UNIFORM,GAUSSIAN_PARAMETER_MUTATION,A.png,9,2,0.2000000030,0.1000000015,0.1000000015,256,256,100,12345,18345,19345,20345,16,0.5986600043,0.5918546462,8
combination_1_run_0,0,PARAMETER_UNIFORM,GAUSSIAN_PARAMETER_MUTATION,A.png,9,2,0.2000000030,0.1000000015,0.1000000015,256,256,100,12345,18345,19345,20345,17,0.6021057204,0.5925538527,6
combination_1_run_0,0,PARAMETER_UNIFORM,GAUSSIAN_PARAMETER_MUTATION,A.png,9,2,0.2000000030,0.1000000015,0.1000000015,256,256,100,12345,18345,19345,20345,18,0.6018974971,0.5937774682,5
combination_1_run_0,0,PARAMETER_UNIFORM,GAUSSIAN_PARAMETER_MUTATION,A.png,9,2,0.2000000030,0.1000000015,0.1000000015,256,256,100,12345,18345,19345,20345,19,0.5993887556,0.5941938689,5
combination_1_run_0,0,PARAMETER_UNIFORM,GAUSSIAN_PARAMETER_MUTATION,A.png,9,2,0.2000000030,0.1000000015,0.1000000015,256,256,100,12345,18345,19345,20345,20,0.6027625856,0.5950091625,5
combination_1_run_0,0,PARAMETER_UNIFORM,GAUSSIAN_PARAMETER_MUTATION,A.png,9,2,0.2000000030,0.1000000015,0.1000000015,256,256,100,12345,18345,19345,20345,21,0.5999790735,0.5954314118,8
combination_1_run_0,0,PARAMETER_UNIFORM,GAUSSIAN_PARAMETER_MUTATION,A.png,9,2,0.2000000030,0.1000000015,0.1000000015,256,256,100,12345,18345,19345,20345,22,0.6016045430,0.5953170285,2
combination_1_run_0,0,PARAMETER_UNIFORM,GAUSSIAN_PARAMETER_MUTATION,A.png,9,2,0.2000000030,0.1000000015,0.1000000015,256,256,100,12345,18345,19345,20345,23,0.6021348168,0.5975823824,4
combination_1_run_0,0,PARAMETER_UNIFORM,GAUSSIAN_PARAMETER_MUTATION,A.png,9,2,0.2000000030,0.1000000015,0.1000000015,256,256,100,12345,18345,19345,20345,24,0.6076054232,0.5990518372,4
combination_1_run_0,0,PARAMETER_UNIFORM,GAUSSIAN_PARAMETER_MUTATION,A.png,9,2,0.2000000030,0.1000000015,0.1000000015,256,256,100,12345,18345,19345,20345,25,0.6016651221,0.5963404113,3
combination_1_run_0,0,PARAMETER_UNIFORM,GAUSSIAN_PARAMETER_MUTATION,A.png,9,2,0.2000000030,0.1000000015,0.1000000015,256,256,100,12345,18345,19345,20345,26,0.6038415076,0.5944207758,0
combination_1_run_0,0,PARAMETER_UNIFORM,GAUSSIAN_PARAMETER_MUTATION,A.png,9,2,0.2000000030,0.1000000015,0.1000000015,256,256,100,12345,18345,19345,20345,27,0.6009627380,0.5928493085,8
combination_1_run_0,0,PARAMETER_UNIFORM,GAUSSIAN_PARAMETER_MUTATION,A.png,9,2,0.2000000030,0.1000000015,0.1000000015,256,256,100,12345,18345,19345,20345,28,0.6028415269,0.5935142256,7
combination_1_run_0,0,PARAMETER_UNIFORM,GAUSSIAN_PARAMETER_MUTATION,A.png,9,2,0.2000000030,0.1000000015,0.1000000015,256,256,100,12345,18345,19345,20345,29,0.6007574634,0.5910846896,1
combination_1_run_0,0,PARAMETER_UNIFORM,GAUSSIAN_PARAMETER_MUTATION,A.png,9,2,0.2000000030,0.1000000015,0.1000000015,256,256,100,12345,18345,19345,20345,30,0.6027968985,0.5924324375,0
combination_1_run_0,0,PARAMETER_UNIFORM,GAUSSIAN_PARAMETER_MUTATION,A.png,9,2,0.2000000030,0.1000000015,0.1000000015,256,256,100,12345,18345,19345,20345,31,0.6057241997,0.5971029034,2
combination_1_run_0,0,PARAMETER_UNIFORM,GAUSSIAN_PARAMETER_MUTATION,A.png,9,2,0.2000000030,0.1000000015,0.1000000015,256,256,100,12345,18345,19345,20345,32,0.6070411553,0.5976274170,6
combination_1_run_0,0,PARAMETER_UNIFORM,GAUSSIAN_PARAMETER_MUTATION,A.png,9,2,0.2000000030,0.1000000015,0.1000000015,256,256,100,12345,18345,19345,20345,33,0.6047950498,0.5979011072,1
combination_1_run_0,0,PARAMETER_UNIFORM,GAUSSIAN_PARAMETER_MUTATION,A.png,9,2,0.2000000030,0.1000000015,0.1000000015,256,256,100,12345,18345,19345,20345,34,0.6010468336,0.5922470944,0
combination_1_run_0,0,PARAMETER_UNIFORM,GAUSSIAN_PARAMETER_MUTATION,A.png,9,2,0.2000000030,0.1000000015,0.1000000015,256,256,100,12345,18345,19345,20345,35,0.6004391739,0.5937821941,6
combination_1_run_0,0,PARAMETER_UNIFORM,GAUSSIAN_PARAMETER_MUTATION,A.png,9,2,0.2000000030,0.1000000015,0.1000000015,256,256,100,12345,18345,19345,20345,36,0.5992810915,0.5933858222,3
combination_1_run_0,0,PARAMETER_UNIFORM,GAUSSIAN_PARAMETER_MUTATION,A.png,9,2,0.2000000030,0.1000000015,0.1000000015,256,256,100,12345,18345,19345,20345,37,0.5997217157,0.5926707723,1
combination_1_run_0,0,PARAMETER_UNIFORM,GAUSSIAN_PARAMETER_MUTATION,A.png,9,2,0.2000000030,0.1000000015,0.1000000015,256,256,100,12345,18345,19345,20345,38,0.6036384763,0.5949231292,2
combination_1_run_0,0,PARAMETER_UNIFORM,GAUSSIAN_PARAMETER_MUTATION,A.png,9,2,0.2000000030,0.1000000015,0.1000000015,256,256,100,12345,18345,19345,20345,39,0.6052156988,0.5967918842,8
combination_1_run_0,0,PARAMETER_UNIFORM,GAUSSIAN_PARAMETER_MUTATION,A.png,9,2,0.2000000030,0.1000000015,0.1000000015,256,256,100,12345,18345,19345,20345,40,0.6035791786,0.5972953958,5
combination_1_run_0,0,PARAMETER_UNIFORM,GAUSSIAN_PARAMETER_MUTATION,A.png,9,2,0.2000000030,0.1000000015,0.1000000015,256,256,100,12345,18345,19345,20345,41,0.6017350071,0.5977555937,2
combination_1_run_0,0,PARAMETER_UNIFORM,GAUSSIAN_PARAMETER_MUTATION,A.png,9,2,0.2000000030,0.1000000015,0.1000000015,256,256,100,12345,18345,19345,20345,42,0.6012394924,0.5973090386,6
combination_1_run_0,0,PARAMETER_UNIFORM,GAUSSIAN_PARAMETER_MUTATION,A.png,9,2,0.2000000030,0.1000000015,0.1000000015,256,256,100,12345,18345,19345,20345,43,0.6043969351,0.5965276076,0
combination_1_run_0,0,PARAMETER_UNIFORM,GAUSSIAN_PARAMETER_MUTATION,A.png,9,2,0.2000000030,0.1000000015,0.1000000015,256,256,100,12345,18345,19345,20345,44,0.6042582668,0.5975871635,5
combination_1_run_0,0,PARAMETER_UNIFORM,GAUSSIAN_PARAMETER_MUTATION,A.png,9,2,0.2000000030,0.1000000015,0.1000000015,256,256,100,12345,18345,19345,20345,45,0.6027038087,0.5962185019,0
combination_1_run_0,0,PARAMETER_UNIFORM,GAUSSIAN_PARAMETER_MUTATION,A.png,9,2,0.2000000030,0.1000000015,0.1000000015,256,256,100,12345,18345,19345,20345,46,0.6040168547,0.5972829413,0
combination_1_run_0,0,PARAMETER_UNIFORM,GAUSSIAN_PARAMETER_MUTATION,A.png,9,2,0.2000000030,0.1000000015,0.1000000015,256,256,100,12345,18345,19345,20345,47,0.6087687225,0.6027681064,5
combination_1_run_0,0,PARAMETER_UNIFORM,GAUSSIAN_PARAMETER_MUTATION,A.png,9,2,0.2000000030,0.1000000015,0.1000000015,256,256,100,12345,18345,19345,20345,48,0.6063645691,0.6010546158,0
combination_1_run_0,0,PARAMETER_UNIFORM,GAUSSIAN_PARAMETER_MUTATION,A.png,9,2,0.2000000030,0.1000000015,0.1000000015,256,256,100,12345,18345,19345,20345,49,0.6077267455,0.5993473982,8
combination_1_run_0,0,PARAMETER_UNIFORM,GAUSSIAN_PARAMETER_MUTATION,A.png,9,2,0.2000000030,0.1000000015,0.1000000015,256,256,100,12345,18345,19345,20345,50,0.6083005394,0.5980111554,2
combination_1_run_0,0,PARAMETER_UNIFORM,GAUSSIAN_PARAMETER_MUTATION,A.png,9,2,0.2000000030,0.1000000015,0.1000000015,256,256,100,12345,18345,19345,20345,51,0.6082606015,0.6002614243,4
combination_1_run_0,0,PARAMETER_UNIFORM,GAUSSIAN_PARAMETER_MUTATION,A.png,9,2,0.2000000030,0.1000000015,0.1000000015,256,256,100,12345,18345,19345,20345,52,0.6063645953,0.5977870465,0
combination_1_run_0,0,PARAMETER_UNIFORM,GAUSSIAN_PARAMETER_MUTATION,A.png,9,2,0.2000000030,0.1000000015,0.1000000015,256,256,100,12345,18345,19345,20345,53,0.6035465163,0.5995565458,3
combination_1_run_0,0,PARAMETER_UNIFORM,GAUSSIAN_PARAMETER_MUTATION,A.png,9,2,0.2000000030,0.1000000015,0.1000000015,256,256,100,12345,18345,19345,20345,54,0.6091732172,0.5967736769,2
combination_1_run_0,0,PARAMETER_UNIFORM,GAUSSIAN_PARAMETER_MUTATION,A.png,9,2,0.2000000030,0.1000000015,0.1000000015,256,256,100,12345,18345,19345,20345,55,0.6070817412,0.5996011992,5
combination_1_run_0,0,PARAMETER_UNIFORM,GAUSSIAN_PARAMETER_MUTATION,A.png,9,2,0.2000000030,0.1000000015,0.1000000015,256,256,100,12345,18345,19345,20345,56,0.6031141149,0.5986408604,0
combination_1_run_0,0,PARAMETER_UNIFORM,GAUSSIAN_PARAMETER_MUTATION,A.png,9,2,0.2000000030,0.1000000015,0.1000000015,256,256,100,12345,18345,19345,20345,57,0.6041728991,0.5989257968,4
combination_1_run_0,0,PARAMETER_UNIFORM,GAUSSIAN_PARAMETER_MUTATION,A.png,9,2,0.2000000030,0.1000000015,0.1000000015,256,256,100,12345,18345,19345,20345,58,0.6069034137,0.6000270545,3
combination_1_run_0,0,PARAMETER_UNIFORM,GAUSSIAN_PARAMETER_MUTATION,A.png,9,2,0.2000000030,0.1000000015,0.1000000015,256,256,100,12345,18345,19345,20345,59,0.6086219377,0.5987964369,8
combination_1_run_0,0,PARAMETER_UNIFORM,GAUSSIAN_PARAMETER_MUTATION,A.png,9,2,0.2000000030,0.1000000015,0.1000000015,256,256,100,12345,18345,19345,20345,60,0.6063644978,0.5941550023,3
combination_1_run_0,0,PARAMETER_UNIFORM,GAUSSIAN_PARAMETER_MUTATION,A.png,9,2,0.2000000030,0.1000000015,0.1000000015,256,256,100,12345,18345,19345,20345,61,0.6031132023,0.5934635750,4
combination_1_run_0,0,PARAMETER_UNIFORM,GAUSSIAN_PARAMETER_MUTATION,A.png,9,2,0.2000000030,0.1000000015,0.1000000015,256,256,100,12345,18345,19345,20345,62,0.6041441690,0.5951965230,7
combination_1_run_0,0,PARAMETER_UNIFORM,GAUSSIAN_PARAMETER_MUTATION,A.png,9,2,0.2000000030,0.1000000015,0.1000000015,256,256,100,12345,18345,19345,20345,63,0.6024647716,0.5943028173,5
combination_1_run_0,0,PARAMETER_UNIFORM,GAUSSIAN_PARAMETER_MUTATION,A.png,9,2,0.2000000030,0.1000000015,0.1000000015,256,256,100,12345,18345,19345,20345,64,0.6067413922,0.5988459358,2
combination_1_run_0,0,PARAMETER_UNIFORM,GAUSSIAN_PARAMETER_MUTATION,A.png,9,2,0.2000000030,0.1000000015,0.1000000015,256,256,100,12345,18345,19345,20345,65,0.6058187984,0.5964979074,5
combination_1_run_0,0,PARAMETER_UNIFORM,GAUSSIAN_PARAMETER_MUTATION,A.png,9,2,0.2000000030,0.1000000015,0.1000000015,256,256,100,12345,18345,19345,20345,66,0.6009118762,0.5961464359,1
combination_1_run_0,0,PARAMETER_UNIFORM,GAUSSIAN_PARAMETER_MUTATION,A.png,9,2,0.2000000030,0.1000000015,0.1000000015,256,256,100,12345,18345,19345,20345,67,0.5995377870,0.5916320079,1
combination_1_run_0,0,PARAMETER_UNIFORM,GAUSSIAN_PARAMETER_MUTATION,A.png,9,2,0.2000000030,0.1000000015,0.1000000015,256,256,100,12345,18345,19345,20345,68,0.6020718637,0.5922701790,3
combination_1_run_0,0,PARAMETER_UNIFORM,GAUSSIAN_PARAMETER_MUTATION,A.png,9,2,0.2000000030,0.1000000015,0.1000000015,256,256,100,12345,18345,19345,20345,69,0.6037467639,0.5908967575,4
combination_1_run_0,0,PARAMETER_UNIFORM,GAUSSIAN_PARAMETER_MUTATION,A.png,9,2,0.2000000030,0.1000000015,0.1000000015,256,256,100,12345,18345,19345,20345,70,0.6035633259,0.5906270574,1
combination_1_run_0,0,PARAMETER_UNIFORM,GAUSSIAN_PARAMETER_MUTATION,A.png,9,2,0.2000000030,0.1000000015,0.1000000015,256,256,100,12345,18345,19345,20345,71,0.5972132819,0.5894216034,5
combination_1_run_0,0,PARAMETER_UNIFORM,GAUSSIAN_PARAMETER_MUTATION,A.png,9,2,0.2000000030,0.1000000015,0.1000000015,256,256,100,12345,18345,19345,20345,72,0.6022975799,0.5945551879,1
combination_1_run_0,0,PARAMETER_UNIFORM,GAUSSIAN_PARAMETER_MUTATION,A.png,9,2,0.2000000030,0.1000000015,0.1000000015,256,256,100,12345,18345,19345,20345,73,0.6024789952,0.5949427421,4
combination_1_run_0,0,PARAMETER_UNIFORM,GAUSSIAN_PARAMETER_MUTATION,A.png,9,2,0.2000000030,0.1000000015,0.1000000015,256,256,100,12345,18345,19345,20345,74,0.6014158148,0.5937376664,7
combination_1_run_0,0,PARAMETER_UNIFORM,GAUSSIAN_PARAMETER_MUTATION,A.png,9,2,0.2000000030,0.1000000015,0.1000000015,256,256,100,12345,18345,19345,20345,75,0.6002716359,0.5933164223,8
combination_1_run_0,0,PARAMETER_UNIFORM,GAUSSIAN_PARAMETER_MUTATION,A.png,9,2,0.2000000030,0.1000000015,0.1000000015,256,256,100,12345,18345,19345,20345,76,0.6003683901,0.5934898074,7
combination_1_run_0,0,PARAMETER_UNIFORM,GAUSSIAN_PARAMETER_MUTATION,A.png,9,2,0.2000000030,0.1000000015,0.1000000015,256,256,100,12345,18345,19345,20345,77,0.5986537119,0.5927983560,5
combination_1_run_0,0,PARAMETER_UNIFORM,GAUSSIAN_PARAMETER_MUTATION,A.png,9,2,0.2000000030,0.1000000015,0.1000000015,256,256,100,12345,18345,19345,20345,78,0.6004017737,0.5945769087,2
combination_1_run_0,0,PARAMETER_UNIFORM,GAUSSIAN_PARAMETER_MUTATION,A.png,9,2,0.2000000030,0.1000000015,0.1000000015,256,256,100,12345,18345,19345,20345,79,0.6012462758,0.5935507570,8
combination_1_run_0,0,PARAMETER_UNIFORM,GAUSSIAN_PARAMETER_MUTATION,A.png,9,2,0.2000000030,0.1000000015,0.1000000015,256,256,100,12345,18345,19345,20345,80,0.6035246669,0.5895001763,0
combination_1_run_0,0,PARAMETER_UNIFORM,GAUSSIAN_PARAMETER_MUTATION,A.png,9,2,0.2000000030,0.1000000015,0.1000000015,256,256,100,12345,18345,19345,20345,81,0.6039992640,0.5861848745,4
combination_1_run_0,0,PARAMETER_UNIFORM,GAUSSIAN_PARAMETER_MUTATION,A.png,9,2,0.2000000030,0.1000000015,0.1000000015,256,256,100,12345,18345,19345,20345,82,0.6024952765,0.5877689836,7
combination_1_run_0,0,PARAMETER_UNIFORM,GAUSSIAN_PARAMETER_MUTATION,A.png,9,2,0.2000000030,0.1000000015,0.1000000015,256,256,100,12345,18345,19345,20345,83,0.6021449387,0.5871528308,5
combination_1_run_0,0,PARAMETER_UNIFORM,GAUSSIAN_PARAMETER_MUTATION,A.png,9,2,0.2000000030,0.1000000015,0.1000000015,256,256,100,12345,18345,19345,20345,84,0.6010263574,0.5910137770,2
combination_1_run_0,0,PARAMETER_UNIFORM,GAUSSIAN_PARAMETER_MUTATION,A.png,9,2,0.2000000030,0.1000000015,0.1000000015,256,256,100,12345,18345,19345,20345,85,0.6015553193,0.5937728456,5
combination_1_run_0,0,PARAMETER_UNIFORM,GAUSSIAN_PARAMETER_MUTATION,A.png,9,2,0.2000000030,0.1000000015,0.1000000015,256,256,100,12345,18345,19345,20345,86,0.6022363456,0.5942649667,3
combination_1_run_0,0,PARAMETER_UNIFORM,GAUSSIAN_PARAMETER_MUTATION,A.png,9,2,0.2000000030,0.1000000015,0.1000000015,256,256,100,12345,18345,19345,20345,87,0.6026640126,0.5953428740,3
combination_1_run_0,0,PARAMETER_UNIFORM,GAUSSIAN_PARAMETER_MUTATION,A.png,9,2,0.2000000030,0.1000000015,0.1000000015,256,256,100,12345,18345,19345,20345,88,0.6023197973,0.5945555390,6
combination_1_run_0,0,PARAMETER_UNIFORM,GAUSSIAN_PARAMETER_MUTATION,A.png,9,2,0.2000000030,0.1000000015,0.1000000015,256,256,100,12345,18345,19345,20345,89,0.6050287589,0.5876666780,0
combination_1_run_0,0,PARAMETER_UNIFORM,GAUSSIAN_PARAMETER_MUTATION,A.png,9,2,0.2000000030,0.1000000015,0.1000000015,256,256,100,12345,18345,19345,20345,90,0.6051534208,0.5933492053,3
combination_1_run_0,0,PARAMETER_UNIFORM,GAUSSIAN_PARAMETER_MUTATION,A.png,9,2,0.2000000030,0.1000000015,0.1000000015,256,256,100,12345,18345,19345,20345,91,0.6048170098,0.5956338290,6
combination_1_run_0,0,PARAMETER_UNIFORM,GAUSSIAN_PARAMETER_MUTATION,A.png,9,2,0.2000000030,0.1000000015,0.1000000015,256,256,100,12345,18345,19345,20345,92,0.6064710155,0.5993941700,5
combination_1_run_0,0,PARAMETER_UNIFORM,GAUSSIAN_PARAMETER_MUTATION,A.png,9,2,0.2000000030,0.1000000015,0.1000000015,256,256,100,12345,18345,19345,20345,93,0.6102387538,0.5994197761,5
combination_1_run_0,0,PARAMETER_UNIFORM,GAUSSIAN_PARAMETER_MUTATION,A.png,9,2,0.2000000030,0.1000000015,0.1000000015,256,256,100,12345,18345,19345,20345,94,0.6068713007,0.6012046675,8
combination_1_run_0,0,PARAMETER_UNIFORM,GAUSSIAN_PARAMETER_MUTATION,A.png,9,2,0.2000000030,0.1000000015,0.1000000015,256,256,100,12345,18345,19345,20345,95,0.6068713007,0.6006766626,0
combination_1_run_0,0,PARAMETER_UNIFORM,GAUSSIAN_PARAMETER_MUTATION,A.png,9,2,0.2000000030,0.1000000015,0.1000000015,256,256,100,12345,18345,19345,20345,96,0.6058633296,0.5977455690,0
combination_1_run_0,0,PARAMETER_UNIFORM,GAUSSIAN_PARAMETER_MUTATION,A.png,9,2,0.2000000030,0.1000000015,0.1000000015,256,256,100,12345,18345,19345,20345,97,0.6045183703,0.5956287167,6
combination_1_run_0,0,PARAMETER_UNIFORM,GAUSSIAN_PARAMETER_MUTATION,A.png,9,2,0.2000000030,0.1000000015,0.1000000015,256,256,100,12345,18345,19345,20345,98,0.6035342615,0.5976873974,0
combination_1_run_0,0,PARAMETER_UNIFORM,GAUSSIAN_PARAMETER_MUTATION,A.png,9,2,0.2000000030,0.1000000015,0.1000000015,256,256,100,12345,18345,19345,20345,99,0.6046019319,0.5976646806,4
combination_1_run_0,0,PARAMETER_UNIFORM,GAUSSIAN_PARAMETER_MUTATION,A.png,9,2,0.2000000030,0.1000000015,0.1000000015,256,256,100,12345,18345,19345,20345,100,0.6018865003,0.5959079890,8
combination_1_run_1,1,PARAMETER_UNIFORM,GAUSSIAN_PARAMETER_MUTATION,A.png,9,2,0.2000000030,0.1000000015,0.1000000015,256,256,100,112345,118345,119345,120345,0,0.6108660754,0.5915035875,0
combination_1_run_1,1,PARAMETER_UNIFORM,GAUSSIAN_PARAMETER_MUTATION,A.png,9,2,0.2000000030,0.1000000015,0.1000000015,256,256,100,112345,118345,119345,120345,1,0.6053466425,0.5901117921,0
combination_1_run_1,1,PARAMETER_UNIFORM,GAUSSIAN_PARAMETER_MUTATION,A.png,9,2,0.2000000030,0.1000000015,0.1000000015,256,256,100,112345,118345,119345,120345,2,0.6010485599,0.5862938550,4
combination_1_run_1,1,PARAMETER_UNIFORM,GAUSSIAN_PARAMETER_MUTATION,A.png,9,2,0.2000000030,0.1000000015,0.1000000015,256,256,100,112345,118345,119345,120345,3,0.5982692799,0.5887394097,4
combination_1_run_1,1,PARAMETER_UNIFORM,GAUSSIAN_PARAMETER_MUTATION,A.png,9,2,0.2000000030,0.1000000015,0.1000000015,256,256,100,112345,118345,119345,120345,4,0.6023435013,0.5907432096,2
combination_1_run_1,1,PARAMETER_UNIFORM,GAUSSIAN_PARAMETER_MUTATION,A.png,9,2,0.2000000030,0.1000000015,0.1000000015,256,256,100,112345,118345,119345,120345,5,0.5957888358,0.5860501847,4
combination_1_run_1,1,PARAMETER_UNIFORM,GAUSSIAN_PARAMETER_MUTATION,A.png,9,2,0.2000000030,0.1000000015,0.1000000015,256,256,100,112345,118345,119345,120345,6,0.5961811306,0.5875586436,3
combination_1_run_1,1,PARAMETER_UNIFORM,GAUSSIAN_PARAMETER_MUTATION,A.png,9,2,0.2000000030,0.1000000015,0.1000000015,256,256,100,112345,118345,119345,120345,7,0.5969397095,0.5860408627,8
combination_1_run_1,1,PARAMETER_UNIFORM,GAUSSIAN_PARAMETER_MUTATION,A.png,9,2,0.2000000030,0.1000000015,0.1000000015,256,256,100,112345,118345,119345,120345,8,0.5895336000,0.5842056577,5
combination_1_run_1,1,PARAMETER_UNIFORM,GAUSSIAN_PARAMETER_MUTATION,A.png,9,2,0.2000000030,0.1000000015,0.1000000015,256,256,100,112345,118345,119345,120345,9,0.5978340895,0.5825350307,7
combination_1_run_1,1,PARAMETER_UNIFORM,GAUSSIAN_PARAMETER_MUTATION,A.png,9,2,0.2000000030,0.1000000015,0.1000000015,256,256,100,112345,118345,119345,120345,10,0.5931195154,0.5801867341,8
combination_1_run_1,1,PARAMETER_UNIFORM,GAUSSIAN_PARAMETER_MUTATION,A.png,9,2,0.2000000030,0.1000000015,0.1000000015,256,256,100,112345,118345,119345,120345,11,0.5931195154,0.5799621529,1
combination_1_run_1,1,PARAMETER_UNIFORM,GAUSSIAN_PARAMETER_MUTATION,A.png,9,2,0.2000000030,0.1000000015,0.1000000015,256,256,100,112345,118345,119345,120345,12,0.5974427379,0.5811769075,3
combination_1_run_1,1,PARAMETER_UNIFORM,GAUSSIAN_PARAMETER_MUTATION,A.png,9,2,0.2000000030,0.1000000015,0.1000000015,256,256,100,112345,118345,119345,120345,13,0.5932952237,0.5808961303,1
combination_1_run_1,1,PARAMETER_UNIFORM,GAUSSIAN_PARAMETER_MUTATION,A.png,9,2,0.2000000030,0.1000000015,0.1000000015,256,256,100,112345,118345,119345,120345,14,0.5926942678,0.5802824176,3
combination_1_run_1,1,PARAMETER_UNIFORM,GAUSSIAN_PARAMETER_MUTATION,A.png,9,2,0.2000000030,0.1000000015,0.1000000015,256,256,100,112345,118345,119345,120345,15,0.6022702529,0.5821860654,3
combination_1_run_1,1,PARAMETER_UNIFORM,GAUSSIAN_PARAMETER_MUTATION,A.png,9,2,0.2000000030,0.1000000015,0.1000000015,256,256,100,112345,118345,119345,120345,16,0.5891334514,0.5803043781,6
combination_1_run_1,1,PARAMETER_UNIFORM,GAUSSIAN_PARAMETER_MUTATION,A.png,9,2,0.2000000030,0.1000000015,0.1000000015,256,256,100,112345,118345,119345,120345,17,0.5915750416,0.5814674108,0
combination_1_run_1,1,PARAMETER_UNIFORM,GAUSSIAN_PARAMETER_MUTATION,A.png,9,2,0.2000000030,0.1000000015,0.1000000015,256,256,100,112345,118345,119345,120345,18,0.5906982991,0.5827538776,6
combination_1_run_1,1,PARAMETER_UNIFORM,GAUSSIAN_PARAMETER_MUTATION,A.png,9,2,0.2000000030,0.1000000015,0.1000000015,256,256,100,112345,118345,119345,120345,19,0.5913860244,0.5826215926,8
combination_1_run_1,1,PARAMETER_UNIFORM,GAUSSIAN_PARAMETER_MUTATION,A.png,9,2,0.2000000030,0.1000000015,0.1000000015,256,256,100,112345,118345,119345,120345,20,0.5901172485,0.5815775910,1
combination_1_run_1,1,PARAMETER_UNIFORM,GAUSSIAN_PARAMETER_MUTATION,A.png,9,2,0.2000000030,0.1000000015,0.1000000015,256,256,100,112345,118345,119345,120345,21,0.5857216161,0.5821293638,8
combination_1_run_1,1,PARAMETER_UNIFORM,GAUSSIAN_PARAMETER_MUTATION,A.png,9,2,0.2000000030,0.1000000015,0.1000000015,256,256,100,112345,118345,119345,120345,22,0.5864378688,0.5805309434,0
combination_1_run_1,1,PARAMETER_UNIFORM,GAUSSIAN_PARAMETER_MUTATION,A.png,9,2,0.2000000030,0.1000000015,0.1000000015,256,256,100,112345,118345,119345,120345,23,0.5862342984,0.5806878449,1
combination_1_run_1,1,PARAMETER_UNIFORM,GAUSSIAN_PARAMETER_MUTATION,A.png,9,2,0.2000000030,0.1000000015,0.1000000015,256,256,100,112345,118345,119345,120345,24,0.5855595679,0.5796341817,7
combination_1_run_1,1,PARAMETER_UNIFORM,GAUSSIAN_PARAMETER_MUTATION,A.png,9,2,0.2000000030,0.1000000015,0.1000000015,256,256,100,112345,118345,119345,120345,25,0.5830965710,0.5781133599,8
combination_1_run_1,1,PARAMETER_UNIFORM,GAUSSIAN_PARAMETER_MUTATION,A.png,9,2,0.2000000030,0.1000000015,0.1000000015,256,256,100,112345,118345,119345,120345,26,0.5825286459,0.5772395243,2
combination_1_run_1,1,PARAMETER_UNIFORM,GAUSSIAN_PARAMETER_MUTATION,A.png,9,2,0.2000000030,0.1000000015,0.1000000015,256,256,100,112345,118345,119345,120345,27,0.5880377517,0.5796881446,6
combination_1_run_1,1,PARAMETER_UNIFORM,GAUSSIAN_PARAMETER_MUTATION,A.png,9,2,0.2000000030,0.1000000015,0.1000000015,256,256,100,112345,118345,119345,120345,28,0.5895302339,0.5811657629,3
combination_1_run_1,1,PARAMETER_UNIFORM,GAUSSIAN_PARAMETER_MUTATION,A.png,9,2,0.2000000030,0.1000000015,0.1000000015,256,256,100,112345,118345,119345,120345,29,0.5894077653,0.5810274401,5
combination_1_run_1,1,PARAMETER_UNIFORM,GAUSSIAN_PARAMETER_MUTATION,A.png,9,2,0.2000000030,0.1000000015,0.1000000015,256,256,100,112345,118345,119345,120345,30,0.5863722720,0.5787750157,6
combination_1_run_1,1,PARAMETER_UNIFORM,GAUSSIAN_PARAMETER_MUTATION,A.png,9,2,0.2000000030,0.1000000015,0.1000000015,256,256,100,112345,118345,119345,120345,31,0.5928416364,0.5806825795,7
combination_1_run_1,1,PARAMETER_UNIFORM,GAUSSIAN_PARAMETER_MUTATION,A.png,9,2,0.2000000030,0.1000000015,0.1000000015,256,256,100,112345,118345,119345,120345,32,0.5983233374,0.5839311951,6
combination_1_run_1,1,PARAMETER_UNIFORM,GAUSSIAN_PARAMETER_MUTATION,A.png,9,2,0.2000000030,0.1000000015,0.1000000015,256,256,100,112345,118345,119345,120345,33,0.5983171300,0.5809612728,8
combination_1_run_1,1,PARAMETER_UNIFORM,GAUSSIAN_PARAMETER_MUTATION,A.png,9,2,0.2000000030,0.1000000015,0.1000000015,256,256,100,112345,118345,119345,120345,34,0.5893669596,0.5783546291,5
combination_1_run_1,1,PARAMETER_UNIFORM,GAUSSIAN_PARAMETER_MUTATION,A.png,9,2,0.2000000030,0.1000000015,0.1000000015,256,256,100,112345,118345,119345,120345,35,0.5855125440,0.5775730145,8
combination_1_run_1,1,PARAMETER_UNIFORM,GAUSSIAN_PARAMETER_MUTATION,A.png,9,2,0.2000000030,0.1000000015,0.1000000015,256,256,100,112345,118345,119345,120345,36,0.5870641474,0.5810056316,5
combination_1_run_1,1,PARAMETER_UNIFORM,GAUSSIAN_PARAMETER_MUTATION,A.png,9,2,0.2000000030,0.1000000015,0.1000000015,256,256,100,112345,118345,119345,120345,37,0.5903900354,0.5800823322,3
combination_1_run_1,1,PARAMETER_UNIFORM,GAUSSIAN_PARAMETER_MUTATION,A.png,9,2,0.2000000030,0.1000000015,0.1000000015,256,256,100,112345,118345,119345,120345,38,0.5865497556,0.5796175208,7
combination_1_run_1,1,PARAMETER_UNIFORM,GAUSSIAN_PARAMETER_MUTATION,A.png,9,2,0.2000000030,0.1000000015,0.1000000015,256,256,100,112345,118345,119345,120345,39,0.5887031040,0.5805880103,6
combination_1_run_1,1,PARAMETER_UNIFORM,GAUSSIAN_PARAMETER_MUTATION,A.png,9,2,0.2000000030,0.1000000015,0.1000000015,256,256,100,112345,118345,119345,120345,40,0.5998550874,0.5832890593,2
combination_1_run_1,1,PARAMETER_UNIFORM,GAUSSIAN_PARAMETER_MUTATION,A.png,9,2,0.2000000030,0.1000000015,0.1000000015,256,256,100,112345,118345,119345,120345,41,0.5909678965,0.5796613045,2
combination_1_run_1,1,PARAMETER_UNIFORM,GAUSSIAN_PARAMETER_MUTATION,A.png,9,2,0.2000000030,0.1000000015,0.1000000015,256,256,100,112345,118345,119345,120345,42,0.5859145006,0.5779485210,5
combination_1_run_1,1,PARAMETER_UNIFORM,GAUSSIAN_PARAMETER_MUTATION,A.png,9,2,0.2000000030,0.1000000015,0.1000000015,256,256,100,112345,118345,119345,120345,43,0.5897442119,0.5811087583,0
combination_1_run_1,1,PARAMETER_UNIFORM,GAUSSIAN_PARAMETER_MUTATION,A.png,9,2,0.2000000030,0.1000000015,0.1000000015,256,256,100,112345,118345,119345,120345,44,0.5881858734,0.5830067030,3
combination_1_run_1,1,PARAMETER_UNIFORM,GAUSSIAN_PARAMETER_MUTATION,A.png,9,2,0.2000000030,0.1000000015,0.1000000015,256,256,100,112345,118345,119345,120345,45,0.5836767487,0.5743106174,7
combination_1_run_1,1,PARAMETER_UNIFORM,GAUSSIAN_PARAMETER_MUTATION,A.png,9,2,0.2000000030,0.1000000015,0.1000000015,256,256,100,112345,118345,119345,120345,46,0.5901086788,0.5799095608,7
combination_1_run_1,1,PARAMETER_UNIFORM,GAUSSIAN_PARAMETER_MUTATION,A.png,9,2,0.2000000030,0.1000000015,0.1000000015,256,256,100,112345,118345,119345,120345,47,0.5881947582,0.5790267316,6
combination_1_run_1,1,PARAMETER_UNIFORM,GAUSSIAN_PARAMETER_MUTATION,A.png,9,2,0.2000000030,0.1000000015,0.1000000015,256,256,100,112345,118345,119345,120345,48,0.5920457028,0.5821265351,3
combination_1_run_1,1,PARAMETER_UNIFORM,GAUSSIAN_PARAMETER_MUTATION,A.png,9,2,0.2000000030,0.1000000015,0.1000000015,256,256,100,112345,118345,119345,120345,49,0.5902419782,0.5849113109,8
combination_1_run_1,1,PARAMETER_UNIFORM,GAUSSIAN_PARAMETER_MUTATION,A.png,9,2,0.2000000030,0.1000000015,0.1000000015,256,256,100,112345,118345,119345,120345,50,0.5883075727,0.5839474187,0
combination_1_run_1,1,PARAMETER_UNIFORM,GAUSSIAN_PARAMETER_MUTATION,A.png,9,2,0.2000000030,0.1000000015,0.1000000015,256,256,100,112345,118345,119345,120345,51,0.6005723119,0.5861754717,6
combination_1_run_1,1,PARAMETER_UNIFORM,GAUSSIAN_PARAMETER_MUTATION,A.png,9,2,0.2000000030,0.1000000015,0.1000000015,256,256,100,112345,118345,119345,120345,52,0.6001343427,0.5885378578,3
combination_1_run_1,1,PARAMETER_UNIFORM,GAUSSIAN_PARAMETER_MUTATION,A.png,9,2,0.2000000030,0.1000000015,0.1000000015,256,256,100,112345,118345,119345,120345,53,0.6027205913,0.5887166209,2
combination_1_run_1,1,PARAMETER_UNIFORM,GAUSSIAN_PARAMETER_MUTATION,A.png,9,2,0.2000000030,0.1000000015,0.1000000015,256,256,100,112345,118345,119345,120345,54,0.6012253569,0.5922140320,4
combination_1_run_1,1,PARAMETER_UNIFORM,GAUSSIAN_PARAMETER_MUTATION,A.png,9,2,0.2000000030,0.1000000015,0.1000000015,256,256,100,112345,118345,119345,120345,55,0.6054709653,0.5899368205,5
combination_1_run_1,1,PARAMETER_UNIFORM,GAUSSIAN_PARAMETER_MUTATION,A.png,9,2,0.2000000030,0.1000000015,0.1000000015,256,256,100,112345,118345,119345,120345,56,0.6055204171,0.5856339788,2
combination_1_run_1,1,PARAMETER_UNIFORM,GAUSSIAN_PARAMETER_MUTATION,A.png,9,2,0.2000000030,0.1000000015,0.1000000015,256,256,100,112345,118345,119345,120345,57,0.5979790502,0.5848673277,8
combination_1_run_1,1,PARAMETER_UNIFORM,GAUSSIAN_PARAMETER_MUTATION,A.png,9,2,0.2000000030,0.1000000015,0.1000000015,256,256,100,112345,118345,119345,120345,58,0.5961060103,0.5799743491,1
combination_1_run_1,1,PARAMETER_UNIFORM,GAUSSIAN_PARAMETER_MUTATION,A.png,9,2,0.2000000030,0.1000000015,0.1000000015,256,256,100,112345,118345,119345,120345,59,0.5977244142,0.5787026260,7
combination_1_run_1,1,PARAMETER_UNIFORM,GAUSSIAN_PARAMETER_MUTATION,A.png,9,2,0.2000000030,0.1000000015,0.1000000015,256,256,100,112345,118345,119345,120345,60,0.5841659295,0.5793854107,7
combination_1_run_1,1,PARAMETER_UNIFORM,GAUSSIAN_PARAMETER_MUTATION,A.png,9,2,0.2000000030,0.1000000015,0.1000000015,256,256,100,112345,118345,119345,120345,61,0.5841039892,0.5818121885,5
combination_1_run_1,1,PARAMETER_UNIFORM,GAUSSIAN_PARAMETER_MUTATION,A.png,9,2,0.2000000030,0.1000000015,0.1000000015,256,256,100,112345,118345,119345,120345,62,0.5833108612,0.5795662354,8
combination_1_run_1,1,PARAMETER_UNIFORM,GAUSSIAN_PARAMETER_MUTATION,A.png,9,2,0.2000000030,0.1000000015,0.1000000015,256,256,100,112345,118345,119345,120345,63,0.5951938496,0.5821784510,7
combination_1_run_1,1,PARAMETER_UNIFORM,GAUSSIAN_PARAMETER_MUTATION,A.png,9,2,0.2000000030,0.1000000015,0.1000000015,256,256,100,112345,118345,119345,120345,64,0.5855021276,0.5775734276,4
combination_1_run_1,1,PARAMETER_UNIFORM,GAUSSIAN_PARAMETER_MUTATION,A.png,9,2,0.2000000030,0.1000000015,0.1000000015,256,256,100,112345,118345,119345,120345,65,0.5860208634,0.5773058036,8
combination_1_run_1,1,PARAMETER_UNIFORM,GAUSSIAN_PARAMETER_MUTATION,A.png,9,2,0.2000000030,0.1000000015,0.1000000015,256,256,100,112345,118345,119345,120345,66,0.5871238406,0.5778026695,8
combination_1_run_1,1,PARAMETER_UNIFORM,GAUSSIAN_PARAMETER_MUTATION,A.png,9,2,0.2000000030,0.1000000015,0.1000000015,256,256,100,112345,118345,119345,120345,67,0.5939123354,0.5794959958,8
combination_1_run_1,1,PARAMETER_UNIFORM,GAUSSIAN_PARAMETER_MUTATION,A.png,9,2,0.2000000030,0.1000000015,0.1000000015,256,256,100,112345,118345,119345,120345,68,0.5984112525,0.5801675352,5
combination_1_run_1,1,PARAMETER_UNIFORM,GAUSSIAN_PARAMETER_MUTATION,A.png,9,2,0.2000000030,0.1000000015,0.1000000015,256,256,100,112345,118345,119345,120345,69,0.6000012293,0.5832940488,1
combination_1_run_1,1,PARAMETER_UNIFORM,GAUSSIAN_PARAMETER_MUTATION,A.png,9,2,0.2000000030,0.1000000015,0.1000000015,256,256,100,112345,118345,119345,120345,70,0.5957547747,0.5821507750,3
combination_1_run_1,1,PARAMETER_UNIFORM,GAUSSIAN_PARAMETER_MUTATION,A.png,9,2,0.2000000030,0.1000000015,0.1000000015,256,256,100,112345,118345,119345,120345,71,0.5945461942,0.5809521121,2
combination_1_run_1,1,PARAMETER_UNIFORM,GAUSSIAN_PARAMETER_MUTATION,A.png,9,2,0.2000000030,0.1000000015,0.1000000015,256,256,100,112345,118345,119345,120345,72,0.5918246329,0.5821025377,4
combination_1_run_1,1,PARAMETER_UNIFORM,GAUSSIAN_PARAMETER_MUTATION,A.png,9,2,0.2000000030,0.1000000015,0.1000000015,256,256,100,112345,118345,119345,120345,73,0.5940274691,0.5794290960,2
combination_1_run_1,1,PARAMETER_UNIFORM,GAUSSIAN_PARAMETER_MUTATION,A.png,9,2,0.2000000030,0.1000000015,0.1000000015,256,256,100,112345,118345,119345,120345,74,0.5979523275,0.5828908312,0
combination_1_run_1,1,PARAMETER_UNIFORM,GAUSSIAN_PARAMETER_MUTATION,A.png,9,2,0.2000000030,0.1000000015,0.1000000015,256,256,100,112345,118345,119345,120345,75,0.5965182314,0.5822105642,4
combination_1_run_1,1,PARAMETER_UNIFORM,GAUSSIAN_PARAMETER_MUTATION,A.png,9,2,0.2000000030,0.1000000015,0.1000000015,256,256,100,112345,118345,119345,120345,76,0.6011383406,0.5845514724,2
combination_1_run_1,1,PARAMETER_UNIFORM,GAUSSIAN_PARAMETER_MUTATION,A.png,9,2,0.2000000030,0.1000000015,0.1000000015,256,256,100,112345,118345,119345,120345,77,0.5935417374,0.5831782191,2
combination_1_run_1,1,PARAMETER_UNIFORM,GAUSSIAN_PARAMETER_MUTATION,A.png,9,2,0.2000000030,0.1000000015,0.1000000015,256,256,100,112345,118345,119345,120345,78,0.5877181985,0.5775319239,3
combination_1_run_1,1,PARAMETER_UNIFORM,GAUSSIAN_PARAMETER_MUTATION,A.png,9,2,0.2000000030,0.1000000015,0.1000000015,256,256,100,112345,118345,119345,120345,79,0.5835282975,0.5767016051,3
combination_1_run_1,1,PARAMETER_UNIFORM,GAUSSIAN_PARAMETER_MUTATION,A.png,9,2,0.2000000030,0.1000000015,0.1000000015,256,256,100,112345,118345,119345,120345,80,0.5878502893,0.5784126948,3
combination_1_run_1,1,PARAMETER_UNIFORM,GAUSSIAN_PARAMETER_MUTATION,A.png,9,2,0.2000000030,0.1000000015,0.1000000015,256,256,100,112345,118345,119345,120345,81,0.5843109343,0.5782220436,2
combination_1_run_1,1,PARAMETER_UNIFORM,GAUSSIAN_PARAMETER_MUTATION,A.png,9,2,0.2000000030,0.1000000015,0.1000000015,256,256,100,112345,118345,119345,120345,82,0.5894139971,0.5781108977,7
combination_1_run_1,1,PARAMETER_UNIFORM,GAUSSIAN_PARAMETER_MUTATION,A.png,9,2,0.2000000030,0.1000000015,0.1000000015,256,256,100,112345,118345,119345,120345,83,0.5809545168,0.5775914178,6
combination_1_run_1,1,PARAMETER_UNIFORM,GAUSSIAN_PARAMETER_MUTATION,A.png,9,2,0.2000000030,0.1000000015,0.1000000015,256,256,100,112345,118345,119345,120345,84,0.5872942758,0.5757322638,1
combination_1_run_1,1,PARAMETER_UNIFORM,GAUSSIAN_PARAMETER_MUTATION,A.png,9,2,0.2000000030,0.1000000015,0.1000000015,256,256,100,112345,118345,119345,120345,85,0.5845065859,0.5750252015,1
combination_1_run_1,1,PARAMETER_UNIFORM,GAUSSIAN_PARAMETER_MUTATION,A.png,9,2,0.2000000030,0.1000000015,0.1000000015,256,256,100,112345,118345,119345,120345,86,0.5815481808,0.5723955686,6
combination_1_run_1,1,PARAMETER_UNIFORM,GAUSSIAN_PARAMETER_MUTATION,A.png,9,2,0.2000000030,0.1000000015,0.1000000015,256,256,100,112345,118345,119345,120345,87,0.5755245502,0.5702697657,7
combination_1_run_1,1,PARAMETER_UNIFORM,GAUSSIAN_PARAMETER_MUTATION,A.png,9,2,0.2000000030,0.1000000015,0.1000000015,256,256,100,112345,118345,119345,120345,88,0.5849765178,0.5715649931,1
combination_1_run_1,1,PARAMETER_UNIFORM,GAUSSIAN_PARAMETER_MUTATION,A.png,9,2,0.2000000030,0.1000000015,0.1000000015,256,256,100,112345,118345,119345,120345,89,0.5849765178,0.5745155703,5
combination_1_run_1,1,PARAMETER_UNIFORM,GAUSSIAN_PARAMETER_MUTATION,A.png,9,2,0.2000000030,0.1000000015,0.1000000015,256,256,100,112345,118345,119345,120345,90,0.5825398004,0.5739227563,4
combination_1_run_1,1,PARAMETER_UNIFORM,GAUSSIAN_PARAMETER_MUTATION,A.png,9,2,0.2000000030,0.1000000015,0.1000000015,256,256,100,112345,118345,119345,120345,91,0.5850329588,0.5787371875,8
combination_1_run_1,1,PARAMETER_UNIFORM,GAUSSIAN_PARAMETER_MUTATION,A.png,9,2,0.2000000030,0.1000000015,0.1000000015,256,256,100,112345,118345,119345,120345,92,0.5917918339,0.5795424752,6
combination_1_run_1,1,PARAMETER_UNIFORM,GAUSSIAN_PARAMETER_MUTATION,A.png,9,2,0.2000000030,0.1000000015,0.1000000015,256,256,100,112345,118345,119345,120345,93,0.5917676651,0.5829624631,5
combination_1_run_1,1,PARAMETER_UNIFORM,GAUSSIAN_PARAMETER_MUTATION,A.png,9,2,0.2000000030,0.1000000015,0.1000000015,256,256,100,112345,118345,119345,120345,94,0.5974590176,0.5864851883,1
combination_1_run_1,1,PARAMETER_UNIFORM,GAUSSIAN_PARAMETER_MUTATION,A.png,9,2,0.2000000030,0.1000000015,0.1000000015,256,256,100,112345,118345,119345,120345,95,0.5983581971,0.5883342974,8
combination_1_run_1,1,PARAMETER_UNIFORM,GAUSSIAN_PARAMETER_MUTATION,A.png,9,2,0.2000000030,0.1000000015,0.1000000015,256,256,100,112345,118345,119345,120345,96,0.5966493617,0.5890593231,8
combination_1_run_1,1,PARAMETER_UNIFORM,GAUSSIAN_PARAMETER_MUTATION,A.png,9,2,0.2000000030,0.1000000015,0.1000000015,256,256,100,112345,118345,119345,120345,97,0.6064392816,0.5914258898,1
combination_1_run_1,1,PARAMETER_UNIFORM,GAUSSIAN_PARAMETER_MUTATION,A.png,9,2,0.2000000030,0.1000000015,0.1000000015,256,256,100,112345,118345,119345,120345,98,0.6032942765,0.5930605328,8
combination_1_run_1,1,PARAMETER_UNIFORM,GAUSSIAN_PARAMETER_MUTATION,A.png,9,2,0.2000000030,0.1000000015,0.1000000015,256,256,100,112345,118345,119345,120345,99,0.6033971403,0.5890864927,2
combination_1_run_1,1,PARAMETER_UNIFORM,GAUSSIAN_PARAMETER_MUTATION,A.png,9,2,0.2000000030,0.1000000015,0.1000000015,256,256,100,112345,118345,119345,120345,100,0.6030707937,0.5855311336,6
combination_1_run_2,2,PARAMETER_UNIFORM,GAUSSIAN_PARAMETER_MUTATION,A.png,9,2,0.2000000030,0.1000000015,0.1000000015,256,256,100,212345,218345,219345,220345,0,0.6065523082,0.5861253505,1
combination_1_run_2,2,PARAMETER_UNIFORM,GAUSSIAN_PARAMETER_MUTATION,A.png,9,2,0.2000000030,0.1000000015,0.1000000015,256,256,100,212345,218345,219345,220345,1,0.6041254389,0.5907686249,5
combination_1_run_2,2,PARAMETER_UNIFORM,GAUSSIAN_PARAMETER_MUTATION,A.png,9,2,0.2000000030,0.1000000015,0.1000000015,256,256,100,212345,218345,219345,220345,2,0.6018226276,0.5899759742,8
combination_1_run_2,2,PARAMETER_UNIFORM,GAUSSIAN_PARAMETER_MUTATION,A.png,9,2,0.2000000030,0.1000000015,0.1000000015,256,256,100,212345,218345,219345,220345,3,0.5998410046,0.5858322006,2
combination_1_run_2,2,PARAMETER_UNIFORM,GAUSSIAN_PARAMETER_MUTATION,A.png,9,2,0.2000000030,0.1000000015,0.1000000015,256,256,100,212345,218345,219345,220345,4,0.5947620274,0.5881873328,8
combination_1_run_2,2,PARAMETER_UNIFORM,GAUSSIAN_PARAMETER_MUTATION,A.png,9,2,0.2000000030,0.1000000015,0.1000000015,256,256,100,212345,218345,219345,220345,5,0.6085312853,0.5955555290,3
combination_1_run_2,2,PARAMETER_UNIFORM,GAUSSIAN_PARAMETER_MUTATION,A.png,9,2,0.2000000030,0.1000000015,0.1000000015,256,256,100,212345,218345,219345,220345,6,0.6050238996,0.5904816917,1
combination_1_run_2,2,PARAMETER_UNIFORM,GAUSSIAN_PARAMETER_MUTATION,A.png,9,2,0.2000000030,0.1000000015,0.1000000015,256,256,100,212345,218345,219345,220345,7,0.6057228096,0.5912033494,4
combination_1_run_2,2,PARAMETER_UNIFORM,GAUSSIAN_PARAMETER_MUTATION,A.png,9,2,0.2000000030,0.1000000015,0.1000000015,256,256,100,212345,218345,219345,220345,8,0.6053793881,0.5943677669,6
combination_1_run_2,2,PARAMETER_UNIFORM,GAUSSIAN_PARAMETER_MUTATION,A.png,9,2,0.2000000030,0.1000000015,0.1000000015,256,256,100,212345,218345,219345,220345,9,0.6054705394,0.5935004016,2
combination_1_run_2,2,PARAMETER_UNIFORM,GAUSSIAN_PARAMETER_MUTATION,A.png,9,2,0.2000000030,0.1000000015,0.1000000015,256,256,100,212345,218345,219345,220345,10,0.6039460462,0.5951762979,6
combination_1_run_2,2,PARAMETER_UNIFORM,GAUSSIAN_PARAMETER_MUTATION,A.png,9,2,0.2000000030,0.1000000015,0.1000000015,256,256,100,212345,218345,219345,220345,11,0.5988510181,0.5920282250,0
combination_1_run_2,2,PARAMETER_UNIFORM,GAUSSIAN_PARAMETER_MUTATION,A.png,9,2,0.2000000030,0.1000000015,0.1000000015,256,256,100,212345,218345,219345,220345,12,0.5994950419,0.5930649104,1
combination_1_run_2,2,PARAMETER_UNIFORM,GAUSSIAN_PARAMETER_MUTATION,A.png,9,2,0.2000000030,0.1000000015,0.1000000015,256,256,100,212345,218345,219345,220345,13,0.6019239615,0.5936686794,5
combination_1_run_2,2,PARAMETER_UNIFORM,GAUSSIAN_PARAMETER_MUTATION,A.png,9,2,0.2000000030,0.1000000015,0.1000000015,256,256,100,212345,218345,219345,220345,14,0.6018160132,0.5928599272,4
combination_1_run_2,2,PARAMETER_UNIFORM,GAUSSIAN_PARAMETER_MUTATION,A.png,9,2,0.2000000030,0.1000000015,0.1000000015,256,256,100,212345,218345,219345,220345,15,0.6028081451,0.5972156103,4
combination_1_run_2,2,PARAMETER_UNIFORM,GAUSSIAN_PARAMETER_MUTATION,A.png,9,2,0.2000000030,0.1000000015,0.1000000015,256,256,100,212345,218345,219345,220345,16,0.6029985031,0.5992896623,4
combination_1_run_2,2,PARAMETER_UNIFORM,GAUSSIAN_PARAMETER_MUTATION,A.png,9,2,0.2000000030,0.1000000015,0.1000000015,256,256,100,212345,218345,219345,220345,17,0.6021897818,0.5948298815,2
combination_1_run_2,2,PARAMETER_UNIFORM,GAUSSIAN_PARAMETER_MUTATION,A.png,9,2,0.2000000030,0.1000000015,0.1000000015,256,256,100,212345,218345,219345,220345,18,0.6035626630,0.5979304090,8
combination_1_run_2,2,PARAMETER_UNIFORM,GAUSSIAN_PARAMETER_MUTATION,A.png,9,2,0.2000000030,0.1000000015,0.1000000015,256,256,100,212345,218345,219345,220345,19,0.6043444053,0.5978970806,1
combination_1_run_2,2,PARAMETER_UNIFORM,GAUSSIAN_PARAMETER_MUTATION,A.png,9,2,0.2000000030,0.1000000015,0.1000000015,256,256,100,212345,218345,219345,220345,20,0.6042435002,0.6002746925,0
combination_1_run_2,2,PARAMETER_UNIFORM,GAUSSIAN_PARAMETER_MUTATION,A.png,9,2,0.2000000030,0.1000000015,0.1000000015,256,256,100,212345,218345,219345,220345,21,0.6031755116,0.5961761406,7
combination_1_run_2,2,PARAMETER_UNIFORM,GAUSSIAN_PARAMETER_MUTATION,A.png,9,2,0.2000000030,0.1000000015,0.1000000015,256,256,100,212345,218345,219345,220345,22,0.5998475690,0.5925661597,1
combination_1_run_2,2,PARAMETER_UNIFORM,GAUSSIAN_PARAMETER_MUTATION,A.png,9,2,0.2000000030,0.1000000015,0.1000000015,256,256,100,212345,218345,219345,220345,23,0.6012347214,0.5905138427,6
combination_1_run_2,2,PARAMETER_UNIFORM,GAUSSIAN_PARAMETER_MUTATION,A.png,9,2,0.2000000030,0.1000000015,0.1000000015,256,256,100,212345,218345,219345,220345,24,0.6053297764,0.5940197419,2
combination_1_run_2,2,PARAMETER_UNIFORM,GAUSSIAN_PARAMETER_MUTATION,A.png,9,2,0.2000000030,0.1000000015,0.1000000015,256,256,100,212345,218345,219345,220345,25,0.6076006842,0.5949176088,8
combination_1_run_2,2,PARAMETER_UNIFORM,GAUSSIAN_PARAMETER_MUTATION,A.png,9,2,0.2000000030,0.1000000015,0.1000000015,256,256,100,212345,218345,219345,220345,26,0.6052142990,0.5977483508,1
combination_1_run_2,2,PARAMETER_UNIFORM,GAUSSIAN_PARAMETER_MUTATION,A.png,9,2,0.2000000030,0.1000000015,0.1000000015,256,256,100,212345,218345,219345,220345,27,0.6044251231,0.5975911066,8
combination_1_run_2,2,PARAMETER_UNIFORM,GAUSSIAN_PARAMETER_MUTATION,A.png,9,2,0.2000000030,0.1000000015,0.1000000015,256,256,100,212345,218345,219345,220345,28,0.6022665589,0.5955888002,7
combination_1_run_2,2,PARAMETER_UNIFORM,GAUSSIAN_PARAMETER_MUTATION,A.png,9,2,0.2000000030,0.1000000015,0.1000000015,256,256,100,212345,218345,219345,220345,29,0.6033340007,0.5944234443,3
combination_1_run_2,2,PARAMETER_UNIFORM,GAUSSIAN_PARAMETER_MUTATION,A.png,9,2,0.2000000030,0.1000000015,0.1000000015,256,256,100,212345,218345,219345,220345,30,0.6061711364,0.5935391532,5
combination_1_run_2,2,PARAMETER_UNIFORM,GAUSSIAN_PARAMETER_MUTATION,A.png,9,2,0.2000000030,0.1000000015,0.1000000015,256,256,100,212345,218345,219345,220345,31,0.6060105574,0.5967630850,8
combination_1_run_2,2,PARAMETER_UNIFORM,GAUSSIAN_PARAMETER_MUTATION,A.png,9,2,0.2000000030,0.1000000015,0.1000000015,256,256,100,212345,218345,219345,220345,32,0.6069552249,0.6010520630,6
combination_1_run_2,2,PARAMETER_UNIFORM,GAUSSIAN_PARAMETER_MUTATION,A.png,9,2,0.2000000030,0.1000000015,0.1000000015,256,256,100,212345,218345,219345,220345,33,0.6079534915,0.6031608768,7
combination_1_run_2,2,PARAMETER_UNIFORM,GAUSSIAN_PARAMETER_MUTATION,A.png,9,2,0.2000000030,0.1000000015,0.1000000015,256,256,100,212345,218345,219345,220345,34,0.6097337597,0.6032728108,1
combination_1_run_2,2,PARAMETER_UNIFORM,GAUSSIAN_PARAMETER_MUTATION,A.png,9,2,0.2000000030,0.1000000015,0.1000000015,256,256,100,212345,218345,219345,220345,35,0.6083327300,0.6028163422,5
combination_1_run_2,2,PARAMETER_UNIFORM,GAUSSIAN_PARAMETER_MUTATION,A.png,9,2,0.2000000030,0.1000000015,0.1000000015,256,256,100,212345,218345,219345,220345,36,0.6064107717,0.6024057891,7
combination_1_run_2,2,PARAMETER_UNIFORM,GAUSSIAN_PARAMETER_MUTATION,A.png,9,2,0.2000000030,0.1000000015,0.1000000015,256,256,100,212345,218345,219345,220345,37,0.6064753286,0.5980171672,8
combination_1_run_2,2,PARAMETER_UNIFORM,GAUSSIAN_PARAMETER_MUTATION,A.png,9,2,0.2000000030,0.1000000015,0.1000000015,256,256,100,212345,218345,219345,220345,38,0.6083471085,0.6002785970,7
combination_1_run_2,2,PARAMETER_UNIFORM,GAUSSIAN_PARAMETER_MUTATION,A.png,9,2,0.2000000030,0.1000000015,0.1000000015,256,256,100,212345,218345,219345,220345,39,0.6081516061,0.5976587214,4
combination_1_run_2,2,PARAMETER_UNIFORM,GAUSSIAN_PARAMETER_MUTATION,A.png,9,2,0.2000000030,0.1000000015,0.1000000015,256,256,100,212345,218345,219345,220345,40,0.6045638520,0.5959016104,3
combination_1_run_2,2,PARAMETER_UNIFORM,GAUSSIAN_PARAMETER_MUTATION,A.png,9,2,0.2000000030,0.1000000015,0.1000000015,256,256,100,212345,218345,219345,220345,41,0.6020103507,0.5950597428,5
combination_1_run_2,2,PARAMETER_UNIFORM,GAUSSIAN_PARAMETER_MUTATION,A.png,9,2,0.2000000030,0.1000000015,0.1000000015,256,256,100,212345,218345,219345,220345,42,0.6034120922,0.5918839202,2
combination_1_run_2,2,PARAMETER_UNIFORM,GAUSSIAN_PARAMETER_MUTATION,A.png,9,2,0.2000000030,0.1000000015,0.1000000015,256,256,100,212345,218345,219345,220345,43,0.6021758335,0.5886847552,3
combination_1_run_2,2,PARAMETER_UNIFORM,GAUSSIAN_PARAMETER_MUTATION,A.png,9,2,0.2000000030,0.1000000015,0.1000000015,256,256,100,212345,218345,219345,220345,44,0.6033455477,0.5892164712,3
combination_1_run_2,2,PARAMETER_UNIFORM,GAUSSIAN_PARAMETER_MUTATION,A.png,9,2,0.2000000030,0.1000000015,0.1000000015,256,256,100,212345,218345,219345,220345,45,0.6041173045,0.5927983006,7
combination_1_run_2,2,PARAMETER_UNIFORM,GAUSSIAN_PARAMETER_MUTATION,A.png,9,2,0.2000000030,0.1000000015,0.1000000015,256,256,100,212345,218345,219345,220345,46,0.6068456001,0.5971885036,7
combination_1_run_2,2,PARAMETER_UNIFORM,GAUSSIAN_PARAMETER_MUTATION,A.png,9,2,0.2000000030,0.1000000015,0.1000000015,256,256,100,212345,218345,219345,220345,47,0.6090517233,0.5967092589,3
combination_1_run_2,2,PARAMETER_UNIFORM,GAUSSIAN_PARAMETER_MUTATION,A.png,9,2,0.2000000030,0.1000000015,0.1000000015,256,256,100,212345,218345,219345,220345,48,0.6067848140,0.5973137529,5
combination_1_run_2,2,PARAMETER_UNIFORM,GAUSSIAN_PARAMETER_MUTATION,A.png,9,2,0.2000000030,0.1000000015,0.1000000015,256,256,100,212345,218345,219345,220345,49,0.6101632840,0.5957186506,7
combination_1_run_2,2,PARAMETER_UNIFORM,GAUSSIAN_PARAMETER_MUTATION,A.png,9,2,0.2000000030,0.1000000015,0.1000000015,256,256,100,212345,218345,219345,220345,50,0.6097050805,0.5954872162,2
combination_1_run_2,2,PARAMETER_UNIFORM,GAUSSIAN_PARAMETER_MUTATION,A.png,9,2,0.2000000030,0.1000000015,0.1000000015,256,256,100,212345,218345,219345,220345,51,0.6101011474,0.5954833583,3
combination_1_run_2,2,PARAMETER_UNIFORM,GAUSSIAN_PARAMETER_MUTATION,A.png,9,2,0.2000000030,0.1000000015,0.1000000015,256,256,100,212345,218345,219345,220345,52,0.6137257368,0.5981361501,1
combination_1_run_2,2,PARAMETER_UNIFORM,GAUSSIAN_PARAMETER_MUTATION,A.png,9,2,0.2000000030,0.1000000015,0.1000000015,256,256,100,212345,218345,219345,220345,53,0.6066105077,0.6004063307,0
combination_1_run_2,2,PARAMETER_UNIFORM,GAUSSIAN_PARAMETER_MUTATION,A.png,9,2,0.2000000030,0.1000000015,0.1000000015,256,256,100,212345,218345,219345,220345,54,0.6078108124,0.6007234773,1
combination_1_run_2,2,PARAMETER_UNIFORM,GAUSSIAN_PARAMETER_MUTATION,A.png,9,2,0.2000000030,0.1000000015,0.1000000015,256,256,100,212345,218345,219345,220345,55,0.6111052452,0.6033696663,3
combination_1_run_2,2,PARAMETER_UNIFORM,GAUSSIAN_PARAMETER_MUTATION,A.png,9,2,0.2000000030,0.1000000015,0.1000000015,256,256,100,212345,218345,219345,220345,56,0.6122785415,0.6033848238,7
combination_1_run_2,2,PARAMETER_UNIFORM,GAUSSIAN_PARAMETER_MUTATION,A.png,9,2,0.2000000030,0.1000000015,0.1000000015,256,256,100,212345,218345,219345,220345,57,0.6089312242,0.6011079314,4
combination_1_run_2,2,PARAMETER_UNIFORM,GAUSSIAN_PARAMETER_MUTATION,A.png,9,2,0.2000000030,0.1000000015,0.1000000015,256,256,100,212345,218345,219345,220345,58,0.6108436897,0.5977857497,8
combination_1_run_2,2,PARAMETER_UNIFORM,GAUSSIAN_PARAMETER_MUTATION,A.png,9,2,0.2000000030,0.1000000015,0.1000000015,256,256,100,212345,218345,219345,220345,59,0.6049775981,0.5990176849,0
combination_1_run_2,2,PARAMETER_UNIFORM,GAUSSIAN_PARAMETER_MUTATION,A.png,9,2,0.2000000030,0.1000000015,0.1000000015,256,256,100,212345,218345,219345,220345,60,0.6064156961,0.5943244427,7
combination_1_run_2,2,PARAMETER_UNIFORM,GAUSSIAN_PARAMETER_MUTATION,A.png,9,2,0.2000000030,0.1000000015,0.1000000015,256,256,100,212345,218345,219345,220345,61,0.6066270164,0.5970151289,5
combination_1_run_2,2,PARAMETER_UNIFORM,GAUSSIAN_PARAMETER_MUTATION,A.png,9,2,0.2000000030,0.1000000015,0.1000000015,256,256,100,212345,218345,219345,220345,62,0.6047587313,0.5953749803,6
combination_1_run_2,2,PARAMETER_UNIFORM,GAUSSIAN_PARAMETER_MUTATION,A.png,9,2,0.2000000030,0.1000000015,0.1000000015,256,256,100,212345,218345,219345,220345,63,0.6034563806,0.5964646073,7
combination_1_run_2,2,PARAMETER_UNIFORM,GAUSSIAN_PARAMETER_MUTATION,A.png,9,2,0.2000000030,0.1000000015,0.1000000015,256,256,100,212345,218345,219345,220345,64,0.6032213775,0.5915006665,8
combination_1_run_2,2,PARAMETER_UNIFORM,GAUSSIAN_PARAMETER_MUTATION,A.png,9,2,0.2000000030,0.1000000015,0.1000000015,256,256,100,212345,218345,219345,220345,65,0.6023728242,0.5984978100,0
combination_1_run_2,2,PARAMETER_UNIFORM,GAUSSIAN_PARAMETER_MUTATION,A.png,9,2,0.2000000030,0.1000000015,0.1000000015,256,256,100,212345,218345,219345,220345,66,0.6050078768,0.5962829323,7
combination_1_run_2,2,PARAMETER_UNIFORM,GAUSSIAN_PARAMETER_MUTATION,A.png,9,2,0.2000000030,0.1000000015,0.1000000015,256,256,100,212345,218345,219345,220345,67,0.6077786377,0.5940437349,5
combination_1_run_2,2,PARAMETER_UNIFORM,GAUSSIAN_PARAMETER_MUTATION,A.png,9,2,0.2000000030,0.1000000015,0.1000000015,256,256,100,212345,218345,219345,220345,68,0.6072722751,0.5943071901,4
combination_1_run_2,2,PARAMETER_UNIFORM,GAUSSIAN_PARAMETER_MUTATION,A.png,9,2,0.2000000030,0.1000000015,0.1000000015,256,256,100,212345,218345,219345,220345,69,0.6050494651,0.5945496109,8
combination_1_run_2,2,PARAMETER_UNIFORM,GAUSSIAN_PARAMETER_MUTATION,A.png,9,2,0.2000000030,0.1000000015,0.1000000015,256,256,100,212345,218345,219345,220345,70,0.6076723042,0.5989381255,0
combination_1_run_2,2,PARAMETER_UNIFORM,GAUSSIAN_PARAMETER_MUTATION,A.png,9,2,0.2000000030,0.1000000015,0.1000000015,256,256,100,212345,218345,219345,220345,71,0.6062583832,0.5984443708,7
combination_1_run_2,2,PARAMETER_UNIFORM,GAUSSIAN_PARAMETER_MUTATION,A.png,9,2,0.2000000030,0.1000000015,0.1000000015,256,256,100,212345,218345,219345,220345,72,0.6069622043,0.6004645648,3
combination_1_run_2,2,PARAMETER_UNIFORM,GAUSSIAN_PARAMETER_MUTATION,A.png,9,2,0.2000000030,0.1000000015,0.1000000015,256,256,100,212345,218345,219345,220345,73,0.6082799752,0.5986081160,6
combination_1_run_2,2,PARAMETER_UNIFORM,GAUSSIAN_PARAMETER_MUTATION,A.png,9,2,0.2000000030,0.1000000015,0.1000000015,256,256,100,212345,218345,219345,220345,74,0.6084177707,0.5996451860,1
combination_1_run_2,2,PARAMETER_UNIFORM,GAUSSIAN_PARAMETER_MUTATION,A.png,9,2,0.2000000030,0.1000000015,0.1000000015,256,256,100,212345,218345,219345,220345,75,0.6084305895,0.6013542179,1
combination_1_run_2,2,PARAMETER_UNIFORM,GAUSSIAN_PARAMETER_MUTATION,A.png,9,2,0.2000000030,0.1000000015,0.1000000015,256,256,100,212345,218345,219345,220345,76,0.6074625813,0.5986651452,6
combination_1_run_2,2,PARAMETER_UNIFORM,GAUSSIAN_PARAMETER_MUTATION,A.png,9,2,0.2000000030,0.1000000015,0.1000000015,256,256,100,212345,218345,219345,220345,77,0.6029437148,0.5973824596,1
combination_1_run_2,2,PARAMETER_UNIFORM,GAUSSIAN_PARAMETER_MUTATION,A.png,9,2,0.2000000030,0.1000000015,0.1000000015,256,256,100,212345,218345,219345,220345,78,0.6046541564,0.5974298559,0
combination_1_run_2,2,PARAMETER_UNIFORM,GAUSSIAN_PARAMETER_MUTATION,A.png,9,2,0.2000000030,0.1000000015,0.1000000015,256,256,100,212345,218345,219345,220345,79,0.6025058997,0.5965507362,8
combination_1_run_2,2,PARAMETER_UNIFORM,GAUSSIAN_PARAMETER_MUTATION,A.png,9,2,0.2000000030,0.1000000015,0.1000000015,256,256,100,212345,218345,219345,220345,80,0.6055940632,0.5981288091,4
combination_1_run_2,2,PARAMETER_UNIFORM,GAUSSIAN_PARAMETER_MUTATION,A.png,9,2,0.2000000030,0.1000000015,0.1000000015,256,256,100,212345,218345,219345,220345,81,0.6028310454,0.5968118787,1
combination_1_run_2,2,PARAMETER_UNIFORM,GAUSSIAN_PARAMETER_MUTATION,A.png,9,2,0.2000000030,0.1000000015,0.1000000015,256,256,100,212345,218345,219345,220345,82,0.6032181883,0.5981719847,4
combination_1_run_2,2,PARAMETER_UNIFORM,GAUSSIAN_PARAMETER_MUTATION,A.png,9,2,0.2000000030,0.1000000015,0.1000000015,256,256,100,212345,218345,219345,220345,83,0.6021251303,0.5980182193,0
combination_1_run_2,2,PARAMETER_UNIFORM,GAUSSIAN_PARAMETER_MUTATION,A.png,9,2,0.2000000030,0.1000000015,0.1000000015,256,256,100,212345,218345,219345,220345,84,0.6005235131,0.5953105427,8
combination_1_run_2,2,PARAMETER_UNIFORM,GAUSSIAN_PARAMETER_MUTATION,A.png,9,2,0.2000000030,0.1000000015,0.1000000015,256,256,100,212345,218345,219345,220345,85,0.6025190459,0.5970357901,8
combination_1_run_2,2,PARAMETER_UNIFORM,GAUSSIAN_PARAMETER_MUTATION,A.png,9,2,0.2000000030,0.1000000015,0.1000000015,256,256,100,212345,218345,219345,220345,86,0.6051963384,0.6003182385,5
combination_1_run_2,2,PARAMETER_UNIFORM,GAUSSIAN_PARAMETER_MUTATION,A.png,9,2,0.2000000030,0.1000000015,0.1000000015,256,256,100,212345,218345,219345,220345,87,0.6010141307,0.5973945325,4
combination_1_run_2,2,PARAMETER_UNIFORM,GAUSSIAN_PARAMETER_MUTATION,A.png,9,2,0.2000000030,0.1000000015,0.1000000015,256,256,100,212345,218345,219345,220345,88,0.6010618483,0.5968710596,6
combination_1_run_2,2,PARAMETER_UNIFORM,GAUSSIAN_PARAMETER_MUTATION,A.png,9,2,0.2000000030,0.1000000015,0.1000000015,256,256,100,212345,218345,219345,220345,89,0.5985554250,0.5939442934,7
combination_1_run_2,2,PARAMETER_UNIFORM,GAUSSIAN_PARAMETER_MUTATION,A.png,9,2,0.2000000030,0.1000000015,0.1000000015,256,256,100,212345,218345,219345,220345,90,0.5985064260,0.5943590568,1
combination_1_run_2,2,PARAMETER_UNIFORM,GAUSSIAN_PARAMETER_MUTATION,A.png,9,2,0.2000000030,0.1000000015,0.1000000015,256,256,100,212345,218345,219345,220345,91,0.6052697047,0.5957864013,2
combination_1_run_2,2,PARAMETER_UNIFORM,GAUSSIAN_PARAMETER_MUTATION,A.png,9,2,0.2000000030,0.1000000015,0.1000000015,256,256,100,212345,218345,219345,220345,92,0.6052829708,0.5980425744,6
combination_1_run_2,2,PARAMETER_UNIFORM,GAUSSIAN_PARAMETER_MUTATION,A.png,9,2,0.2000000030,0.1000000015,0.1000000015,256,256,100,212345,218345,219345,220345,93,0.6053137197,0.5979958690,1
combination_1_run_2,2,PARAMETER_UNIFORM,GAUSSIAN_PARAMETER_MUTATION,A.png,9,2,0.2000000030,0.1000000015,0.1000000015,256,256,100,212345,218345,219345,220345,94,0.6047306591,0.5942159434,2
combination_1_run_2,2,PARAMETER_UNIFORM,GAUSSIAN_PARAMETER_MUTATION,A.png,9,2,0.2000000030,0.1000000015,0.1000000015,256,256,100,212345,218345,219345,220345,95,0.6075299070,0.5968849298,5
combination_1_run_2,2,PARAMETER_UNIFORM,GAUSSIAN_PARAMETER_MUTATION,A.png,9,2,0.2000000030,0.1000000015,0.1000000015,256,256,100,212345,218345,219345,220345,96,0.6080492087,0.5981563260,1
combination_1_run_2,2,PARAMETER_UNIFORM,GAUSSIAN_PARAMETER_MUTATION,A.png,9,2,0.2000000030,0.1000000015,0.1000000015,256,256,100,212345,218345,219345,220345,97,0.6076432622,0.5935900684,7
combination_1_run_2,2,PARAMETER_UNIFORM,GAUSSIAN_PARAMETER_MUTATION,A.png,9,2,0.2000000030,0.1000000015,0.1000000015,256,256,100,212345,218345,219345,220345,98,0.6052561921,0.5957873395,1
combination_1_run_2,2,PARAMETER_UNIFORM,GAUSSIAN_PARAMETER_MUTATION,A.png,9,2,0.2000000030,0.1000000015,0.1000000015,256,256,100,212345,218345,219345,220345,99,0.6022277463,0.5970590860,3
combination_1_run_2,2,PARAMETER_UNIFORM,GAUSSIAN_PARAMETER_MUTATION,A.png,9,2,0.2000000030,0.1000000015,0.1000000015,256,256,100,212345,218345,219345,220345,100,0.6002748770,0.5950560402,3
combination_1_run_3,3,PARAMETER_UNIFORM,GAUSSIAN_PARAMETER_MUTATION,A.png,9,2,0.2000000030,0.1000000015,0.1000000015,256,256,100,312345,318345,319345,320345,0,0.6021898638,0.5916647710,4
combination_1_run_3,3,PARAMETER_UNIFORM,GAUSSIAN_PARAMETER_MUTATION,A.png,9,2,0.2000000030,0.1000000015,0.1000000015,256,256,100,312345,318345,319345,320345,1,0.6020568802,0.5915168020,6
combination_1_run_3,3,PARAMETER_UNIFORM,GAUSSIAN_PARAMETER_MUTATION,A.png,9,2,0.2000000030,0.1000000015,0.1000000015,256,256,100,312345,318345,319345,320345,2,0.5982997772,0.5864601896,4
combination_1_run_3,3,PARAMETER_UNIFORM,GAUSSIAN_PARAMETER_MUTATION,A.png,9,2,0.2000000030,0.1000000015,0.1000000015,256,256,100,312345,318345,319345,320345,3,0.6004575032,0.5911569045,3
combination_1_run_3,3,PARAMETER_UNIFORM,GAUSSIAN_PARAMETER_MUTATION,A.png,9,2,0.2000000030,0.1000000015,0.1000000015,256,256,100,312345,318345,319345,320345,4,0.6038354190,0.5938025745,7
combination_1_run_3,3,PARAMETER_UNIFORM,GAUSSIAN_PARAMETER_MUTATION,A.png,9,2,0.2000000030,0.1000000015,0.1000000015,256,256,100,312345,318345,319345,320345,5,0.6023412940,0.5936762477,2
combination_1_run_3,3,PARAMETER_UNIFORM,GAUSSIAN_PARAMETER_MUTATION,A.png,9,2,0.2000000030,0.1000000015,0.1000000015,256,256,100,312345,318345,319345,320345,6,0.6005595277,0.5940528774,5
combination_1_run_3,3,PARAMETER_UNIFORM,GAUSSIAN_PARAMETER_MUTATION,A.png,9,2,0.2000000030,0.1000000015,0.1000000015,256,256,100,312345,318345,319345,320345,7,0.6021727771,0.5966854738,0
combination_1_run_3,3,PARAMETER_UNIFORM,GAUSSIAN_PARAMETER_MUTATION,A.png,9,2,0.2000000030,0.1000000015,0.1000000015,256,256,100,312345,318345,319345,320345,8,0.6006521849,0.5969626335,2
combination_1_run_3,3,PARAMETER_UNIFORM,GAUSSIAN_PARAMETER_MUTATION,A.png,9,2,0.2000000030,0.1000000015,0.1000000015,256,256,100,312345,318345,319345,320345,9,0.6002200672,0.5964970332,5
combination_1_run_3,3,PARAMETER_UNIFORM,GAUSSIAN_PARAMETER_MUTATION,A.png,9,2,0.2000000030,0.1000000015,0.1000000015,256,256,100,312345,318345,319345,320345,10,0.6014129191,0.5973790503,4
combination_1_run_3,3,PARAMETER_UNIFORM,GAUSSIAN_PARAMETER_MUTATION,A.png,9,2,0.2000000030,0.1000000015,0.1000000015,256,256,100,312345,318345,319345,320345,11,0.6018819343,0.5970070231,1
combination_1_run_3,3,PARAMETER_UNIFORM,GAUSSIAN_PARAMETER_MUTATION,A.png,9,2,0.2000000030,0.1000000015,0.1000000015,256,256,100,312345,318345,319345,320345,12,0.5999651020,0.5951134116,7
combination_1_run_3,3,PARAMETER_UNIFORM,GAUSSIAN_PARAMETER_MUTATION,A.png,9,2,0.2000000030,0.1000000015,0.1000000015,256,256,100,312345,318345,319345,320345,13,0.5994859062,0.5941753662,5
combination_1_run_3,3,PARAMETER_UNIFORM,GAUSSIAN_PARAMETER_MUTATION,A.png,9,2,0.2000000030,0.1000000015,0.1000000015,256,256,100,312345,318345,319345,320345,14,0.6013712648,0.5955456646,4
combination_1_run_3,3,PARAMETER_UNIFORM,GAUSSIAN_PARAMETER_MUTATION,A.png,9,2,0.2000000030,0.1000000015,0.1000000015,256,256,100,312345,318345,319345,320345,15,0.6011135252,0.5972934506,0
combination_1_run_3,3,PARAMETER_UNIFORM,GAUSSIAN_PARAMETER_MUTATION,A.png,9,2,0.2000000030,0.1000000015,0.1000000015,256,256,100,312345,318345,319345,320345,16,0.6028593795,0.5957246893,2
combination_1_run_3,3,PARAMETER_UNIFORM,GAUSSIAN_PARAMETER_MUTATION,A.png,9,2,0.2000000030,0.1000000015,0.1000000015,256,256,100,312345,318345,319345,320345,17,0.6026319806,0.5958707115,0
combination_1_run_3,3,PARAMETER_UNIFORM,GAUSSIAN_PARAMETER_MUTATION,A.png,9,2,0.2000000030,0.1000000015,0.1000000015,256,256,100,312345,318345,319345,320345,18,0.6030090712,0.5976949467,2
combination_1_run_3,3,PARAMETER_UNIFORM,GAUSSIAN_PARAMETER_MUTATION,A.png,9,2,0.2000000030,0.1000000015,0.1000000015,256,256,100,312345,318345,319345,320345,19,0.6019072741,0.5998660403,0
combination_1_run_3,3,PARAMETER_UNIFORM,GAUSSIAN_PARAMETER_MUTATION,A.png,9,2,0.2000000030,0.1000000015,0.1000000015,256,256,100,312345,318345,319345,320345,20,0.6019914876,0.6005607857,4
combination_1_run_3,3,PARAMETER_UNIFORM,GAUSSIAN_PARAMETER_MUTATION,A.png,9,2,0.2000000030,0.1000000015,0.1000000015,256,256,100,312345,318345,319345,320345,21,0.6020540058,0.5996515830,3
combination_1_run_3,3,PARAMETER_UNIFORM,GAUSSIAN_PARAMETER_MUTATION,A.png,9,2,0.2000000030,0.1000000015,0.1000000015,256,256,100,312345,318345,319345,320345,22,0.6017138840,0.5975288886,3
combination_1_run_3,3,PARAMETER_UNIFORM,GAUSSIAN_PARAMETER_MUTATION,A.png,9,2,0.2000000030,0.1000000015,0.1000000015,256,256,100,312345,318345,319345,320345,23,0.6020056521,0.6001759348,0
combination_1_run_3,3,PARAMETER_UNIFORM,GAUSSIAN_PARAMETER_MUTATION,A.png,9,2,0.2000000030,0.1000000015,0.1000000015,256,256,100,312345,318345,319345,320345,24,0.6031969313,0.6003347994,3
combination_1_run_3,3,PARAMETER_UNIFORM,GAUSSIAN_PARAMETER_MUTATION,A.png,9,2,0.2000000030,0.1000000015,0.1000000015,256,256,100,312345,318345,319345,320345,25,0.6036598932,0.5996919502,6
combination_1_run_3,3,PARAMETER_UNIFORM,GAUSSIAN_PARAMETER_MUTATION,A.png,9,2,0.2000000030,0.1000000015,0.1000000015,256,256,100,312345,318345,319345,320345,26,0.6027062649,0.6002259449,0
combination_1_run_3,3,PARAMETER_UNIFORM,GAUSSIAN_PARAMETER_MUTATION,A.png,9,2,0.2000000030,0.1000000015,0.1000000015,256,256,100,312345,318345,319345,320345,27,0.6018689453,0.5999454806,4
combination_1_run_3,3,PARAMETER_UNIFORM,GAUSSIAN_PARAMETER_MUTATION,A.png,9,2,0.2000000030,0.1000000015,0.1000000015,256,256,100,312345,318345,319345,320345,28,0.6021272285,0.6002585064,0
combination_1_run_3,3,PARAMETER_UNIFORM,GAUSSIAN_PARAMETER_MUTATION,A.png,9,2,0.2000000030,0.1000000015,0.1000000015,256,256,100,312345,318345,319345,320345,29,0.6026753764,0.5985582326,1
combination_1_run_3,3,PARAMETER_UNIFORM,GAUSSIAN_PARAMETER_MUTATION,A.png,9,2,0.2000000030,0.1000000015,0.1000000015,256,256,100,312345,318345,319345,320345,30,0.6019912429,0.5981936078,0
combination_1_run_3,3,PARAMETER_UNIFORM,GAUSSIAN_PARAMETER_MUTATION,A.png,9,2,0.2000000030,0.1000000015,0.1000000015,256,256,100,312345,318345,319345,320345,31,0.6063416405,0.5989696901,0
combination_1_run_3,3,PARAMETER_UNIFORM,GAUSSIAN_PARAMETER_MUTATION,A.png,9,2,0.2000000030,0.1000000015,0.1000000015,256,256,100,312345,318345,319345,320345,32,0.6077801169,0.6008242183,8
combination_1_run_3,3,PARAMETER_UNIFORM,GAUSSIAN_PARAMETER_MUTATION,A.png,9,2,0.2000000030,0.1000000015,0.1000000015,256,256,100,312345,318345,319345,320345,33,0.6062847745,0.6009365965,0
combination_1_run_3,3,PARAMETER_UNIFORM,GAUSSIAN_PARAMETER_MUTATION,A.png,9,2,0.2000000030,0.1000000015,0.1000000015,256,256,100,312345,318345,319345,320345,34,0.6053232653,0.5991250664,5
combination_1_run_3,3,PARAMETER_UNIFORM,GAUSSIAN_PARAMETER_MUTATION,A.png,9,2,0.2000000030,0.1000000015,0.1000000015,256,256,100,312345,318345,319345,320345,35,0.6067557689,0.6009459190,6
combination_1_run_3,3,PARAMETER_UNIFORM,GAUSSIAN_PARAMETER_MUTATION,A.png,9,2,0.2000000030,0.1000000015,0.1000000015,256,256,100,312345,318345,319345,320345,36,0.6020963850,0.5979741347,4
combination_1_run_3,3,PARAMETER_UNIFORM,GAUSSIAN_PARAMETER_MUTATION,A.png,9,2,0.2000000030,0.1000000015,0.1000000015,256,256,100,312345,318345,319345,320345,37,0.6026149563,0.5990438956,2
combination_1_run_3,3,PARAMETER_UNIFORM,GAUSSIAN_PARAMETER_MUTATION,A.png,9,2,0.2000000030,0.1000000015,0.1000000015,256,256,100,312345,318345,319345,320345,38,0.6032813919,0.5982350235,2
combination_1_run_3,3,PARAMETER_UNIFORM,GAUSSIAN_PARAMETER_MUTATION,A.png,9,2,0.2000000030,0.1000000015,0.1000000015,256,256,100,312345,318345,319345,320345,39,0.6052939574,0.5995467632,8
combination_1_run_3,3,PARAMETER_UNIFORM,GAUSSIAN_PARAMETER_MUTATION,A.png,9,2,0.2000000030,0.1000000015,0.1000000015,256,256,100,312345,318345,319345,320345,40,0.6049010485,0.5998295795,5
combination_1_run_3,3,PARAMETER_UNIFORM,GAUSSIAN_PARAMETER_MUTATION,A.png,9,2,0.2000000030,0.1000000015,0.1000000015,256,256,100,312345,318345,319345,320345,41,0.6043883592,0.6001721061,6
combination_1_run_3,3,PARAMETER_UNIFORM,GAUSSIAN_PARAMETER_MUTATION,A.png,9,2,0.2000000030,0.1000000015,0.1000000015,256,256,100,312345,318345,319345,320345,42,0.6050446237,0.6005496976,2
combination_1_run_3,3,PARAMETER_UNIFORM,GAUSSIAN_PARAMETER_MUTATION,A.png,9,2,0.2000000030,0.1000000015,0.1000000015,256,256,100,312345,318345,319345,320345,43,0.6037981490,0.6006890402,1
combination_1_run_3,3,PARAMETER_UNIFORM,GAUSSIAN_PARAMETER_MUTATION,A.png,9,2,0.2000000030,0.1000000015,0.1000000015,256,256,100,312345,318345,319345,320345,44,0.6051811537,0.6016699080,8
combination_1_run_3,3,PARAMETER_UNIFORM,GAUSSIAN_PARAMETER_MUTATION,A.png,9,2,0.2000000030,0.1000000015,0.1000000015,256,256,100,312345,318345,319345,320345,45,0.6050360878,0.6011106682,7
combination_1_run_3,3,PARAMETER_UNIFORM,GAUSSIAN_PARAMETER_MUTATION,A.png,9,2,0.2000000030,0.1000000015,0.1000000015,256,256,100,312345,318345,319345,320345,46,0.6048526208,0.5996880499,8
combination_1_run_3,3,PARAMETER_UNIFORM,GAUSSIAN_PARAMETER_MUTATION,A.png,9,2,0.2000000030,0.1000000015,0.1000000015,256,256,100,312345,318345,319345,320345,47,0.6045427688,0.5991356635,7
combination_1_run_3,3,PARAMETER_UNIFORM,GAUSSIAN_PARAMETER_MUTATION,A.png,9,2,0.2000000030,0.1000000015,0.1000000015,256,256,100,312345,318345,319345,320345,48,0.6067435699,0.6003638054,3
combination_1_run_3,3,PARAMETER_UNIFORM,GAUSSIAN_PARAMETER_MUTATION,A.png,9,2,0.2000000030,0.1000000015,0.1000000015,256,256,100,312345,318345,319345,320345,49,0.6028396846,0.5994400441,7
combination_1_run_3,3,PARAMETER_UNIFORM,GAUSSIAN_PARAMETER_MUTATION,A.png,9,2,0.2000000030,0.1000000015,0.1000000015,256,256,100,312345,318345,319345,320345,50,0.6074972991,0.6006665326,4
combination_1_run_3,3,PARAMETER_UNIFORM,GAUSSIAN_PARAMETER_MUTATION,A.png,9,2,0.2000000030,0.1000000015,0.1000000015,256,256,100,312345,318345,319345,320345,51,0.6022038029,0.5984950540,8
combination_1_run_3,3,PARAMETER_UNIFORM,GAUSSIAN_PARAMETER_MUTATION,A.png,9,2,0.2000000030,0.1000000015,0.1000000015,256,256,100,312345,318345,319345,320345,52,0.6053837840,0.5980112282,6
combination_1_run_3,3,PARAMETER_UNIFORM,GAUSSIAN_PARAMETER_MUTATION,A.png,9,2,0.2000000030,0.1000000015,0.1000000015,256,256,100,312345,318345,319345,320345,53,0.6054559074,0.5966204293,8
combination_1_run_3,3,PARAMETER_UNIFORM,GAUSSIAN_PARAMETER_MUTATION,A.png,9,2,0.2000000030,0.1000000015,0.1000000015,256,256,100,312345,318345,319345,320345,54,0.6050208260,0.5982680304,3
combination_1_run_3,3,PARAMETER_UNIFORM,GAUSSIAN_PARAMETER_MUTATION,A.png,9,2,0.2000000030,0.1000000015,0.1000000015,256,256,100,312345,318345,319345,320345,55,0.6053972321,0.5981631124,5
combination_1_run_3,3,PARAMETER_UNIFORM,GAUSSIAN_PARAMETER_MUTATION,A.png,9,2,0.2000000030,0.1000000015,0.1000000015,256,256,100,312345,318345,319345,320345,56,0.6013890109,0.5978101447,7
combination_1_run_3,3,PARAMETER_UNIFORM,GAUSSIAN_PARAMETER_MUTATION,A.png,9,2,0.2000000030,0.1000000015,0.1000000015,256,256,100,312345,318345,319345,320345,57,0.6047429323,0.5979293876,2
combination_1_run_3,3,PARAMETER_UNIFORM,GAUSSIAN_PARAMETER_MUTATION,A.png,9,2,0.2000000030,0.1000000015,0.1000000015,256,256,100,312345,318345,319345,320345,58,0.6057991890,0.6000248313,1
combination_1_run_3,3,PARAMETER_UNIFORM,GAUSSIAN_PARAMETER_MUTATION,A.png,9,2,0.2000000030,0.1000000015,0.1000000015,256,256,100,312345,318345,319345,320345,59,0.6034056004,0.5993062105,1
combination_1_run_3,3,PARAMETER_UNIFORM,GAUSSIAN_PARAMETER_MUTATION,A.png,9,2,0.2000000030,0.1000000015,0.1000000015,256,256,100,312345,318345,319345,320345,60,0.6020584328,0.5990139251,1
combination_1_run_3,3,PARAMETER_UNIFORM,GAUSSIAN_PARAMETER_MUTATION,A.png,9,2,0.2000000030,0.1000000015,0.1000000015,256,256,100,312345,318345,319345,320345,61,0.6046589554,0.5987604723,4
combination_1_run_3,3,PARAMETER_UNIFORM,GAUSSIAN_PARAMETER_MUTATION,A.png,9,2,0.2000000030,0.1000000015,0.1000000015,256,256,100,312345,318345,319345,320345,62,0.5997444937,0.5964089121,7
combination_1_run_3,3,PARAMETER_UNIFORM,GAUSSIAN_PARAMETER_MUTATION,A.png,9,2,0.2000000030,0.1000000015,0.1000000015,256,256,100,312345,318345,319345,320345,63,0.5989507273,0.5960734683,7
combination_1_run_3,3,PARAMETER_UNIFORM,GAUSSIAN_PARAMETER_MUTATION,A.png,9,2,0.2000000030,0.1000000015,0.1000000015,256,256,100,312345,318345,319345,320345,64,0.5999058363,0.5960752946,5
combination_1_run_3,3,PARAMETER_UNIFORM,GAUSSIAN_PARAMETER_MUTATION,A.png,9,2,0.2000000030,0.1000000015,0.1000000015,256,256,100,312345,318345,319345,320345,65,0.6011025456,0.5958345936,3
combination_1_run_3,3,PARAMETER_UNIFORM,GAUSSIAN_PARAMETER_MUTATION,A.png,9,2,0.2000000030,0.1000000015,0.1000000015,256,256,100,312345,318345,319345,320345,66,0.6024375833,0.5957639945,6
combination_1_run_3,3,PARAMETER_UNIFORM,GAUSSIAN_PARAMETER_MUTATION,A.png,9,2,0.2000000030,0.1000000015,0.1000000015,256,256,100,312345,318345,319345,320345,67,0.6047365552,0.5965417092,4
combination_1_run_3,3,PARAMETER_UNIFORM,GAUSSIAN_PARAMETER_MUTATION,A.png,9,2,0.2000000030,0.1000000015,0.1000000015,256,256,100,312345,318345,319345,320345,68,0.5993257742,0.5961366210,0
combination_1_run_3,3,PARAMETER_UNIFORM,GAUSSIAN_PARAMETER_MUTATION,A.png,9,2,0.2000000030,0.1000000015,0.1000000015,256,256,100,312345,318345,319345,320345,69,0.6016048970,0.5952216870,1
combination_1_run_3,3,PARAMETER_UNIFORM,GAUSSIAN_PARAMETER_MUTATION,A.png,9,2,0.2000000030,0.1000000015,0.1000000015,256,256,100,312345,318345,319345,320345,70,0.6007112228,0.5930401896,5
combination_1_run_3,3,PARAMETER_UNIFORM,GAUSSIAN_PARAMETER_MUTATION,A.png,9,2,0.2000000030,0.1000000015,0.1000000015,256,256,100,312345,318345,319345,320345,71,0.5989298995,0.5941159330,7
combination_1_run_3,3,PARAMETER_UNIFORM,GAUSSIAN_PARAMETER_MUTATION,A.png,9,2,0.2000000030,0.1000000015,0.1000000015,256,256,100,312345,318345,319345,320345,72,0.6036872865,0.5950982887,3
combination_1_run_3,3,PARAMETER_UNIFORM,GAUSSIAN_PARAMETER_MUTATION,A.png,9,2,0.2000000030,0.1000000015,0.1000000015,256,256,100,312345,318345,319345,320345,73,0.6065827430,0.5976234162,1
combination_1_run_3,3,PARAMETER_UNIFORM,GAUSSIAN_PARAMETER_MUTATION,A.png,9,2,0.2000000030,0.1000000015,0.1000000015,256,256,100,312345,318345,319345,320345,74,0.6047161218,0.5988598636,3
combination_1_run_3,3,PARAMETER_UNIFORM,GAUSSIAN_PARAMETER_MUTATION,A.png,9,2,0.2000000030,0.1000000015,0.1000000015,256,256,100,312345,318345,319345,320345,75,0.6089643669,0.5991008013,3
combination_1_run_3,3,PARAMETER_UNIFORM,GAUSSIAN_PARAMETER_MUTATION,A.png,9,2,0.2000000030,0.1000000015,0.1000000015,256,256,100,312345,318345,319345,320345,76,0.6056641771,0.5973240428,6
combination_1_run_3,3,PARAMETER_UNIFORM,GAUSSIAN_PARAMETER_MUTATION,A.png,9,2,0.2000000030,0.1000000015,0.1000000015,256,256,100,312345,318345,319345,320345,77,0.6095049828,0.5995667639,0
combination_1_run_3,3,PARAMETER_UNIFORM,GAUSSIAN_PARAMETER_MUTATION,A.png,9,2,0.2000000030,0.1000000015,0.1000000015,256,256,100,312345,318345,319345,320345,78,0.6095381056,0.6018323558,6
combination_1_run_3,3,PARAMETER_UNIFORM,GAUSSIAN_PARAMETER_MUTATION,A.png,9,2,0.2000000030,0.1000000015,0.1000000015,256,256,100,312345,318345,319345,320345,79,0.6063997680,0.6016127600,4
combination_1_run_3,3,PARAMETER_UNIFORM,GAUSSIAN_PARAMETER_MUTATION,A.png,9,2,0.2000000030,0.1000000015,0.1000000015,256,256,100,312345,318345,319345,320345,80,0.6103715241,0.6029548429,5
combination_1_run_3,3,PARAMETER_UNIFORM,GAUSSIAN_PARAMETER_MUTATION,A.png,9,2,0.2000000030,0.1000000015,0.1000000015,256,256,100,312345,318345,319345,320345,81,0.6103726654,0.6022193492,5
combination_1_run_3,3,PARAMETER_UNIFORM,GAUSSIAN_PARAMETER_MUTATION,A.png,9,2,0.2000000030,0.1000000015,0.1000000015,256,256,100,312345,318345,319345,320345,82,0.6067609521,0.6006927380,6
combination_1_run_3,3,PARAMETER_UNIFORM,GAUSSIAN_PARAMETER_MUTATION,A.png,9,2,0.2000000030,0.1000000015,0.1000000015,256,256,100,312345,318345,319345,320345,83,0.6048755446,0.6011515930,6
combination_1_run_3,3,PARAMETER_UNIFORM,GAUSSIAN_PARAMETER_MUTATION,A.png,9,2,0.2000000030,0.1000000015,0.1000000015,256,256,100,312345,318345,319345,320345,84,0.6069062137,0.6035467923,7
combination_1_run_3,3,PARAMETER_UNIFORM,GAUSSIAN_PARAMETER_MUTATION,A.png,9,2,0.2000000030,0.1000000015,0.1000000015,256,256,100,312345,318345,319345,320345,85,0.6075723253,0.6021472764,6
combination_1_run_3,3,PARAMETER_UNIFORM,GAUSSIAN_PARAMETER_MUTATION,A.png,9,2,0.2000000030,0.1000000015,0.1000000015,256,256,100,312345,318345,319345,320345,86,0.6083835942,0.6020548430,1
combination_1_run_3,3,PARAMETER_UNIFORM,GAUSSIAN_PARAMETER_MUTATION,A.png,9,2,0.2000000030,0.1000000015,0.1000000015,256,256,100,312345,318345,319345,320345,87,0.6066546041,0.5992437962,3
combination_1_run_3,3,PARAMETER_UNIFORM,GAUSSIAN_PARAMETER_MUTATION,A.png,9,2,0.2000000030,0.1000000015,0.1000000015,256,256,100,312345,318345,319345,320345,88,0.6097888648,0.6018652518,2
combination_1_run_3,3,PARAMETER_UNIFORM,GAUSSIAN_PARAMETER_MUTATION,A.png,9,2,0.2000000030,0.1000000015,0.1000000015,256,256,100,312345,318345,319345,320345,89,0.6083469704,0.6016098621,2
combination_1_run_3,3,PARAMETER_UNIFORM,GAUSSIAN_PARAMETER_MUTATION,A.png,9,2,0.2000000030,0.1000000015,0.1000000015,256,256,100,312345,318345,319345,320345,90,0.6061908054,0.5962228996,3
combination_1_run_3,3,PARAMETER_UNIFORM,GAUSSIAN_PARAMETER_MUTATION,A.png,9,2,0.2000000030,0.1000000015,0.1000000015,256,256,100,312345,318345,319345,320345,91,0.6035831876,0.5972544643,8
combination_1_run_3,3,PARAMETER_UNIFORM,GAUSSIAN_PARAMETER_MUTATION,A.png,9,2,0.2000000030,0.1000000015,0.1000000015,256,256,100,312345,318345,319345,320345,92,0.6106295171,0.5953409141,1
combination_1_run_3,3,PARAMETER_UNIFORM,GAUSSIAN_PARAMETER_MUTATION,A.png,9,2,0.2000000030,0.1000000015,0.1000000015,256,256,100,312345,318345,319345,320345,93,0.6042942788,0.5940131782,5
combination_1_run_3,3,PARAMETER_UNIFORM,GAUSSIAN_PARAMETER_MUTATION,A.png,9,2,0.2000000030,0.1000000015,0.1000000015,256,256,100,312345,318345,319345,320345,94,0.6002966432,0.5959091399,6
combination_1_run_3,3,PARAMETER_UNIFORM,GAUSSIAN_PARAMETER_MUTATION,A.png,9,2,0.2000000030,0.1000000015,0.1000000015,256,256,100,312345,318345,319345,320345,95,0.5993532387,0.5938309752,4
combination_1_run_3,3,PARAMETER_UNIFORM,GAUSSIAN_PARAMETER_MUTATION,A.png,9,2,0.2000000030,0.1000000015,0.1000000015,256,256,100,312345,318345,319345,320345,96,0.6054848838,0.5942657272,5
combination_1_run_3,3,PARAMETER_UNIFORM,GAUSSIAN_PARAMETER_MUTATION,A.png,9,2,0.2000000030,0.1000000015,0.1000000015,256,256,100,312345,318345,319345,320345,97,0.6034423972,0.5944884830,7
combination_1_run_3,3,PARAMETER_UNIFORM,GAUSSIAN_PARAMETER_MUTATION,A.png,9,2,0.2000000030,0.1000000015,0.1000000015,256,256,100,312345,318345,319345,320345,98,0.6030815825,0.5949440765,2
combination_1_run_3,3,PARAMETER_UNIFORM,GAUSSIAN_PARAMETER_MUTATION,A.png,9,2,0.2000000030,0.1000000015,0.1000000015,256,256,100,312345,318345,319345,320345,99,0.6031168323,0.5979368873,8
combination_1_run_3,3,PARAMETER_UNIFORM,GAUSSIAN_PARAMETER_MUTATION,A.png,9,2,0.2000000030,0.1000000015,0.1000000015,256,256,100,312345,318345,319345,320345,100,0.6054673389,0.5978039993,6
combination_1_run_4,4,PARAMETER_UNIFORM,GAUSSIAN_PARAMETER_MUTATION,A.png,9,2,0.2000000030,0.1000000015,0.1000000015,256,256,100,412345,418345,419345,420345,0,0.5983111520,0.5845887328,5
combination_1_run_4,4,PARAMETER_UNIFORM,GAUSSIAN_PARAMETER_MUTATION,A.png,9,2,0.2000000030,0.1000000015,0.1000000015,256,256,100,412345,418345,419345,420345,1,0.6028064516,0.5873554374,3
combination_1_run_4,4,PARAMETER_UNIFORM,GAUSSIAN_PARAMETER_MUTATION,A.png,9,2,0.2000000030,0.1000000015,0.1000000015,256,256,100,412345,418345,419345,420345,2,0.5986488760,0.5877883450,8
combination_1_run_4,4,PARAMETER_UNIFORM,GAUSSIAN_PARAMETER_MUTATION,A.png,9,2,0.2000000030,0.1000000015,0.1000000015,256,256,100,412345,418345,419345,420345,3,0.5974513286,0.5912888146,2
combination_1_run_4,4,PARAMETER_UNIFORM,GAUSSIAN_PARAMETER_MUTATION,A.png,9,2,0.2000000030,0.1000000015,0.1000000015,256,256,100,412345,418345,419345,420345,4,0.6019787793,0.5925118552,4
combination_1_run_4,4,PARAMETER_UNIFORM,GAUSSIAN_PARAMETER_MUTATION,A.png,9,2,0.2000000030,0.1000000015,0.1000000015,256,256,100,412345,418345,419345,420345,5,0.6013506869,0.5948696335,5
combination_1_run_4,4,PARAMETER_UNIFORM,GAUSSIAN_PARAMETER_MUTATION,A.png,9,2,0.2000000030,0.1000000015,0.1000000015,256,256,100,412345,418345,419345,420345,6,0.6027288457,0.5965497845,6
combination_1_run_4,4,PARAMETER_UNIFORM,GAUSSIAN_PARAMETER_MUTATION,A.png,9,2,0.2000000030,0.1000000015,0.1000000015,256,256,100,412345,418345,419345,420345,7,0.6001592869,0.5913762511,3
combination_1_run_4,4,PARAMETER_UNIFORM,GAUSSIAN_PARAMETER_MUTATION,A.png,9,2,0.2000000030,0.1000000015,0.1000000015,256,256,100,412345,418345,419345,420345,8,0.6036232551,0.5946573837,5
combination_1_run_4,4,PARAMETER_UNIFORM,GAUSSIAN_PARAMETER_MUTATION,A.png,9,2,0.2000000030,0.1000000015,0.1000000015,256,256,100,412345,418345,419345,420345,9,0.6029588279,0.5926214250,5
combination_1_run_4,4,PARAMETER_UNIFORM,GAUSSIAN_PARAMETER_MUTATION,A.png,9,2,0.2000000030,0.1000000015,0.1000000015,256,256,100,412345,418345,419345,420345,10,0.6046981590,0.5936167883,8
combination_1_run_4,4,PARAMETER_UNIFORM,GAUSSIAN_PARAMETER_MUTATION,A.png,9,2,0.2000000030,0.1000000015,0.1000000015,256,256,100,412345,418345,419345,420345,11,0.6082902581,0.5957276149,8
combination_1_run_4,4,PARAMETER_UNIFORM,GAUSSIAN_PARAMETER_MUTATION,A.png,9,2,0.2000000030,0.1000000015,0.1000000015,256,256,100,412345,418345,419345,420345,12,0.6070188570,0.5952077887,6
combination_1_run_4,4,PARAMETER_UNIFORM,GAUSSIAN_PARAMETER_MUTATION,A.png,9,2,0.2000000030,0.1000000015,0.1000000015,256,256,100,412345,418345,419345,420345,13,0.6071212546,0.5972330671,2
combination_1_run_4,4,PARAMETER_UNIFORM,GAUSSIAN_PARAMETER_MUTATION,A.png,9,2,0.2000000030,0.1000000015,0.1000000015,256,256,100,412345,418345,419345,420345,14,0.6079293499,0.5948664660,6
combination_1_run_4,4,PARAMETER_UNIFORM,GAUSSIAN_PARAMETER_MUTATION,A.png,9,2,0.2000000030,0.1000000015,0.1000000015,256,256,100,412345,418345,419345,420345,15,0.6015374966,0.5929888165,1
combination_1_run_4,4,PARAMETER_UNIFORM,GAUSSIAN_PARAMETER_MUTATION,A.png,9,2,0.2000000030,0.1000000015,0.1000000015,256,256,100,412345,418345,419345,420345,16,0.6048645961,0.5957874402,1
combination_1_run_4,4,PARAMETER_UNIFORM,GAUSSIAN_PARAMETER_MUTATION,A.png,9,2,0.2000000030,0.1000000015,0.1000000015,256,256,100,412345,418345,419345,420345,17,0.6042518697,0.5955793483,7
combination_1_run_4,4,PARAMETER_UNIFORM,GAUSSIAN_PARAMETER_MUTATION,A.png,9,2,0.2000000030,0.1000000015,0.1000000015,256,256,100,412345,418345,419345,420345,18,0.6013419754,0.5955652790,6
combination_1_run_4,4,PARAMETER_UNIFORM,GAUSSIAN_PARAMETER_MUTATION,A.png,9,2,0.2000000030,0.1000000015,0.1000000015,256,256,100,412345,418345,419345,420345,19,0.5994917936,0.5870958108,2
combination_1_run_4,4,PARAMETER_UNIFORM,GAUSSIAN_PARAMETER_MUTATION,A.png,9,2,0.2000000030,0.1000000015,0.1000000015,256,256,100,412345,418345,419345,420345,20,0.6002713703,0.5948253696,3
combination_1_run_4,4,PARAMETER_UNIFORM,GAUSSIAN_PARAMETER_MUTATION,A.png,9,2,0.2000000030,0.1000000015,0.1000000015,256,256,100,412345,418345,419345,420345,21,0.6008040508,0.5929716042,5
combination_1_run_4,4,PARAMETER_UNIFORM,GAUSSIAN_PARAMETER_MUTATION,A.png,9,2,0.2000000030,0.1000000015,0.1000000015,256,256,100,412345,418345,419345,420345,22,0.6009012737,0.5928792986,0
combination_1_run_4,4,PARAMETER_UNIFORM,GAUSSIAN_PARAMETER_MUTATION,A.png,9,2,0.2000000030,0.1000000015,0.1000000015,256,256,100,412345,418345,419345,420345,23,0.6006501354,0.5916449652,2
combination_1_run_4,4,PARAMETER_UNIFORM,GAUSSIAN_PARAMETER_MUTATION,A.png,9,2,0.2000000030,0.1000000015,0.1000000015,256,256,100,412345,418345,419345,420345,24,0.6003927670,0.5903413187,2
combination_1_run_4,4,PARAMETER_UNIFORM,GAUSSIAN_PARAMETER_MUTATION,A.png,9,2,0.2000000030,0.1000000015,0.1000000015,256,256,100,412345,418345,419345,420345,25,0.6003927670,0.5908671305,8
combination_1_run_4,4,PARAMETER_UNIFORM,GAUSSIAN_PARAMETER_MUTATION,A.png,9,2,0.2000000030,0.1000000015,0.1000000015,256,256,100,412345,418345,419345,420345,26,0.6012689510,0.5945318197,6
combination_1_run_4,4,PARAMETER_UNIFORM,GAUSSIAN_PARAMETER_MUTATION,A.png,9,2,0.2000000030,0.1000000015,0.1000000015,256,256,100,412345,418345,419345,420345,27,0.6018236230,0.5906528489,6
combination_1_run_4,4,PARAMETER_UNIFORM,GAUSSIAN_PARAMETER_MUTATION,A.png,9,2,0.2000000030,0.1000000015,0.1000000015,256,256,100,412345,418345,419345,420345,28,0.6019493377,0.5900340220,3
combination_1_run_4,4,PARAMETER_UNIFORM,GAUSSIAN_PARAMETER_MUTATION,A.png,9,2,0.2000000030,0.1000000015,0.1000000015,256,256,100,412345,418345,419345,420345,29,0.6019493377,0.5900245994,3
combination_1_run_4,4,PARAMETER_UNIFORM,GAUSSIAN_PARAMETER_MUTATION,A.png,9,2,0.2000000030,0.1000000015,0.1000000015,256,256,100,412345,418345,419345,420345,30,0.6051716118,0.5931220278,3
combination_1_run_4,4,PARAMETER_UNIFORM,GAUSSIAN_PARAMETER_MUTATION,A.png,9,2,0.2000000030,0.1000000015,0.1000000015,256,256,100,412345,418345,419345,420345,31,0.6053912717,0.5930701949,3
combination_1_run_4,4,PARAMETER_UNIFORM,GAUSSIAN_PARAMETER_MUTATION,A.png,9,2,0.2000000030,0.1000000015,0.1000000015,256,256,100,412345,418345,419345,420345,32,0.6066558861,0.5982092003,6
combination_1_run_4,4,PARAMETER_UNIFORM,GAUSSIAN_PARAMETER_MUTATION,A.png,9,2,0.2000000030,0.1000000015,0.1000000015,256,256,100,412345,418345,419345,420345,33,0.6064244615,0.5977160295,2
combination_1_run_4,4,PARAMETER_UNIFORM,GAUSSIAN_PARAMETER_MUTATION,A.png,9,2,0.2000000030,0.1000000015,0.1000000015,256,256,100,412345,418345,419345,420345,34,0.6058453403,0.5962341795,1
combination_1_run_4,4,PARAMETER_UNIFORM,GAUSSIAN_PARAMETER_MUTATION,A.png,9,2,0.2000000030,0.1000000015,0.1000000015,256,256,100,412345,418345,419345,420345,35,0.6022418917,0.5978296107,3
combination_1_run_4,4,PARAMETER_UNIFORM,GAUSSIAN_PARAMETER_MUTATION,A.png,9,2,0.2000000030,0.1000000015,0.1000000015,256,256,100,412345,418345,419345,420345,36,0.6018530977,0.5957502143,6
combination_1_run_4,4,PARAMETER_UNIFORM,GAUSSIAN_PARAMETER_MUTATION,A.png,9,2,0.2000000030,0.1000000015,0.1000000015,256,256,100,412345,418345,419345,420345,37,0.6027468716,0.5927876121,4
combination_1_run_4,4,PARAMETER_UNIFORM,GAUSSIAN_PARAMETER_MUTATION,A.png,9,2,0.2000000030,0.1000000015,0.1000000015,256,256,100,412345,418345,419345,420345,38,0.6013318318,0.5935663777,7
combination_1_run_4,4,PARAMETER_UNIFORM,GAUSSIAN_PARAMETER_MUTATION,A.png,9,2,0.2000000030,0.1000000015,0.1000000015,256,256,100,412345,418345,419345,420345,39,0.5995229375,0.5901323359,4
combination_1_run_4,4,PARAMETER_UNIFORM,GAUSSIAN_PARAMETER_MUTATION,A.png,9,2,0.2000000030,0.1000000015,0.1000000015,256,256,100,412345,418345,419345,420345,40,0.6014384596,0.5906608191,0
combination_1_run_4,4,PARAMETER_UNIFORM,GAUSSIAN_PARAMETER_MUTATION,A.png,9,2,0.2000000030,0.1000000015,0.1000000015,256,256,100,412345,418345,419345,420345,41,0.5989808836,0.5892951548,8
combination_1_run_4,4,PARAMETER_UNIFORM,GAUSSIAN_PARAMETER_MUTATION,A.png,9,2,0.2000000030,0.1000000015,0.1000000015,256,256,100,412345,418345,419345,420345,42,0.5957949782,0.5894879070,0
combination_1_run_4,4,PARAMETER_UNIFORM,GAUSSIAN_PARAMETER_MUTATION,A.png,9,2,0.2000000030,0.1000000015,0.1000000015,256,256,100,412345,418345,419345,420345,43,0.5936876617,0.5893562900,6
combination_1_run_4,4,PARAMETER_UNIFORM,GAUSSIAN_PARAMETER_MUTATION,A.png,9,2,0.2000000030,0.1000000015,0.1000000015,256,256,100,412345,418345,419345,420345,44,0.5963493787,0.5886289112,4
combination_1_run_4,4,PARAMETER_UNIFORM,GAUSSIAN_PARAMETER_MUTATION,A.png,9,2,0.2000000030,0.1000000015,0.1000000015,256,256,100,412345,418345,419345,420345,45,0.5965884190,0.5891626960,7
combination_1_run_4,4,PARAMETER_UNIFORM,GAUSSIAN_PARAMETER_MUTATION,A.png,9,2,0.2000000030,0.1000000015,0.1000000015,256,256,100,412345,418345,419345,420345,46,0.5967070854,0.5892507409,4
combination_1_run_4,4,PARAMETER_UNIFORM,GAUSSIAN_PARAMETER_MUTATION,A.png,9,2,0.2000000030,0.1000000015,0.1000000015,256,256,100,412345,418345,419345,420345,47,0.6001152149,0.5892388801,7
combination_1_run_4,4,PARAMETER_UNIFORM,GAUSSIAN_PARAMETER_MUTATION,A.png,9,2,0.2000000030,0.1000000015,0.1000000015,256,256,100,412345,418345,419345,420345,48,0.6003120499,0.5949259902,4
combination_1_run_4,4,PARAMETER_UNIFORM,GAUSSIAN_PARAMETER_MUTATION,A.png,9,2,0.2000000030,0.1000000015,0.1000000015,256,256,100,412345,418345,419345,420345,49,0.6011108200,0.5934315155,3
combination_1_run_4,4,PARAMETER_UNIFORM,GAUSSIAN_PARAMETER_MUTATION,A.png,9,2,0.2000000030,0.1000000015,0.1000000015,256,256,100,412345,418345,419345,420345,50,0.6019819783,0.5892730758,0
combination_1_run_4,4,PARAMETER_UNIFORM,GAUSSIAN_PARAMETER_MUTATION,A.png,9,2,0.2000000030,0.1000000015,0.1000000015,256,256,100,412345,418345,419345,420345,51,0.5968642554,0.5921869901,5
combination_1_run_4,4,PARAMETER_UNIFORM,GAUSSIAN_PARAMETER_MUTATION,A.png,9,2,0.2000000030,0.1000000015,0.1000000015,256,256,100,412345,418345,419345,420345,52,0.6017966549,0.5912332317,3
combination_1_run_4,4,PARAMETER_UNIFORM,GAUSSIAN_PARAMETER_MUTATION,A.png,9,2,0.2000000030,0.1000000015,0.1000000015,256,256,100,412345,418345,419345,420345,53,0.5973494051,0.5892332309,7
combination_1_run_4,4,PARAMETER_UNIFORM,GAUSSIAN_PARAMETER_MUTATION,A.png,9,2,0.2000000030,0.1000000015,0.1000000015,256,256,100,412345,418345,419345,420345,54,0.5967510538,0.5890085015,2
combination_1_run_4,4,PARAMETER_UNIFORM,GAUSSIAN_PARAMETER_MUTATION,A.png,9,2,0.2000000030,0.1000000015,0.1000000015,256,256,100,412345,418345,419345,420345,55,0.6004122663,0.5927349973,1
combination_1_run_4,4,PARAMETER_UNIFORM,GAUSSIAN_PARAMETER_MUTATION,A.png,9,2,0.2000000030,0.1000000015,0.1000000015,256,256,100,412345,418345,419345,420345,56,0.5981567482,0.5879132290,5
combination_1_run_4,4,PARAMETER_UNIFORM,GAUSSIAN_PARAMETER_MUTATION,A.png,9,2,0.2000000030,0.1000000015,0.1000000015,256,256,100,412345,418345,419345,420345,57,0.6008440151,0.5882552304,4
combination_1_run_4,4,PARAMETER_UNIFORM,GAUSSIAN_PARAMETER_MUTATION,A.png,9,2,0.2000000030,0.1000000015,0.1000000015,256,256,100,412345,418345,419345,420345,58,0.6012661780,0.5870787918,5
combination_1_run_4,4,PARAMETER_UNIFORM,GAUSSIAN_PARAMETER_MUTATION,A.png,9,2,0.2000000030,0.1000000015,0.1000000015,256,256,100,412345,418345,419345,420345,59,0.6044539415,0.5905661152,8
combination_1_run_4,4,PARAMETER_UNIFORM,GAUSSIAN_PARAMETER_MUTATION,A.png,9,2,0.2000000030,0.1000000015,0.1000000015,256,256,100,412345,418345,419345,420345,60,0.6016991186,0.5873927381,6
combination_1_run_4,4,PARAMETER_UNIFORM,GAUSSIAN_PARAMETER_MUTATION,A.png,9,2,0.2000000030,0.1000000015,0.1000000015,256,256,100,412345,418345,419345,420345,61,0.6009572088,0.5848804607,7
combination_1_run_4,4,PARAMETER_UNIFORM,GAUSSIAN_PARAMETER_MUTATION,A.png,9,2,0.2000000030,0.1000000015,0.1000000015,256,256,100,412345,418345,419345,420345,62,0.5994826038,0.5854814785,0
combination_1_run_4,4,PARAMETER_UNIFORM,GAUSSIAN_PARAMETER_MUTATION,A.png,9,2,0.2000000030,0.1000000015,0.1000000015,256,256,100,412345,418345,419345,420345,63,0.5982375579,0.5854751623,3
combination_1_run_4,4,PARAMETER_UNIFORM,GAUSSIAN_PARAMETER_MUTATION,A.png,9,2,0.2000000030,0.1000000015,0.1000000015,256,256,100,412345,418345,419345,420345,64,0.6029243006,0.5873606832,2
combination_1_run_4,4,PARAMETER_UNIFORM,GAUSSIAN_PARAMETER_MUTATION,A.png,9,2,0.2000000030,0.1000000015,0.1000000015,256,256,100,412345,418345,419345,420345,65,0.5971373738,0.5874119448,5
combination_1_run_4,4,PARAMETER_UNIFORM,GAUSSIAN_PARAMETER_MUTATION,A.png,9,2,0.2000000030,0.1000000015,0.1000000015,256,256,100,412345,418345,419345,420345,66,0.5915248879,0.5846462760,1
combination_1_run_4,4,PARAMETER_UNIFORM,GAUSSIAN_PARAMETER_MUTATION,A.png,9,2,0.2000000030,0.1000000015,0.1000000015,256,256,100,412345,418345,419345,420345,67,0.5972290212,0.5849438097,3
combination_1_run_4,4,PARAMETER_UNIFORM,GAUSSIAN_PARAMETER_MUTATION,A.png,9,2,0.2000000030,0.1000000015,0.1000000015,256,256,100,412345,418345,419345,420345,68,0.5931892790,0.5858492464,4
combination_1_run_4,4,PARAMETER_UNIFORM,GAUSSIAN_PARAMETER_MUTATION,A.png,9,2,0.2000000030,0.1000000015,0.1000000015,256,256,100,412345,418345,419345,420345,69,0.5969302145,0.5877093656,7
combination_1_run_4,4,PARAMETER_UNIFORM,GAUSSIAN_PARAMETER_MUTATION,A.png,9,2,0.2000000030,0.1000000015,0.1000000015,256,256,100,412345,418345,419345,420345,70,0.5916603507,0.5836919524,8
combination_1_run_4,4,PARAMETER_UNIFORM,GAUSSIAN_PARAMETER_MUTATION,A.png,9,2,0.2000000030,0.1000000015,0.1000000015,256,256,100,412345,418345,419345,420345,71,0.5897487169,0.5835942843,3
combination_1_run_4,4,PARAMETER_UNIFORM,GAUSSIAN_PARAMETER_MUTATION,A.png,9,2,0.2000000030,0.1000000015,0.1000000015,256,256,100,412345,418345,419345,420345,72,0.5925136208,0.5830143682,3
combination_1_run_4,4,PARAMETER_UNIFORM,GAUSSIAN_PARAMETER_MUTATION,A.png,9,2,0.2000000030,0.1000000015,0.1000000015,256,256,100,412345,418345,419345,420345,73,0.5924619164,0.5845293513,6
combination_1_run_4,4,PARAMETER_UNIFORM,GAUSSIAN_PARAMETER_MUTATION,A.png,9,2,0.2000000030,0.1000000015,0.1000000015,256,256,100,412345,418345,419345,420345,74,0.5921489590,0.5835508441,0
combination_1_run_4,4,PARAMETER_UNIFORM,GAUSSIAN_PARAMETER_MUTATION,A.png,9,2,0.2000000030,0.1000000015,0.1000000015,256,256,100,412345,418345,419345,420345,75,0.5921392433,0.5870092788,8
combination_1_run_4,4,PARAMETER_UNIFORM,GAUSSIAN_PARAMETER_MUTATION,A.png,9,2,0.2000000030,0.1000000015,0.1000000015,256,256,100,412345,418345,419345,420345,76,0.5968424594,0.5854366580,1
combination_1_run_4,4,PARAMETER_UNIFORM,GAUSSIAN_PARAMETER_MUTATION,A.png,9,2,0.2000000030,0.1000000015,0.1000000015,256,256,100,412345,418345,419345,420345,77,0.5969771392,0.5836966038,4
combination_1_run_4,4,PARAMETER_UNIFORM,GAUSSIAN_PARAMETER_MUTATION,A.png,9,2,0.2000000030,0.1000000015,0.1000000015,256,256,100,412345,418345,419345,420345,78,0.5902810177,0.5789833280,8
combination_1_run_4,4,PARAMETER_UNIFORM,GAUSSIAN_PARAMETER_MUTATION,A.png,9,2,0.2000000030,0.1000000015,0.1000000015,256,256,100,412345,418345,419345,420345,79,0.6037179971,0.5839161659,1
combination_1_run_4,4,PARAMETER_UNIFORM,GAUSSIAN_PARAMETER_MUTATION,A.png,9,2,0.2000000030,0.1000000015,0.1000000015,256,256,100,412345,418345,419345,420345,80,0.5935904447,0.5794041884,4
combination_1_run_4,4,PARAMETER_UNIFORM,GAUSSIAN_PARAMETER_MUTATION,A.png,9,2,0.2000000030,0.1000000015,0.1000000015,256,256,100,412345,418345,419345,420345,81,0.5971148364,0.5788704886,8
combination_1_run_4,4,PARAMETER_UNIFORM,GAUSSIAN_PARAMETER_MUTATION,A.png,9,2,0.2000000030,0.1000000015,0.1000000015,256,256,100,412345,418345,419345,420345,82,0.5933388896,0.5838027265,6
combination_1_run_4,4,PARAMETER_UNIFORM,GAUSSIAN_PARAMETER_MUTATION,A.png,9,2,0.2000000030,0.1000000015,0.1000000015,256,256,100,412345,418345,419345,420345,83,0.5948157384,0.5866656270,8
combination_1_run_4,4,PARAMETER_UNIFORM,GAUSSIAN_PARAMETER_MUTATION,A.png,9,2,0.2000000030,0.1000000015,0.1000000015,256,256,100,412345,418345,419345,420345,84,0.5910394258,0.5843656268,7
combination_1_run_4,4,PARAMETER_UNIFORM,GAUSSIAN_PARAMETER_MUTATION,A.png,9,2,0.2000000030,0.1000000015,0.1000000015,256,256,100,412345,418345,419345,420345,85,0.6027451656,0.5855406686,8
combination_1_run_4,4,PARAMETER_UNIFORM,GAUSSIAN_PARAMETER_MUTATION,A.png,9,2,0.2000000030,0.1000000015,0.1000000015,256,256,100,412345,418345,419345,420345,86,0.6035967938,0.5846667995,1
combination_1_run_4,4,PARAMETER_UNIFORM,GAUSSIAN_PARAMETER_MUTATION,A.png,9,2,0.2000000030,0.1000000015,0.1000000015,256,256,100,412345,418345,419345,420345,87,0.6020758280,0.5848580494,0
combination_1_run_4,4,PARAMETER_UNIFORM,GAUSSIAN_PARAMETER_MUTATION,A.png,9,2,0.2000000030,0.1000000015,0.1000000015,256,256,100,412345,418345,419345,420345,88,0.6017878883,0.5909487156,0
combination_1_run_4,4,PARAMETER_UNIFORM,GAUSSIAN_PARAMETER_MUTATION,A.png,9,2,0.2000000030,0.1000000015,0.1000000015,256,256,100,412345,418345,419345,420345,89,0.6032829215,0.5904196851,6
combination_1_run_4,4,PARAMETER_UNIFORM,GAUSSIAN_PARAMETER_MUTATION,A.png,9,2,0.2000000030,0.1000000015,0.1000000015,256,256,100,412345,418345,419345,420345,90,0.6052695954,0.5937180463,2
combination_1_run_4,4,PARAMETER_UNIFORM,GAUSSIAN_PARAMETER_MUTATION,A.png,9,2,0.2000000030,0.1000000015,0.1000000015,256,256,100,412345,418345,419345,420345,91,0.6052271641,0.5937213350,4
combination_1_run_4,4,PARAMETER_UNIFORM,GAUSSIAN_PARAMETER_MUTATION,A.png,9,2,0.2000000030,0.1000000015,0.1000000015,256,256,100,412345,418345,419345,420345,92,0.6036412406,0.5899693456,5
combination_1_run_4,4,PARAMETER_UNIFORM,GAUSSIAN_PARAMETER_MUTATION,A.png,9,2,0.2000000030,0.1000000015,0.1000000015,256,256,100,412345,418345,419345,420345,93,0.5956178353,0.5875371073,6
combination_1_run_4,4,PARAMETER_UNIFORM,GAUSSIAN_PARAMETER_MUTATION,A.png,9,2,0.2000000030,0.1000000015,0.1000000015,256,256,100,412345,418345,419345,420345,94,0.5937480167,0.5884037480,3
combination_1_run_4,4,PARAMETER_UNIFORM,GAUSSIAN_PARAMETER_MUTATION,A.png,9,2,0.2000000030,0.1000000015,0.1000000015,256,256,100,412345,418345,419345,420345,95,0.5906008640,0.5843231541,7
combination_1_run_4,4,PARAMETER_UNIFORM,GAUSSIAN_PARAMETER_MUTATION,A.png,9,2,0.2000000030,0.1000000015,0.1000000015,256,256,100,412345,418345,419345,420345,96,0.6019224846,0.5857902779,8
combination_1_run_4,4,PARAMETER_UNIFORM,GAUSSIAN_PARAMETER_MUTATION,A.png,9,2,0.2000000030,0.1000000015,0.1000000015,256,256,100,412345,418345,419345,420345,97,0.5948850300,0.5844899606,8
combination_1_run_4,4,PARAMETER_UNIFORM,GAUSSIAN_PARAMETER_MUTATION,A.png,9,2,0.2000000030,0.1000000015,0.1000000015,256,256,100,412345,418345,419345,420345,98,0.5978633518,0.5868743751,5
combination_1_run_4,4,PARAMETER_UNIFORM,GAUSSIAN_PARAMETER_MUTATION,A.png,9,2,0.2000000030,0.1000000015,0.1000000015,256,256,100,412345,418345,419345,420345,99,0.6091123333,0.5888654860,3
combination_1_run_4,4,PARAMETER_UNIFORM,GAUSSIAN_PARAMETER_MUTATION,A.png,9,2,0.2000000030,0.1000000015,0.1000000015,256,256,100,412345,418345,419345,420345,100,0.6010653002,0.5896576228,5
combination_2_run_0,0,WHOLE_FORMULA_UNIFORM,BOUNDED_UNIFORM_MUTATION,A.png,9,2,0.2000000030,0.1000000015,0.1000000015,256,256,100,12345,18345,19345,20345,0,0.5978445791,0.5837501649,5
combination_2_run_0,0,WHOLE_FORMULA_UNIFORM,BOUNDED_UNIFORM_MUTATION,A.png,9,2,0.2000000030,0.1000000015,0.1000000015,256,256,100,12345,18345,19345,20345,1,0.5955481231,0.5821100677,8
combination_2_run_0,0,WHOLE_FORMULA_UNIFORM,BOUNDED_UNIFORM_MUTATION,A.png,9,2,0.2000000030,0.1000000015,0.1000000015,256,256,100,12345,18345,19345,20345,2,0.5954141873,0.5823256210,8
combination_2_run_0,0,WHOLE_FORMULA_UNIFORM,BOUNDED_UNIFORM_MUTATION,A.png,9,2,0.2000000030,0.1000000015,0.1000000015,256,256,100,12345,18345,19345,20345,3,0.5842704352,0.5764291525,0
combination_2_run_0,0,WHOLE_FORMULA_UNIFORM,BOUNDED_UNIFORM_MUTATION,A.png,9,2,0.2000000030,0.1000000015,0.1000000015,256,256,100,12345,18345,19345,20345,4,0.5774001222,0.5723524327,8
combination_2_run_0,0,WHOLE_FORMULA_UNIFORM,BOUNDED_UNIFORM_MUTATION,A.png,9,2,0.2000000030,0.1000000015,0.1000000015,256,256,100,12345,18345,19345,20345,5,0.5861930727,0.5755719341,6
combination_2_run_0,0,WHOLE_FORMULA_UNIFORM,BOUNDED_UNIFORM_MUTATION,A.png,9,2,0.2000000030,0.1000000015,0.1000000015,256,256,100,12345,18345,19345,20345,6,0.5873252242,0.5779446016,7
combination_2_run_0,0,WHOLE_FORMULA_UNIFORM,BOUNDED_UNIFORM_MUTATION,A.png,9,2,0.2000000030,0.1000000015,0.1000000015,256,256,100,12345,18345,19345,20345,7,0.5961893100,0.5818781123,0
combination_2_run_0,0,WHOLE_FORMULA_UNIFORM,BOUNDED_UNIFORM_MUTATION,A.png,9,2,0.2000000030,0.1000000015,0.1000000015,256,256,100,12345,18345,19345,20345,8,0.5903877206,0.5814200885,5
combination_2_run_0,0,WHOLE_FORMULA_UNIFORM,BOUNDED_UNIFORM_MUTATION,A.png,9,2,0.2000000030,0.1000000015,0.1000000015,256,256,100,12345,18345,19345,20345,9,0.5839946237,0.5785893505,1
combination_2_run_0,0,WHOLE_FORMULA_UNIFORM,BOUNDED_UNIFORM_MUTATION,A.png,9,2,0.2000000030,0.1000000015,0.1000000015,256,256,100,12345,18345,19345,20345,10,0.5932129830,0.5802916022,6
combination_2_run_0,0,WHOLE_FORMULA_UNIFORM,BOUNDED_UNIFORM_MUTATION,A.png,9,2,0.2000000030,0.1000000015,0.1000000015,256,256,100,12345,18345,19345,20345,11,0.5835583391,0.5747985881,0
combination_2_run_0,0,WHOLE_FORMULA_UNIFORM,BOUNDED_UNIFORM_MUTATION,A.png,9,2,0.2000000030,0.1000000015,0.1000000015,256,256,100,12345,18345,19345,20345,12,0.5828104526,0.5738972061,0
combination_2_run_0,0,WHOLE_FORMULA_UNIFORM,BOUNDED_UNIFORM_MUTATION,A.png,9,2,0.2000000030,0.1000000015,0.1000000015,256,256,100,12345,18345,19345,20345,13,0.5916406906,0.5767615623,8
combination_2_run_0,0,WHOLE_FORMULA_UNIFORM,BOUNDED_UNIFORM_MUTATION,A.png,9,2,0.2000000030,0.1000000015,0.1000000015,256,256,100,12345,18345,19345,20345,14,0.5908489340,0.5800618453,3
combination_2_run_0,0,WHOLE_FORMULA_UNIFORM,BOUNDED_UNIFORM_MUTATION,A.png,9,2,0.2000000030,0.1000000015,0.1000000015,256,256,100,12345,18345,19345,20345,15,0.5936642848,0.5819171410,5
combination_2_run_0,0,WHOLE_FORMULA_UNIFORM,BOUNDED_UNIFORM_MUTATION,A.png,9,2,0.2000000030,0.1000000015,0.1000000015,256,256,100,12345,18345,19345,20345,16,0.5976477081,0.5832688013,0
combination_2_run_0,0,WHOLE_FORMULA_UNIFORM,BOUNDED_UNIFORM_MUTATION,A.png,9,2,0.2000000030,0.1000000015,0.1000000015,256,256,100,12345,18345,19345,20345,17,0.5977982907,0.5827555475,1
combination_2_run_0,0,WHOLE_FORMULA_UNIFORM,BOUNDED_UNIFORM_MUTATION,A.png,9,2,0.2000000030,0.1000000015,0.1000000015,256,256,100,12345,18345,19345,20345,18,0.5987472393,0.5814736678,7
combination_2_run_0,0,WHOLE_FORMULA_UNIFORM,BOUNDED_UNIFORM_MUTATION,A.png,9,2,0.2000000030,0.1000000015,0.1000000015,256,256,100,12345,18345,19345,20345,19,0.5971852780,0.5813793594,4
combination_2_run_0,0,WHOLE_FORMULA_UNIFORM,BOUNDED_UNIFORM_MUTATION,A.png,9,2,0.2000000030,0.1000000015,0.1000000015,256,256,100,12345,18345,19345,20345,20,0.5986781311,0.5836469205,1
combination_2_run_0,0,WHOLE_FORMULA_UNIFORM,BOUNDED_UNIFORM_MUTATION,A.png,9,2,0.2000000030,0.1000000015,0.1000000015,256,256,100,12345,18345,19345,20345,21,0.6014439541,0.5882092979,8
combination_2_run_0,0,WHOLE_FORMULA_UNIFORM,BOUNDED_UNIFORM_MUTATION,A.png,9,2,0.2000000030,0.1000000015,0.1000000015,256,256,100,12345,18345,19345,20345,22,0.6023147537,0.5891189530,3
combination_2_run_0,0,WHOLE_FORMULA_UNIFORM,BOUNDED_UNIFORM_MUTATION,A.png,9,2,0.2000000030,0.1000000015,0.1000000015,256,256,100,12345,18345,19345,20345,23,0.6035965482,0.5946719377,7
combination_2_run_0,0,WHOLE_FORMULA_UNIFORM,BOUNDED_UNIFORM_MUTATION,A.png,9,2,0.2000000030,0.1000000015,0.1000000015,256,256,100,12345,18345,19345,20345,24,0.6026376692,0.5951413906,5
combination_2_run_0,0,WHOLE_FORMULA_UNIFORM,BOUNDED_UNIFORM_MUTATION,A.png,9,2,0.2000000030,0.1000000015,0.1000000015,256,256,100,12345,18345,19345,20345,25,0.6024974003,0.5953273158,0
combination_2_run_0,0,WHOLE_FORMULA_UNIFORM,BOUNDED_UNIFORM_MUTATION,A.png,9,2,0.2000000030,0.1000000015,0.1000000015,256,256,100,12345,18345,19345,20345,26,0.6024974003,0.5963053353,8
combination_2_run_0,0,WHOLE_FORMULA_UNIFORM,BOUNDED_UNIFORM_MUTATION,A.png,9,2,0.2000000030,0.1000000015,0.1000000015,256,256,100,12345,18345,19345,20345,27,0.6018673386,0.5945617549,1
combination_2_run_0,0,WHOLE_FORMULA_UNIFORM,BOUNDED_UNIFORM_MUTATION,A.png,9,2,0.2000000030,0.1000000015,0.1000000015,256,256,100,12345,18345,19345,20345,28,0.6013373618,0.5945340596,4
combination_2_run_0,0,WHOLE_FORMULA_UNIFORM,BOUNDED_UNIFORM_MUTATION,A.png,9,2,0.2000000030,0.1000000015,0.1000000015,256,256,100,12345,18345,19345,20345,29,0.5997409995,0.5923629110,0
combination_2_run_0,0,WHOLE_FORMULA_UNIFORM,BOUNDED_UNIFORM_MUTATION,A.png,9,2,0.2000000030,0.1000000015,0.1000000015,256,256,100,12345,18345,19345,20345,30,0.5958840342,0.5934443323,8
combination_2_run_0,0,WHOLE_FORMULA_UNIFORM,BOUNDED_UNIFORM_MUTATION,A.png,9,2,0.2000000030,0.1000000015,0.1000000015,256,256,100,12345,18345,19345,20345,31,0.6009520609,0.5931193606,1
combination_2_run_0,0,WHOLE_FORMULA_UNIFORM,BOUNDED_UNIFORM_MUTATION,A.png,9,2,0.2000000030,0.1000000015,0.1000000015,256,256,100,12345,18345,19345,20345,32,0.6020638405,0.5955061719,3
combination_2_run_0,0,WHOLE_FORMULA_UNIFORM,BOUNDED_UNIFORM_MUTATION,A.png,9,2,0.2000000030,0.1000000015,0.1000000015,256,256,100,12345,18345,19345,20345,33,0.6033858504,0.5965801425,0
combination_2_run_0,0,WHOLE_FORMULA_UNIFORM,BOUNDED_UNIFORM_MUTATION,A.png,9,2,0.2000000030,0.1000000015,0.1000000015,256,256,100,12345,18345,19345,20345,34,0.6038885940,0.5995968244,1
combination_2_run_0,0,WHOLE_FORMULA_UNIFORM,BOUNDED_UNIFORM_MUTATION,A.png,9,2,0.2000000030,0.1000000015,0.1000000015,256,256,100,12345,18345,19345,20345,35,0.6033743158,0.6004550457,3
combination_2_run_0,0,WHOLE_FORMULA_UNIFORM,BOUNDED_UNIFORM_MUTATION,A.png,9,2,0.2000000030,0.1000000015,0.1000000015,256,256,100,12345,18345,19345,20345,36,0.6035950842,0.6015359006,2
combination_2_run_0,0,WHOLE_FORMULA_UNIFORM,BOUNDED_UNIFORM_MUTATION,A.png,9,2,0.2000000030,0.1000000015,0.1000000015,256,256,100,12345,18345,19345,20345,37,0.6032334751,0.6001306652,4
combination_2_run_0,0,WHOLE_FORMULA_UNIFORM,BOUNDED_UNIFORM_MUTATION,A.png,9,2,0.2000000030,0.1000000015,0.1000000015,256,256,100,12345,18345,19345,20345,38,0.6031195237,0.6004900299,7
combination_2_run_0,0,WHOLE_FORMULA_UNIFORM,BOUNDED_UNIFORM_MUTATION,A.png,9,2,0.2000000030,0.1000000015,0.1000000015,256,256,100,12345,18345,19345,20345,39,0.6026399062,0.5998154823,5
combination_2_run_0,0,WHOLE_FORMULA_UNIFORM,BOUNDED_UNIFORM_MUTATION,A.png,9,2,0.2000000030,0.1000000015,0.1000000015,256,256,100,12345,18345,19345,20345,40,0.6014007276,0.5989404771,3
combination_2_run_0,0,WHOLE_FORMULA_UNIFORM,BOUNDED_UNIFORM_MUTATION,A.png,9,2,0.2000000030,0.1000000015,0.1000000015,256,256,100,12345,18345,19345,20345,41,0.6014766652,0.5984745299,5
combination_2_run_0,0,WHOLE_FORMULA_UNIFORM,BOUNDED_UNIFORM_MUTATION,A.png,9,2,0.2000000030,0.1000000015,0.1000000015,256,256,100,12345,18345,19345,20345,42,0.6022413605,0.5977786488,8
combination_2_run_0,0,WHOLE_FORMULA_UNIFORM,BOUNDED_UNIFORM_MUTATION,A.png,9,2,0.2000000030,0.1000000015,0.1000000015,256,256,100,12345,18345,19345,20345,43,0.6023027452,0.5981080405,5
combination_2_run_0,0,WHOLE_FORMULA_UNIFORM,BOUNDED_UNIFORM_MUTATION,A.png,9,2,0.2000000030,0.1000000015,0.1000000015,256,256,100,12345,18345,19345,20345,44,0.6006874789,0.5965787412,1
combination_2_run_0,0,WHOLE_FORMULA_UNIFORM,BOUNDED_UNIFORM_MUTATION,A.png,9,2,0.2000000030,0.1000000015,0.1000000015,256,256,100,12345,18345,19345,20345,45,0.5990234524,0.5963243261,8
combination_2_run_0,0,WHOLE_FORMULA_UNIFORM,BOUNDED_UNIFORM_MUTATION,A.png,9,2,0.2000000030,0.1000000015,0.1000000015,256,256,100,12345,18345,19345,20345,46,0.5989995515,0.5946848486,3
combination_2_run_0,0,WHOLE_FORMULA_UNIFORM,BOUNDED_UNIFORM_MUTATION,A.png,9,2,0.2000000030,0.1000000015,0.1000000015,256,256,100,12345,18345,19345,20345,47,0.5976952014,0.5944831760,6
combination_2_run_0,0,WHOLE_FORMULA_UNIFORM,BOUNDED_UNIFORM_MUTATION,A.png,9,2,0.2000000030,0.1000000015,0.1000000015,256,256,100,12345,18345,19345,20345,48,0.5999910519,0.5948229275,5
combination_2_run_0,0,WHOLE_FORMULA_UNIFORM,BOUNDED_UNIFORM_MUTATION,A.png,9,2,0.2000000030,0.1000000015,0.1000000015,256,256,100,12345,18345,19345,20345,49,0.5992597590,0.5941226311,8
combination_2_run_0,0,WHOLE_FORMULA_UNIFORM,BOUNDED_UNIFORM_MUTATION,A.png,9,2,0.2000000030,0.1000000015,0.1000000015,256,256,100,12345,18345,19345,20345,50,0.5999652644,0.5957433071,7
combination_2_run_0,0,WHOLE_FORMULA_UNIFORM,BOUNDED_UNIFORM_MUTATION,A.png,9,2,0.2000000030,0.1000000015,0.1000000015,256,256,100,12345,18345,19345,20345,51,0.6007184172,0.5941360096,4
combination_2_run_0,0,WHOLE_FORMULA_UNIFORM,BOUNDED_UNIFORM_MUTATION,A.png,9,2,0.2000000030,0.1000000015,0.1000000015,256,256,100,12345,18345,19345,20345,52,0.6001888315,0.5932106219,3
combination_2_run_0,0,WHOLE_FORMULA_UNIFORM,BOUNDED_UNIFORM_MUTATION,A.png,9,2,0.2000000030,0.1000000015,0.1000000015,256,256,100,12345,18345,19345,20345,53,0.5964780238,0.5939775645,6
combination_2_run_0,0,WHOLE_FORMULA_UNIFORM,BOUNDED_UNIFORM_MUTATION,A.png,9,2,0.2000000030,0.1000000015,0.1000000015,256,256,100,12345,18345,19345,20345,54,0.5970671288,0.5939944420,1
combination_2_run_0,0,WHOLE_FORMULA_UNIFORM,BOUNDED_UNIFORM_MUTATION,A.png,9,2,0.2000000030,0.1000000015,0.1000000015,256,256,100,12345,18345,19345,20345,55,0.5987491029,0.5943183023,2
combination_2_run_0,0,WHOLE_FORMULA_UNIFORM,BOUNDED_UNIFORM_MUTATION,A.png,9,2,0.2000000030,0.1000000015,0.1000000015,256,256,100,12345,18345,19345,20345,56,0.5980998003,0.5938090181,4
combination_2_run_0,0,WHOLE_FORMULA_UNIFORM,BOUNDED_UNIFORM_MUTATION,A.png,9,2,0.2000000030,0.1000000015,0.1000000015,256,256,100,12345,18345,19345,20345,57,0.5988810853,0.5932976475,2
combination_2_run_0,0,WHOLE_FORMULA_UNIFORM,BOUNDED_UNIFORM_MUTATION,A.png,9,2,0.2000000030,0.1000000015,0.1000000015,256,256,100,12345,18345,19345,20345,58,0.5995205014,0.5925273782,1
combination_2_run_0,0,WHOLE_FORMULA_UNIFORM,BOUNDED_UNIFORM_MUTATION,A.png,9,2,0.2000000030,0.1000000015,0.1000000015,256,256,100,12345,18345,19345,20345,59,0.5994644011,0.5927516241,4
combination_2_run_0,0,WHOLE_FORMULA_UNIFORM,BOUNDED_UNIFORM_MUTATION,A.png,9,2,0.2000000030,0.1000000015,0.1000000015,256,256,100,12345,18345,19345,20345,60,0.6026593337,0.5949366161,8
combination_2_run_0,0,WHOLE_FORMULA_UNIFORM,BOUNDED_UNIFORM_MUTATION,A.png,9,2,0.2000000030,0.1000000015,0.1000000015,256,256,100,12345,18345,19345,20345,61,0.5983026096,0.5932708799,5
combination_2_run_0,0,WHOLE_FORMULA_UNIFORM,BOUNDED_UNIFORM_MUTATION,A.png,9,2,0.2000000030,0.1000000015,0.1000000015,256,256,100,12345,18345,19345,20345,62,0.6049747286,0.5943137003,2
combination_2_run_0,0,WHOLE_FORMULA_UNIFORM,BOUNDED_UNIFORM_MUTATION,A.png,9,2,0.2000000030,0.1000000015,0.1000000015,256,256,100,12345,18345,19345,20345,63,0.6030039092,0.5942551667,2
combination_2_run_0,0,WHOLE_FORMULA_UNIFORM,BOUNDED_UNIFORM_MUTATION,A.png,9,2,0.2000000030,0.1000000015,0.1000000015,256,256,100,12345,18345,19345,20345,64,0.6052226997,0.5957928789,1
combination_2_run_0,0,WHOLE_FORMULA_UNIFORM,BOUNDED_UNIFORM_MUTATION,A.png,9,2,0.2000000030,0.1000000015,0.1000000015,256,256,100,12345,18345,19345,20345,65,0.6056172913,0.5942899663,8
combination_2_run_0,0,WHOLE_FORMULA_UNIFORM,BOUNDED_UNIFORM_MUTATION,A.png,9,2,0.2000000030,0.1000000015,0.1000000015,256,256,100,12345,18345,19345,20345,66,0.6016587675,0.5916323716,0
combination_2_run_0,0,WHOLE_FORMULA_UNIFORM,BOUNDED_UNIFORM_MUTATION,A.png,9,2,0.2000000030,0.1000000015,0.1000000015,256,256,100,12345,18345,19345,20345,67,0.6020214931,0.5931838064,6
combination_2_run_0,0,WHOLE_FORMULA_UNIFORM,BOUNDED_UNIFORM_MUTATION,A.png,9,2,0.2000000030,0.1000000015,0.1000000015,256,256,100,12345,18345,19345,20345,68,0.6025938824,0.5934216159,7
combination_2_run_0,0,WHOLE_FORMULA_UNIFORM,BOUNDED_UNIFORM_MUTATION,A.png,9,2,0.2000000030,0.1000000015,0.1000000015,256,256,100,12345,18345,19345,20345,69,0.6029134754,0.5910980263,0
combination_2_run_0,0,WHOLE_FORMULA_UNIFORM,BOUNDED_UNIFORM_MUTATION,A.png,9,2,0.2000000030,0.1000000015,0.1000000015,256,256,100,12345,18345,19345,20345,70,0.6010428801,0.5928816124,0
combination_2_run_0,0,WHOLE_FORMULA_UNIFORM,BOUNDED_UNIFORM_MUTATION,A.png,9,2,0.2000000030,0.1000000015,0.1000000015,256,256,100,12345,18345,19345,20345,71,0.5983622191,0.5950095566,6
combination_2_run_0,0,WHOLE_FORMULA_UNIFORM,BOUNDED_UNIFORM_MUTATION,A.png,9,2,0.2000000030,0.1000000015,0.1000000015,256,256,100,12345,18345,19345,20345,72,0.6003452367,0.5967202154,2
combination_2_run_0,0,WHOLE_FORMULA_UNIFORM,BOUNDED_UNIFORM_MUTATION,A.png,9,2,0.2000000030,0.1000000015,0.1000000015,256,256,100,12345,18345,19345,20345,73,0.5995130567,0.5962539234,1
combination_2_run_0,0,WHOLE_FORMULA_UNIFORM,BOUNDED_UNIFORM_MUTATION,A.png,9,2,0.2000000030,0.1000000015,0.1000000015,256,256,100,12345,18345,19345,20345,74,0.5989695156,0.5933560841,3
combination_2_run_0,0,WHOLE_FORMULA_UNIFORM,BOUNDED_UNIFORM_MUTATION,A.png,9,2,0.2000000030,0.1000000015,0.1000000015,256,256,100,12345,18345,19345,20345,75,0.5985079655,0.5941006554,4
combination_2_run_0,0,WHOLE_FORMULA_UNIFORM,BOUNDED_UNIFORM_MUTATION,A.png,9,2,0.2000000030,0.1000000015,0.1000000015,256,256,100,12345,18345,19345,20345,76,0.5991485181,0.5948274972,6
combination_2_run_0,0,WHOLE_FORMULA_UNIFORM,BOUNDED_UNIFORM_MUTATION,A.png,9,2,0.2000000030,0.1000000015,0.1000000015,256,256,100,12345,18345,19345,20345,77,0.5939964491,0.5894533546,8
combination_2_run_0,0,WHOLE_FORMULA_UNIFORM,BOUNDED_UNIFORM_MUTATION,A.png,9,2,0.2000000030,0.1000000015,0.1000000015,256,256,100,12345,18345,19345,20345,78,0.5920213067,0.5866835336,1
combination_2_run_0,0,WHOLE_FORMULA_UNIFORM,BOUNDED_UNIFORM_MUTATION,A.png,9,2,0.2000000030,0.1000000015,0.1000000015,256,256,100,12345,18345,19345,20345,79,0.5944768748,0.5874514888,1
combination_2_run_0,0,WHOLE_FORMULA_UNIFORM,BOUNDED_UNIFORM_MUTATION,A.png,9,2,0.2000000030,0.1000000015,0.1000000015,256,256,100,12345,18345,19345,20345,80,0.5891858993,0.5859294157,2
combination_2_run_0,0,WHOLE_FORMULA_UNIFORM,BOUNDED_UNIFORM_MUTATION,A.png,9,2,0.2000000030,0.1000000015,0.1000000015,256,256,100,12345,18345,19345,20345,81,0.5925831202,0.5857437617,4
combination_2_run_0,0,WHOLE_FORMULA_UNIFORM,BOUNDED_UNIFORM_MUTATION,A.png,9,2,0.2000000030,0.1000000015,0.1000000015,256,256,100,12345,18345,19345,20345,82,0.5895288204,0.5847297731,5
combination_2_run_0,0,WHOLE_FORMULA_UNIFORM,BOUNDED_UNIFORM_MUTATION,A.png,9,2,0.2000000030,0.1000000015,0.1000000015,256,256,100,12345,18345,19345,20345,83,0.5990882380,0.5841259574,3
combination_2_run_0,0,WHOLE_FORMULA_UNIFORM,BOUNDED_UNIFORM_MUTATION,A.png,9,2,0.2000000030,0.1000000015,0.1000000015,256,256,100,12345,18345,19345,20345,84,0.5934468075,0.5849059708,1
combination_2_run_0,0,WHOLE_FORMULA_UNIFORM,BOUNDED_UNIFORM_MUTATION,A.png,9,2,0.2000000030,0.1000000015,0.1000000015,256,256,100,12345,18345,19345,20345,85,0.5938288359,0.5834069556,4
combination_2_run_0,0,WHOLE_FORMULA_UNIFORM,BOUNDED_UNIFORM_MUTATION,A.png,9,2,0.2000000030,0.1000000015,0.1000000015,256,256,100,12345,18345,19345,20345,86,0.5939435584,0.5844570379,1
combination_2_run_0,0,WHOLE_FORMULA_UNIFORM,BOUNDED_UNIFORM_MUTATION,A.png,9,2,0.2000000030,0.1000000015,0.1000000015,256,256,100,12345,18345,19345,20345,87,0.5865371022,0.5807298949,2
combination_2_run_0,0,WHOLE_FORMULA_UNIFORM,BOUNDED_UNIFORM_MUTATION,A.png,9,2,0.2000000030,0.1000000015,0.1000000015,256,256,100,12345,18345,19345,20345,88,0.5879298077,0.5824109817,7
combination_2_run_0,0,WHOLE_FORMULA_UNIFORM,BOUNDED_UNIFORM_MUTATION,A.png,9,2,0.2000000030,0.1000000015,0.1000000015,256,256,100,12345,18345,19345,20345,89,0.5899599025,0.5843408303,4
combination_2_run_0,0,WHOLE_FORMULA_UNIFORM,BOUNDED_UNIFORM_MUTATION,A.png,9,2,0.2000000030,0.1000000015,0.1000000015,256,256,100,12345,18345,19345,20345,90,0.5881725173,0.5831836937,1
combination_2_run_0,0,WHOLE_FORMULA_UNIFORM,BOUNDED_UNIFORM_MUTATION,A.png,9,2,0.2000000030,0.1000000015,0.1000000015,256,256,100,12345,18345,19345,20345,91,0.5881725173,0.5832061162,6
combination_2_run_0,0,WHOLE_FORMULA_UNIFORM,BOUNDED_UNIFORM_MUTATION,A.png,9,2,0.2000000030,0.1000000015,0.1000000015,256,256,100,12345,18345,19345,20345,92,0.5921522147,0.5822709365,6
combination_2_run_0,0,WHOLE_FORMULA_UNIFORM,BOUNDED_UNIFORM_MUTATION,A.png,9,2,0.2000000030,0.1000000015,0.1000000015,256,256,100,12345,18345,19345,20345,93,0.5936021686,0.5822934575,3
combination_2_run_0,0,WHOLE_FORMULA_UNIFORM,BOUNDED_UNIFORM_MUTATION,A.png,9,2,0.2000000030,0.1000000015,0.1000000015,256,256,100,12345,18345,19345,20345,94,0.5878286694,0.5834584741,0
combination_2_run_0,0,WHOLE_FORMULA_UNIFORM,BOUNDED_UNIFORM_MUTATION,A.png,9,2,0.2000000030,0.1000000015,0.1000000015,256,256,100,12345,18345,19345,20345,95,0.5916130702,0.5850969415,4
combination_2_run_0,0,WHOLE_FORMULA_UNIFORM,BOUNDED_UNIFORM_MUTATION,A.png,9,2,0.2000000030,0.1000000015,0.1000000015,256,256,100,12345,18345,19345,20345,96,0.5867296732,0.5824251068,3
combination_2_run_0,0,WHOLE_FORMULA_UNIFORM,BOUNDED_UNIFORM_MUTATION,A.png,9,2,0.2000000030,0.1000000015,0.1000000015,256,256,100,12345,18345,19345,20345,97,0.5933735072,0.5834703305,6
combination_2_run_0,0,WHOLE_FORMULA_UNIFORM,BOUNDED_UNIFORM_MUTATION,A.png,9,2,0.2000000030,0.1000000015,0.1000000015,256,256,100,12345,18345,19345,20345,98,0.6024795141,0.5855385323,8
combination_2_run_0,0,WHOLE_FORMULA_UNIFORM,BOUNDED_UNIFORM_MUTATION,A.png,9,2,0.2000000030,0.1000000015,0.1000000015,256,256,100,12345,18345,19345,20345,99,0.5967496330,0.5859436693,3
combination_2_run_0,0,WHOLE_FORMULA_UNIFORM,BOUNDED_UNIFORM_MUTATION,A.png,9,2,0.2000000030,0.1000000015,0.1000000015,256,256,100,12345,18345,19345,20345,100,0.5974134004,0.5854622608,0
combination_2_run_1,1,WHOLE_FORMULA_UNIFORM,BOUNDED_UNIFORM_MUTATION,A.png,9,2,0.2000000030,0.1000000015,0.1000000015,256,256,100,112345,118345,119345,120345,0,0.6108660754,0.5915035875,0
combination_2_run_1,1,WHOLE_FORMULA_UNIFORM,BOUNDED_UNIFORM_MUTATION,A.png,9,2,0.2000000030,0.1000000015,0.1000000015,256,256,100,112345,118345,119345,120345,1,0.6033880919,0.5902141909,4
combination_2_run_1,1,WHOLE_FORMULA_UNIFORM,BOUNDED_UNIFORM_MUTATION,A.png,9,2,0.2000000030,0.1000000015,0.1000000015,256,256,100,112345,118345,119345,120345,2,0.6023139913,0.5873319964,8
combination_2_run_1,1,WHOLE_FORMULA_UNIFORM,BOUNDED_UNIFORM_MUTATION,A.png,9,2,0.2000000030,0.1000000015,0.1000000015,256,256,100,112345,118345,119345,120345,3,0.6023139913,0.5889997912,8
combination_2_run_1,1,WHOLE_FORMULA_UNIFORM,BOUNDED_UNIFORM_MUTATION,A.png,9,2,0.2000000030,0.1000000015,0.1000000015,256,256,100,112345,118345,119345,120345,4,0.6021569030,0.5866420514,6
combination_2_run_1,1,WHOLE_FORMULA_UNIFORM,BOUNDED_UNIFORM_MUTATION,A.png,9,2,0.2000000030,0.1000000015,0.1000000015,256,256,100,112345,118345,119345,120345,5,0.6032778113,0.5860922762,2
combination_2_run_1,1,WHOLE_FORMULA_UNIFORM,BOUNDED_UNIFORM_MUTATION,A.png,9,2,0.2000000030,0.1000000015,0.1000000015,256,256,100,112345,118345,119345,120345,6,0.6037128410,0.5890578544,4
combination_2_run_1,1,WHOLE_FORMULA_UNIFORM,BOUNDED_UNIFORM_MUTATION,A.png,9,2,0.2000000030,0.1000000015,0.1000000015,256,256,100,112345,118345,119345,120345,7,0.6020509548,0.5973451101,6
combination_2_run_1,1,WHOLE_FORMULA_UNIFORM,BOUNDED_UNIFORM_MUTATION,A.png,9,2,0.2000000030,0.1000000015,0.1000000015,256,256,100,112345,118345,119345,120345,8,0.6003719852,0.5981459040,7
combination_2_run_1,1,WHOLE_FORMULA_UNIFORM,BOUNDED_UNIFORM_MUTATION,A.png,9,2,0.2000000030,0.1000000015,0.1000000015,256,256,100,112345,118345,119345,120345,9,0.6016622199,0.5970039037,5
combination_2_run_1,1,WHOLE_FORMULA_UNIFORM,BOUNDED_UNIFORM_MUTATION,A.png,9,2,0.2000000030,0.1000000015,0.1000000015,256,256,100,112345,118345,119345,120345,10,0.5996940228,0.5963903150,5
combination_2_run_1,1,WHOLE_FORMULA_UNIFORM,BOUNDED_UNIFORM_MUTATION,A.png,9,2,0.2000000030,0.1000000015,0.1000000015,256,256,100,112345,118345,119345,120345,11,0.5976712321,0.5950722648,6
combination_2_run_1,1,WHOLE_FORMULA_UNIFORM,BOUNDED_UNIFORM_MUTATION,A.png,9,2,0.2000000030,0.1000000015,0.1000000015,256,256,100,112345,118345,119345,120345,12,0.5984539635,0.5948219830,4
combination_2_run_1,1,WHOLE_FORMULA_UNIFORM,BOUNDED_UNIFORM_MUTATION,A.png,9,2,0.2000000030,0.1000000015,0.1000000015,256,256,100,112345,118345,119345,120345,13,0.5984995270,0.5944581410,8
combination_2_run_1,1,WHOLE_FORMULA_UNIFORM,BOUNDED_UNIFORM_MUTATION,A.png,9,2,0.2000000030,0.1000000015,0.1000000015,256,256,100,112345,118345,119345,120345,14,0.5995154257,0.5945960232,4
combination_2_run_1,1,WHOLE_FORMULA_UNIFORM,BOUNDED_UNIFORM_MUTATION,A.png,9,2,0.2000000030,0.1000000015,0.1000000015,256,256,100,112345,118345,119345,120345,15,0.5979896483,0.5928640721,8
combination_2_run_1,1,WHOLE_FORMULA_UNIFORM,BOUNDED_UNIFORM_MUTATION,A.png,9,2,0.2000000030,0.1000000015,0.1000000015,256,256,100,112345,118345,119345,120345,16,0.5961652409,0.5930967938,0
combination_2_run_1,1,WHOLE_FORMULA_UNIFORM,BOUNDED_UNIFORM_MUTATION,A.png,9,2,0.2000000030,0.1000000015,0.1000000015,256,256,100,112345,118345,119345,120345,17,0.5972122460,0.5934869705,7
combination_2_run_1,1,WHOLE_FORMULA_UNIFORM,BOUNDED_UNIFORM_MUTATION,A.png,9,2,0.2000000030,0.1000000015,0.1000000015,256,256,100,112345,118345,119345,120345,18,0.5944834244,0.5929509238,1
combination_2_run_1,1,WHOLE_FORMULA_UNIFORM,BOUNDED_UNIFORM_MUTATION,A.png,9,2,0.2000000030,0.1000000015,0.1000000015,256,256,100,112345,118345,119345,120345,19,0.5974182984,0.5944206914,4
combination_2_run_1,1,WHOLE_FORMULA_UNIFORM,BOUNDED_UNIFORM_MUTATION,A.png,9,2,0.2000000030,0.1000000015,0.1000000015,256,256,100,112345,118345,119345,120345,20,0.5977247916,0.5936536738,7
combination_2_run_1,1,WHOLE_FORMULA_UNIFORM,BOUNDED_UNIFORM_MUTATION,A.png,9,2,0.2000000030,0.1000000015,0.1000000015,256,256,100,112345,118345,119345,120345,21,0.5962497603,0.5930053020,5
combination_2_run_1,1,WHOLE_FORMULA_UNIFORM,BOUNDED_UNIFORM_MUTATION,A.png,9,2,0.2000000030,0.1000000015,0.1000000015,256,256,100,112345,118345,119345,120345,22,0.5973748636,0.5918880037,6
combination_2_run_1,1,WHOLE_FORMULA_UNIFORM,BOUNDED_UNIFORM_MUTATION,A.png,9,2,0.2000000030,0.1000000015,0.1000000015,256,256,100,112345,118345,119345,120345,23,0.5952193853,0.5923922050,6
combination_2_run_1,1,WHOLE_FORMULA_UNIFORM,BOUNDED_UNIFORM_MUTATION,A.png,9,2,0.2000000030,0.1000000015,0.1000000015,256,256,100,112345,118345,119345,120345,24,0.5954413859,0.5934999217,4
combination_2_run_1,1,WHOLE_FORMULA_UNIFORM,BOUNDED_UNIFORM_MUTATION,A.png,9,2,0.2000000030,0.1000000015,0.1000000015,256,256,100,112345,118345,119345,120345,25,0.5966750564,0.5932208698,7
combination_2_run_1,1,WHOLE_FORMULA_UNIFORM,BOUNDED_UNIFORM_MUTATION,A.png,9,2,0.2000000030,0.1000000015,0.1000000015,256,256,100,112345,118345,119345,120345,26,0.5966478831,0.5941471100,4
combination_2_run_1,1,WHOLE_FORMULA_UNIFORM,BOUNDED_UNIFORM_MUTATION,A.png,9,2,0.2000000030,0.1000000015,0.1000000015,256,256,100,112345,118345,119345,120345,27,0.5988526794,0.5952480411,6
combination_2_run_1,1,WHOLE_FORMULA_UNIFORM,BOUNDED_UNIFORM_MUTATION,A.png,9,2,0.2000000030,0.1000000015,0.1000000015,256,256,100,112345,118345,119345,120345,28,0.5981869657,0.5953616030,0
combination_2_run_1,1,WHOLE_FORMULA_UNIFORM,BOUNDED_UNIFORM_MUTATION,A.png,9,2,0.2000000030,0.1000000015,0.1000000015,256,256,100,112345,118345,119345,120345,29,0.5975180707,0.5950848972,2
combination_2_run_1,1,WHOLE_FORMULA_UNIFORM,BOUNDED_UNIFORM_MUTATION,A.png,9,2,0.2000000030,0.1000000015,0.1000000015,256,256,100,112345,118345,119345,120345,30,0.5970941024,0.5959530439,5
combination_2_run_1,1,WHOLE_FORMULA_UNIFORM,BOUNDED_UNIFORM_MUTATION,A.png,9,2,0.2000000030,0.1000000015,0.1000000015,256,256,100,112345,118345,119345,120345,31,0.5975146903,0.5948474084,6
combination_2_run_1,1,WHOLE_FORMULA_UNIFORM,BOUNDED_UNIFORM_MUTATION,A.png,9,2,0.2000000030,0.1000000015,0.1000000015,256,256,100,112345,118345,119345,120345,32,0.5982664463,0.5954080509,2
combination_2_run_1,1,WHOLE_FORMULA_UNIFORM,BOUNDED_UNIFORM_MUTATION,A.png,9,2,0.2000000030,0.1000000015,0.1000000015,256,256,100,112345,118345,119345,120345,33,0.5969807707,0.5954480938,4
combination_2_run_1,1,WHOLE_FORMULA_UNIFORM,BOUNDED_UNIFORM_MUTATION,A.png,9,2,0.2000000030,0.1000000015,0.1000000015,256,256,100,112345,118345,119345,120345,34,0.5999618631,0.5973530546,5
combination_2_run_1,1,WHOLE_FORMULA_UNIFORM,BOUNDED_UNIFORM_MUTATION,A.png,9,2,0.2000000030,0.1000000015,0.1000000015,256,256,100,112345,118345,119345,120345,35,0.5983218398,0.5956726713,0
combination_2_run_1,1,WHOLE_FORMULA_UNIFORM,BOUNDED_UNIFORM_MUTATION,A.png,9,2,0.2000000030,0.1000000015,0.1000000015,256,256,100,112345,118345,119345,120345,36,0.5991284234,0.5964809237,1
combination_2_run_1,1,WHOLE_FORMULA_UNIFORM,BOUNDED_UNIFORM_MUTATION,A.png,9,2,0.2000000030,0.1000000015,0.1000000015,256,256,100,112345,118345,119345,120345,37,0.5980739284,0.5958438053,7
combination_2_run_1,1,WHOLE_FORMULA_UNIFORM,BOUNDED_UNIFORM_MUTATION,A.png,9,2,0.2000000030,0.1000000015,0.1000000015,256,256,100,112345,118345,119345,120345,38,0.5993240694,0.5969828769,5
combination_2_run_1,1,WHOLE_FORMULA_UNIFORM,BOUNDED_UNIFORM_MUTATION,A.png,9,2,0.2000000030,0.1000000015,0.1000000015,256,256,100,112345,118345,119345,120345,39,0.5996801802,0.5969922815,6
combination_2_run_1,1,WHOLE_FORMULA_UNIFORM,BOUNDED_UNIFORM_MUTATION,A.png,9,2,0.2000000030,0.1000000015,0.1000000015,256,256,100,112345,118345,119345,120345,40,0.6018026570,0.5967684141,8
combination_2_run_1,1,WHOLE_FORMULA_UNIFORM,BOUNDED_UNIFORM_MUTATION,A.png,9,2,0.2000000030,0.1000000015,0.1000000015,256,256,100,112345,118345,119345,120345,41,0.5994685280,0.5972133956,3
combination_2_run_1,1,WHOLE_FORMULA_UNIFORM,BOUNDED_UNIFORM_MUTATION,A.png,9,2,0.2000000030,0.1000000015,0.1000000015,256,256,100,112345,118345,119345,120345,42,0.5989425885,0.5964539827,6
combination_2_run_1,1,WHOLE_FORMULA_UNIFORM,BOUNDED_UNIFORM_MUTATION,A.png,9,2,0.2000000030,0.1000000015,0.1000000015,256,256,100,112345,118345,119345,120345,43,0.5992412950,0.5959647348,4
combination_2_run_1,1,WHOLE_FORMULA_UNIFORM,BOUNDED_UNIFORM_MUTATION,A.png,9,2,0.2000000030,0.1000000015,0.1000000015,256,256,100,112345,118345,119345,120345,44,0.5986620183,0.5958777547,0
combination_2_run_1,1,WHOLE_FORMULA_UNIFORM,BOUNDED_UNIFORM_MUTATION,A.png,9,2,0.2000000030,0.1000000015,0.1000000015,256,256,100,112345,118345,119345,120345,45,0.5990483126,0.5966700264,5
combination_2_run_1,1,WHOLE_FORMULA_UNIFORM,BOUNDED_UNIFORM_MUTATION,A.png,9,2,0.2000000030,0.1000000015,0.1000000015,256,256,100,112345,118345,119345,120345,46,0.5993024239,0.5969299852,8
combination_2_run_1,1,WHOLE_FORMULA_UNIFORM,BOUNDED_UNIFORM_MUTATION,A.png,9,2,0.2000000030,0.1000000015,0.1000000015,256,256,100,112345,118345,119345,120345,47,0.5986764292,0.5956640155,8
combination_2_run_1,1,WHOLE_FORMULA_UNIFORM,BOUNDED_UNIFORM_MUTATION,A.png,9,2,0.2000000030,0.1000000015,0.1000000015,256,256,100,112345,118345,119345,120345,48,0.5992655617,0.5952038010,0
combination_2_run_1,1,WHOLE_FORMULA_UNIFORM,BOUNDED_UNIFORM_MUTATION,A.png,9,2,0.2000000030,0.1000000015,0.1000000015,256,256,100,112345,118345,119345,120345,49,0.5957102573,0.5943330771,0
combination_2_run_1,1,WHOLE_FORMULA_UNIFORM,BOUNDED_UNIFORM_MUTATION,A.png,9,2,0.2000000030,0.1000000015,0.1000000015,256,256,100,112345,118345,119345,120345,50,0.5971065090,0.5947101828,1
combination_2_run_1,1,WHOLE_FORMULA_UNIFORM,BOUNDED_UNIFORM_MUTATION,A.png,9,2,0.2000000030,0.1000000015,0.1000000015,256,256,100,112345,118345,119345,120345,51,0.5969282514,0.5946102484,1
combination_2_run_1,1,WHOLE_FORMULA_UNIFORM,BOUNDED_UNIFORM_MUTATION,A.png,9,2,0.2000000030,0.1000000015,0.1000000015,256,256,100,112345,118345,119345,120345,52,0.5967506514,0.5945816343,3
combination_2_run_1,1,WHOLE_FORMULA_UNIFORM,BOUNDED_UNIFORM_MUTATION,A.png,9,2,0.2000000030,0.1000000015,0.1000000015,256,256,100,112345,118345,119345,120345,53,0.5995044444,0.5945053965,5
combination_2_run_1,1,WHOLE_FORMULA_UNIFORM,BOUNDED_UNIFORM_MUTATION,A.png,9,2,0.2000000030,0.1000000015,0.1000000015,256,256,100,112345,118345,119345,120345,54,0.5998517145,0.5946102059,3
combination_2_run_1,1,WHOLE_FORMULA_UNIFORM,BOUNDED_UNIFORM_MUTATION,A.png,9,2,0.2000000030,0.1000000015,0.1000000015,256,256,100,112345,118345,119345,120345,55,0.5982980081,0.5938154514,3
combination_2_run_1,1,WHOLE_FORMULA_UNIFORM,BOUNDED_UNIFORM_MUTATION,A.png,9,2,0.2000000030,0.1000000015,0.1000000015,256,256,100,112345,118345,119345,120345,56,0.5979817741,0.5941299917,7
combination_2_run_1,1,WHOLE_FORMULA_UNIFORM,BOUNDED_UNIFORM_MUTATION,A.png,9,2,0.2000000030,0.1000000015,0.1000000015,256,256,100,112345,118345,119345,120345,57,0.5971087015,0.5938095994,2
combination_2_run_1,1,WHOLE_FORMULA_UNIFORM,BOUNDED_UNIFORM_MUTATION,A.png,9,2,0.2000000030,0.1000000015,0.1000000015,256,256,100,112345,118345,119345,120345,58,0.5968435089,0.5940954413,7
combination_2_run_1,1,WHOLE_FORMULA_UNIFORM,BOUNDED_UNIFORM_MUTATION,A.png,9,2,0.2000000030,0.1000000015,0.1000000015,256,256,100,112345,118345,119345,120345,59,0.5976307486,0.5951728332,0
combination_2_run_1,1,WHOLE_FORMULA_UNIFORM,BOUNDED_UNIFORM_MUTATION,A.png,9,2,0.2000000030,0.1000000015,0.1000000015,256,256,100,112345,118345,119345,120345,60,0.5958882740,0.5947575835,8
combination_2_run_1,1,WHOLE_FORMULA_UNIFORM,BOUNDED_UNIFORM_MUTATION,A.png,9,2,0.2000000030,0.1000000015,0.1000000015,256,256,100,112345,118345,119345,120345,61,0.5971833541,0.5942795943,7
combination_2_run_1,1,WHOLE_FORMULA_UNIFORM,BOUNDED_UNIFORM_MUTATION,A.png,9,2,0.2000000030,0.1000000015,0.1000000015,256,256,100,112345,118345,119345,120345,62,0.5972019489,0.5944375234,2
combination_2_run_1,1,WHOLE_FORMULA_UNIFORM,BOUNDED_UNIFORM_MUTATION,A.png,9,2,0.2000000030,0.1000000015,0.1000000015,256,256,100,112345,118345,119345,120345,63,0.6011508430,0.5948042183,0
combination_2_run_1,1,WHOLE_FORMULA_UNIFORM,BOUNDED_UNIFORM_MUTATION,A.png,9,2,0.2000000030,0.1000000015,0.1000000015,256,256,100,112345,118345,119345,120345,64,0.6014245735,0.5928912324,5
combination_2_run_1,1,WHOLE_FORMULA_UNIFORM,BOUNDED_UNIFORM_MUTATION,A.png,9,2,0.2000000030,0.1000000015,0.1000000015,256,256,100,112345,118345,119345,120345,65,0.5987607428,0.5939358634,1
combination_2_run_1,1,WHOLE_FORMULA_UNIFORM,BOUNDED_UNIFORM_MUTATION,A.png,9,2,0.2000000030,0.1000000015,0.1000000015,256,256,100,112345,118345,119345,120345,66,0.5945723434,0.5927000826,3
combination_2_run_1,1,WHOLE_FORMULA_UNIFORM,BOUNDED_UNIFORM_MUTATION,A.png,9,2,0.2000000030,0.1000000015,0.1000000015,256,256,100,112345,118345,119345,120345,67,0.5938254180,0.5919285501,2
combination_2_run_1,1,WHOLE_FORMULA_UNIFORM,BOUNDED_UNIFORM_MUTATION,A.png,9,2,0.2000000030,0.1000000015,0.1000000015,256,256,100,112345,118345,119345,120345,68,0.5965657395,0.5930074652,3
combination_2_run_1,1,WHOLE_FORMULA_UNIFORM,BOUNDED_UNIFORM_MUTATION,A.png,9,2,0.2000000030,0.1000000015,0.1000000015,256,256,100,112345,118345,119345,120345,69,0.5950762966,0.5928145338,5
combination_2_run_1,1,WHOLE_FORMULA_UNIFORM,BOUNDED_UNIFORM_MUTATION,A.png,9,2,0.2000000030,0.1000000015,0.1000000015,256,256,100,112345,118345,119345,120345,70,0.5977681297,0.5937417623,7
combination_2_run_1,1,WHOLE_FORMULA_UNIFORM,BOUNDED_UNIFORM_MUTATION,A.png,9,2,0.2000000030,0.1000000015,0.1000000015,256,256,100,112345,118345,119345,120345,71,0.5934258475,0.5913922305,6
combination_2_run_1,1,WHOLE_FORMULA_UNIFORM,BOUNDED_UNIFORM_MUTATION,A.png,9,2,0.2000000030,0.1000000015,0.1000000015,256,256,100,112345,118345,119345,120345,72,0.5941379605,0.5916109617,0
combination_2_run_1,1,WHOLE_FORMULA_UNIFORM,BOUNDED_UNIFORM_MUTATION,A.png,9,2,0.2000000030,0.1000000015,0.1000000015,256,256,100,112345,118345,119345,120345,73,0.5966709456,0.5910131670,6
combination_2_run_1,1,WHOLE_FORMULA_UNIFORM,BOUNDED_UNIFORM_MUTATION,A.png,9,2,0.2000000030,0.1000000015,0.1000000015,256,256,100,112345,118345,119345,120345,74,0.5966709456,0.5897561002,2
combination_2_run_1,1,WHOLE_FORMULA_UNIFORM,BOUNDED_UNIFORM_MUTATION,A.png,9,2,0.2000000030,0.1000000015,0.1000000015,256,256,100,112345,118345,119345,120345,75,0.5954528561,0.5907249472,1
combination_2_run_1,1,WHOLE_FORMULA_UNIFORM,BOUNDED_UNIFORM_MUTATION,A.png,9,2,0.2000000030,0.1000000015,0.1000000015,256,256,100,112345,118345,119345,120345,76,0.5974980714,0.5916478703,8
combination_2_run_1,1,WHOLE_FORMULA_UNIFORM,BOUNDED_UNIFORM_MUTATION,A.png,9,2,0.2000000030,0.1000000015,0.1000000015,256,256,100,112345,118345,119345,120345,77,0.5968712612,0.5930401848,4
combination_2_run_1,1,WHOLE_FORMULA_UNIFORM,BOUNDED_UNIFORM_MUTATION,A.png,9,2,0.2000000030,0.1000000015,0.1000000015,256,256,100,112345,118345,119345,120345,78,0.5999719048,0.5954956154,5
combination_2_run_1,1,WHOLE_FORMULA_UNIFORM,BOUNDED_UNIFORM_MUTATION,A.png,9,2,0.2000000030,0.1000000015,0.1000000015,256,256,100,112345,118345,119345,120345,79,0.5999719048,0.5952960570,8
combination_2_run_1,1,WHOLE_FORMULA_UNIFORM,BOUNDED_UNIFORM_MUTATION,A.png,9,2,0.2000000030,0.1000000015,0.1000000015,256,256,100,112345,118345,119345,120345,80,0.5995490622,0.5961383252,8
combination_2_run_1,1,WHOLE_FORMULA_UNIFORM,BOUNDED_UNIFORM_MUTATION,A.png,9,2,0.2000000030,0.1000000015,0.1000000015,256,256,100,112345,118345,119345,120345,81,0.5995965636,0.5960177034,0
combination_2_run_1,1,WHOLE_FORMULA_UNIFORM,BOUNDED_UNIFORM_MUTATION,A.png,9,2,0.2000000030,0.1000000015,0.1000000015,256,256,100,112345,118345,119345,120345,82,0.5982936239,0.5958550637,0
combination_2_run_1,1,WHOLE_FORMULA_UNIFORM,BOUNDED_UNIFORM_MUTATION,A.png,9,2,0.2000000030,0.1000000015,0.1000000015,256,256,100,112345,118345,119345,120345,83,0.5991253133,0.5949564604,6
combination_2_run_1,1,WHOLE_FORMULA_UNIFORM,BOUNDED_UNIFORM_MUTATION,A.png,9,2,0.2000000030,0.1000000015,0.1000000015,256,256,100,112345,118345,119345,120345,84,0.5993008006,0.5948487349,4
combination_2_run_1,1,WHOLE_FORMULA_UNIFORM,BOUNDED_UNIFORM_MUTATION,A.png,9,2,0.2000000030,0.1000000015,0.1000000015,256,256,100,112345,118345,119345,120345,85,0.5992185726,0.5959227811,5
combination_2_run_1,1,WHOLE_FORMULA_UNIFORM,BOUNDED_UNIFORM_MUTATION,A.png,9,2,0.2000000030,0.1000000015,0.1000000015,256,256,100,112345,118345,119345,120345,86,0.6002956801,0.5952574102,1
combination_2_run_1,1,WHOLE_FORMULA_UNIFORM,BOUNDED_UNIFORM_MUTATION,A.png,9,2,0.2000000030,0.1000000015,0.1000000015,256,256,100,112345,118345,119345,120345,87,0.6018892326,0.5950659302,1
combination_2_run_1,1,WHOLE_FORMULA_UNIFORM,BOUNDED_UNIFORM_MUTATION,A.png,9,2,0.2000000030,0.1000000015,0.1000000015,256,256,100,112345,118345,119345,120345,88,0.6010930871,0.5956615064,2
combination_2_run_1,1,WHOLE_FORMULA_UNIFORM,BOUNDED_UNIFORM_MUTATION,A.png,9,2,0.2000000030,0.1000000015,0.1000000015,256,256,100,112345,118345,119345,120345,89,0.6008512124,0.5956523082,1
combination_2_run_1,1,WHOLE_FORMULA_UNIFORM,BOUNDED_UNIFORM_MUTATION,A.png,9,2,0.2000000030,0.1000000015,0.1000000015,256,256,100,112345,118345,119345,120345,90,0.6027487137,0.5970629957,5
combination_2_run_1,1,WHOLE_FORMULA_UNIFORM,BOUNDED_UNIFORM_MUTATION,A.png,9,2,0.2000000030,0.1000000015,0.1000000015,256,256,100,112345,118345,119345,120345,91,0.5995936667,0.5941294647,4
combination_2_run_1,1,WHOLE_FORMULA_UNIFORM,BOUNDED_UNIFORM_MUTATION,A.png,9,2,0.2000000030,0.1000000015,0.1000000015,256,256,100,112345,118345,119345,120345,92,0.5966657576,0.5925678060,0
combination_2_run_1,1,WHOLE_FORMULA_UNIFORM,BOUNDED_UNIFORM_MUTATION,A.png,9,2,0.2000000030,0.1000000015,0.1000000015,256,256,100,112345,118345,119345,120345,93,0.5981759851,0.5946204977,7
combination_2_run_1,1,WHOLE_FORMULA_UNIFORM,BOUNDED_UNIFORM_MUTATION,A.png,9,2,0.2000000030,0.1000000015,0.1000000015,256,256,100,112345,118345,119345,120345,94,0.6001345182,0.5953616490,7
combination_2_run_1,1,WHOLE_FORMULA_UNIFORM,BOUNDED_UNIFORM_MUTATION,A.png,9,2,0.2000000030,0.1000000015,0.1000000015,256,256,100,112345,118345,119345,120345,95,0.5978948005,0.5942184244,1
combination_2_run_1,1,WHOLE_FORMULA_UNIFORM,BOUNDED_UNIFORM_MUTATION,A.png,9,2,0.2000000030,0.1000000015,0.1000000015,256,256,100,112345,118345,119345,120345,96,0.6005147066,0.5956707790,7
combination_2_run_1,1,WHOLE_FORMULA_UNIFORM,BOUNDED_UNIFORM_MUTATION,A.png,9,2,0.2000000030,0.1000000015,0.1000000015,256,256,100,112345,118345,119345,120345,97,0.6017966685,0.5965827871,7
combination_2_run_1,1,WHOLE_FORMULA_UNIFORM,BOUNDED_UNIFORM_MUTATION,A.png,9,2,0.2000000030,0.1000000015,0.1000000015,256,256,100,112345,118345,119345,120345,98,0.6008527604,0.5985130816,2
combination_2_run_1,1,WHOLE_FORMULA_UNIFORM,BOUNDED_UNIFORM_MUTATION,A.png,9,2,0.2000000030,0.1000000015,0.1000000015,256,256,100,112345,118345,119345,120345,99,0.6036731333,0.5988952849,7
combination_2_run_1,1,WHOLE_FORMULA_UNIFORM,BOUNDED_UNIFORM_MUTATION,A.png,9,2,0.2000000030,0.1000000015,0.1000000015,256,256,100,112345,118345,119345,120345,100,0.6060280631,0.5981867506,7
combination_2_run_2,2,WHOLE_FORMULA_UNIFORM,BOUNDED_UNIFORM_MUTATION,A.png,9,2,0.2000000030,0.1000000015,0.1000000015,256,256,100,212345,218345,219345,220345,0,0.6065523082,0.5861253505,1
combination_2_run_2,2,WHOLE_FORMULA_UNIFORM,BOUNDED_UNIFORM_MUTATION,A.png,9,2,0.2000000030,0.1000000015,0.1000000015,256,256,100,212345,218345,219345,220345,1,0.6001254773,0.5774309551,0
combination_2_run_2,2,WHOLE_FORMULA_UNIFORM,BOUNDED_UNIFORM_MUTATION,A.png,9,2,0.2000000030,0.1000000015,0.1000000015,256,256,100,212345,218345,219345,220345,2,0.5966061568,0.5771630682,6
combination_2_run_2,2,WHOLE_FORMULA_UNIFORM,BOUNDED_UNIFORM_MUTATION,A.png,9,2,0.2000000030,0.1000000015,0.1000000015,256,256,100,212345,218345,219345,220345,3,0.5882370799,0.5743156036,3
combination_2_run_2,2,WHOLE_FORMULA_UNIFORM,BOUNDED_UNIFORM_MUTATION,A.png,9,2,0.2000000030,0.1000000015,0.1000000015,256,256,100,212345,218345,219345,220345,4,0.5910948741,0.5794087941,0
combination_2_run_2,2,WHOLE_FORMULA_UNIFORM,BOUNDED_UNIFORM_MUTATION,A.png,9,2,0.2000000030,0.1000000015,0.1000000015,256,256,100,212345,218345,219345,220345,5,0.5868789129,0.5762315767,4
combination_2_run_2,2,WHOLE_FORMULA_UNIFORM,BOUNDED_UNIFORM_MUTATION,A.png,9,2,0.2000000030,0.1000000015,0.1000000015,256,256,100,212345,218345,219345,220345,6,0.5882807362,0.5793087907,2
combination_2_run_2,2,WHOLE_FORMULA_UNIFORM,BOUNDED_UNIFORM_MUTATION,A.png,9,2,0.2000000030,0.1000000015,0.1000000015,256,256,100,212345,218345,219345,220345,7,0.5882124767,0.5789440158,4
combination_2_run_2,2,WHOLE_FORMULA_UNIFORM,BOUNDED_UNIFORM_MUTATION,A.png,9,2,0.2000000030,0.1000000015,0.1000000015,256,256,100,212345,218345,219345,220345,8,0.5879598760,0.5790013241,6
combination_2_run_2,2,WHOLE_FORMULA_UNIFORM,BOUNDED_UNIFORM_MUTATION,A.png,9,2,0.2000000030,0.1000000015,0.1000000015,256,256,100,212345,218345,219345,220345,9,0.5834644409,0.5783888412,3
combination_2_run_2,2,WHOLE_FORMULA_UNIFORM,BOUNDED_UNIFORM_MUTATION,A.png,9,2,0.2000000030,0.1000000015,0.1000000015,256,256,100,212345,218345,219345,220345,10,0.5881569161,0.5793612772,0
combination_2_run_2,2,WHOLE_FORMULA_UNIFORM,BOUNDED_UNIFORM_MUTATION,A.png,9,2,0.2000000030,0.1000000015,0.1000000015,256,256,100,212345,218345,219345,220345,11,0.5868013746,0.5801218086,0
combination_2_run_2,2,WHOLE_FORMULA_UNIFORM,BOUNDED_UNIFORM_MUTATION,A.png,9,2,0.2000000030,0.1000000015,0.1000000015,256,256,100,212345,218345,219345,220345,12,0.5884738665,0.5815605159,7
combination_2_run_2,2,WHOLE_FORMULA_UNIFORM,BOUNDED_UNIFORM_MUTATION,A.png,9,2,0.2000000030,0.1000000015,0.1000000015,256,256,100,212345,218345,219345,220345,13,0.5877213546,0.5812020197,7
combination_2_run_2,2,WHOLE_FORMULA_UNIFORM,BOUNDED_UNIFORM_MUTATION,A.png,9,2,0.2000000030,0.1000000015,0.1000000015,256,256,100,212345,218345,219345,220345,14,0.5874999056,0.5816252599,7
combination_2_run_2,2,WHOLE_FORMULA_UNIFORM,BOUNDED_UNIFORM_MUTATION,A.png,9,2,0.2000000030,0.1000000015,0.1000000015,256,256,100,212345,218345,219345,220345,15,0.5884538380,0.5809199705,3
combination_2_run_2,2,WHOLE_FORMULA_UNIFORM,BOUNDED_UNIFORM_MUTATION,A.png,9,2,0.2000000030,0.1000000015,0.1000000015,256,256,100,212345,218345,219345,220345,16,0.5879454575,0.5827762717,2
combination_2_run_2,2,WHOLE_FORMULA_UNIFORM,BOUNDED_UNIFORM_MUTATION,A.png,9,2,0.2000000030,0.1000000015,0.1000000015,256,256,100,212345,218345,219345,220345,17,0.5885872723,0.5837755762,6
combination_2_run_2,2,WHOLE_FORMULA_UNIFORM,BOUNDED_UNIFORM_MUTATION,A.png,9,2,0.2000000030,0.1000000015,0.1000000015,256,256,100,212345,218345,219345,220345,18,0.5876775871,0.5828960022,6
combination_2_run_2,2,WHOLE_FORMULA_UNIFORM,BOUNDED_UNIFORM_MUTATION,A.png,9,2,0.2000000030,0.1000000015,0.1000000015,256,256,100,212345,218345,219345,220345,19,0.5882517588,0.5839958501,8
combination_2_run_2,2,WHOLE_FORMULA_UNIFORM,BOUNDED_UNIFORM_MUTATION,A.png,9,2,0.2000000030,0.1000000015,0.1000000015,256,256,100,212345,218345,219345,220345,20,0.5884477131,0.5834804708,1
combination_2_run_2,2,WHOLE_FORMULA_UNIFORM,BOUNDED_UNIFORM_MUTATION,A.png,9,2,0.2000000030,0.1000000015,0.1000000015,256,256,100,212345,218345,219345,220345,21,0.5867461350,0.5835325229,6
combination_2_run_2,2,WHOLE_FORMULA_UNIFORM,BOUNDED_UNIFORM_MUTATION,A.png,9,2,0.2000000030,0.1000000015,0.1000000015,256,256,100,212345,218345,219345,220345,22,0.5883582895,0.5843215191,0
combination_2_run_2,2,WHOLE_FORMULA_UNIFORM,BOUNDED_UNIFORM_MUTATION,A.png,9,2,0.2000000030,0.1000000015,0.1000000015,256,256,100,212345,218345,219345,220345,23,0.5879470495,0.5857970778,1
combination_2_run_2,2,WHOLE_FORMULA_UNIFORM,BOUNDED_UNIFORM_MUTATION,A.png,9,2,0.2000000030,0.1000000015,0.1000000015,256,256,100,212345,218345,219345,220345,24,0.5887151762,0.5860038463,4
combination_2_run_2,2,WHOLE_FORMULA_UNIFORM,BOUNDED_UNIFORM_MUTATION,A.png,9,2,0.2000000030,0.1000000015,0.1000000015,256,256,100,212345,218345,219345,220345,25,0.5907909490,0.5860519142,4
combination_2_run_2,2,WHOLE_FORMULA_UNIFORM,BOUNDED_UNIFORM_MUTATION,A.png,9,2,0.2000000030,0.1000000015,0.1000000015,256,256,100,212345,218345,219345,220345,26,0.5873258542,0.5846587229,0
combination_2_run_2,2,WHOLE_FORMULA_UNIFORM,BOUNDED_UNIFORM_MUTATION,A.png,9,2,0.2000000030,0.1000000015,0.1000000015,256,256,100,212345,218345,219345,220345,27,0.5868344216,0.5836314546,4
combination_2_run_2,2,WHOLE_FORMULA_UNIFORM,BOUNDED_UNIFORM_MUTATION,A.png,9,2,0.2000000030,0.1000000015,0.1000000015,256,256,100,212345,218345,219345,220345,28,0.5870086238,0.5842504484,7
combination_2_run_2,2,WHOLE_FORMULA_UNIFORM,BOUNDED_UNIFORM_MUTATION,A.png,9,2,0.2000000030,0.1000000015,0.1000000015,256,256,100,212345,218345,219345,220345,29,0.5870033740,0.5843545497,8
combination_2_run_2,2,WHOLE_FORMULA_UNIFORM,BOUNDED_UNIFORM_MUTATION,A.png,9,2,0.2000000030,0.1000000015,0.1000000015,256,256,100,212345,218345,219345,220345,30,0.5872805525,0.5846902431,6
combination_2_run_2,2,WHOLE_FORMULA_UNIFORM,BOUNDED_UNIFORM_MUTATION,A.png,9,2,0.2000000030,0.1000000015,0.1000000015,256,256,100,212345,218345,219345,220345,31,0.5891105761,0.5851657334,5
combination_2_run_2,2,WHOLE_FORMULA_UNIFORM,BOUNDED_UNIFORM_MUTATION,A.png,9,2,0.2000000030,0.1000000015,0.1000000015,256,256,100,212345,218345,219345,220345,32,0.5875914853,0.5850905274,4
combination_2_run_2,2,WHOLE_FORMULA_UNIFORM,BOUNDED_UNIFORM_MUTATION,A.png,9,2,0.2000000030,0.1000000015,0.1000000015,256,256,100,212345,218345,219345,220345,33,0.5889256322,0.5846855960,8
combination_2_run_2,2,WHOLE_FORMULA_UNIFORM,BOUNDED_UNIFORM_MUTATION,A.png,9,2,0.2000000030,0.1000000015,0.1000000015,256,256,100,212345,218345,219345,220345,34,0.5889958046,0.5842288579,8
combination_2_run_2,2,WHOLE_FORMULA_UNIFORM,BOUNDED_UNIFORM_MUTATION,A.png,9,2,0.2000000030,0.1000000015,0.1000000015,256,256,100,212345,218345,219345,220345,35,0.5918927661,0.5843105642,5
combination_2_run_2,2,WHOLE_FORMULA_UNIFORM,BOUNDED_UNIFORM_MUTATION,A.png,9,2,0.2000000030,0.1000000015,0.1000000015,256,256,100,212345,218345,219345,220345,36,0.5895374958,0.5841390415,7
combination_2_run_2,2,WHOLE_FORMULA_UNIFORM,BOUNDED_UNIFORM_MUTATION,A.png,9,2,0.2000000030,0.1000000015,0.1000000015,256,256,100,212345,218345,219345,220345,37,0.5868050993,0.5830270418,1
combination_2_run_2,2,WHOLE_FORMULA_UNIFORM,BOUNDED_UNIFORM_MUTATION,A.png,9,2,0.2000000030,0.1000000015,0.1000000015,256,256,100,212345,218345,219345,220345,38,0.5871590671,0.5825730475,2
combination_2_run_2,2,WHOLE_FORMULA_UNIFORM,BOUNDED_UNIFORM_MUTATION,A.png,9,2,0.2000000030,0.1000000015,0.1000000015,256,256,100,212345,218345,219345,220345,39,0.5880150680,0.5838274772,2
combination_2_run_2,2,WHOLE_FORMULA_UNIFORM,BOUNDED_UNIFORM_MUTATION,A.png,9,2,0.2000000030,0.1000000015,0.1000000015,256,256,100,212345,218345,219345,220345,40,0.5906733356,0.5863961480,5
combination_2_run_2,2,WHOLE_FORMULA_UNIFORM,BOUNDED_UNIFORM_MUTATION,A.png,9,2,0.2000000030,0.1000000015,0.1000000015,256,256,100,212345,218345,219345,220345,41,0.5932859604,0.5863063624,4
combination_2_run_2,2,WHOLE_FORMULA_UNIFORM,BOUNDED_UNIFORM_MUTATION,A.png,9,2,0.2000000030,0.1000000015,0.1000000015,256,256,100,212345,218345,219345,220345,42,0.5913468911,0.5874550108,6
combination_2_run_2,2,WHOLE_FORMULA_UNIFORM,BOUNDED_UNIFORM_MUTATION,A.png,9,2,0.2000000030,0.1000000015,0.1000000015,256,256,100,212345,218345,219345,220345,43,0.5894806996,0.5865493260,7
combination_2_run_2,2,WHOLE_FORMULA_UNIFORM,BOUNDED_UNIFORM_MUTATION,A.png,9,2,0.2000000030,0.1000000015,0.1000000015,256,256,100,212345,218345,219345,220345,44,0.5867338705,0.5844988734,6
combination_2_run_2,2,WHOLE_FORMULA_UNIFORM,BOUNDED_UNIFORM_MUTATION,A.png,9,2,0.2000000030,0.1000000015,0.1000000015,256,256,100,212345,218345,219345,220345,45,0.5877865740,0.5847038887,5
combination_2_run_2,2,WHOLE_FORMULA_UNIFORM,BOUNDED_UNIFORM_MUTATION,A.png,9,2,0.2000000030,0.1000000015,0.1000000015,256,256,100,212345,218345,219345,220345,46,0.5881620624,0.5847105428,1
combination_2_run_2,2,WHOLE_FORMULA_UNIFORM,BOUNDED_UNIFORM_MUTATION,A.png,9,2,0.2000000030,0.1000000015,0.1000000015,256,256,100,212345,218345,219345,220345,47,0.5882309581,0.5855915752,1
combination_2_run_2,2,WHOLE_FORMULA_UNIFORM,BOUNDED_UNIFORM_MUTATION,A.png,9,2,0.2000000030,0.1000000015,0.1000000015,256,256,100,212345,218345,219345,220345,48,0.5872640566,0.5842982000,3
combination_2_run_2,2,WHOLE_FORMULA_UNIFORM,BOUNDED_UNIFORM_MUTATION,A.png,9,2,0.2000000030,0.1000000015,0.1000000015,256,256,100,212345,218345,219345,220345,49,0.5874143963,0.5834009668,0
combination_2_run_2,2,WHOLE_FORMULA_UNIFORM,BOUNDED_UNIFORM_MUTATION,A.png,9,2,0.2000000030,0.1000000015,0.1000000015,256,256,100,212345,218345,219345,220345,50,0.5884606217,0.5844773103,3
combination_2_run_2,2,WHOLE_FORMULA_UNIFORM,BOUNDED_UNIFORM_MUTATION,A.png,9,2,0.2000000030,0.1000000015,0.1000000015,256,256,100,212345,218345,219345,220345,51,0.5883340610,0.5844461564,0
combination_2_run_2,2,WHOLE_FORMULA_UNIFORM,BOUNDED_UNIFORM_MUTATION,A.png,9,2,0.2000000030,0.1000000015,0.1000000015,256,256,100,212345,218345,219345,220345,52,0.5880859267,0.5834902206,2
combination_2_run_2,2,WHOLE_FORMULA_UNIFORM,BOUNDED_UNIFORM_MUTATION,A.png,9,2,0.2000000030,0.1000000015,0.1000000015,256,256,100,212345,218345,219345,220345,53,0.5883979291,0.5834734496,8
combination_2_run_2,2,WHOLE_FORMULA_UNIFORM,BOUNDED_UNIFORM_MUTATION,A.png,9,2,0.2000000030,0.1000000015,0.1000000015,256,256,100,212345,218345,219345,220345,54,0.5877874940,0.5827530531,2
combination_2_run_2,2,WHOLE_FORMULA_UNIFORM,BOUNDED_UNIFORM_MUTATION,A.png,9,2,0.2000000030,0.1000000015,0.1000000015,256,256,100,212345,218345,219345,220345,55,0.5886610894,0.5838636665,1
combination_2_run_2,2,WHOLE_FORMULA_UNIFORM,BOUNDED_UNIFORM_MUTATION,A.png,9,2,0.2000000030,0.1000000015,0.1000000015,256,256,100,212345,218345,219345,220345,56,0.5875890403,0.5828978006,7
combination_2_run_2,2,WHOLE_FORMULA_UNIFORM,BOUNDED_UNIFORM_MUTATION,A.png,9,2,0.2000000030,0.1000000015,0.1000000015,256,256,100,212345,218345,219345,220345,57,0.5860163712,0.5822419874,4
combination_2_run_2,2,WHOLE_FORMULA_UNIFORM,BOUNDED_UNIFORM_MUTATION,A.png,9,2,0.2000000030,0.1000000015,0.1000000015,256,256,100,212345,218345,219345,220345,58,0.5858066835,0.5821537349,4
combination_2_run_2,2,WHOLE_FORMULA_UNIFORM,BOUNDED_UNIFORM_MUTATION,A.png,9,2,0.2000000030,0.1000000015,0.1000000015,256,256,100,212345,218345,219345,220345,59,0.5862894251,0.5813261878,3
combination_2_run_2,2,WHOLE_FORMULA_UNIFORM,BOUNDED_UNIFORM_MUTATION,A.png,9,2,0.2000000030,0.1000000015,0.1000000015,256,256,100,212345,218345,219345,220345,60,0.5868418477,0.5834794087,2
combination_2_run_2,2,WHOLE_FORMULA_UNIFORM,BOUNDED_UNIFORM_MUTATION,A.png,9,2,0.2000000030,0.1000000015,0.1000000015,256,256,100,212345,218345,219345,220345,61,0.5878748472,0.5836916906,8
combination_2_run_2,2,WHOLE_FORMULA_UNIFORM,BOUNDED_UNIFORM_MUTATION,A.png,9,2,0.2000000030,0.1000000015,0.1000000015,256,256,100,212345,218345,219345,220345,62,0.5872453416,0.5838712835,2
combination_2_run_2,2,WHOLE_FORMULA_UNIFORM,BOUNDED_UNIFORM_MUTATION,A.png,9,2,0.2000000030,0.1000000015,0.1000000015,256,256,100,212345,218345,219345,220345,63,0.5872624149,0.5838051531,8
combination_2_run_2,2,WHOLE_FORMULA_UNIFORM,BOUNDED_UNIFORM_MUTATION,A.png,9,2,0.2000000030,0.1000000015,0.1000000015,256,256,100,212345,218345,219345,220345,64,0.5886616562,0.5837773022,8
combination_2_run_2,2,WHOLE_FORMULA_UNIFORM,BOUNDED_UNIFORM_MUTATION,A.png,9,2,0.2000000030,0.1000000015,0.1000000015,256,256,100,212345,218345,219345,220345,65,0.5865084045,0.5841170793,0
combination_2_run_2,2,WHOLE_FORMULA_UNIFORM,BOUNDED_UNIFORM_MUTATION,A.png,9,2,0.2000000030,0.1000000015,0.1000000015,256,256,100,212345,218345,219345,220345,66,0.5863351342,0.5843214374,1
combination_2_run_2,2,WHOLE_FORMULA_UNIFORM,BOUNDED_UNIFORM_MUTATION,A.png,9,2,0.2000000030,0.1000000015,0.1000000015,256,256,100,212345,218345,219345,220345,67,0.5885216109,0.5842258184,3
combination_2_run_2,2,WHOLE_FORMULA_UNIFORM,BOUNDED_UNIFORM_MUTATION,A.png,9,2,0.2000000030,0.1000000015,0.1000000015,256,256,100,212345,218345,219345,220345,68,0.5875093313,0.5837978768,4
combination_2_run_2,2,WHOLE_FORMULA_UNIFORM,BOUNDED_UNIFORM_MUTATION,A.png,9,2,0.2000000030,0.1000000015,0.1000000015,256,256,100,212345,218345,219345,220345,69,0.5885548619,0.5834285618,7
combination_2_run_2,2,WHOLE_FORMULA_UNIFORM,BOUNDED_UNIFORM_MUTATION,A.png,9,2,0.2000000030,0.1000000015,0.1000000015,256,256,100,212345,218345,219345,220345,70,0.5862047699,0.5832084849,6
combination_2_run_2,2,WHOLE_FORMULA_UNIFORM,BOUNDED_UNIFORM_MUTATION,A.png,9,2,0.2000000030,0.1000000015,0.1000000015,256,256,100,212345,218345,219345,220345,71,0.5887417349,0.5847962210,6
combination_2_run_2,2,WHOLE_FORMULA_UNIFORM,BOUNDED_UNIFORM_MUTATION,A.png,9,2,0.2000000030,0.1000000015,0.1000000015,256,256,100,212345,218345,219345,220345,72,0.5908755506,0.5853390110,6
combination_2_run_2,2,WHOLE_FORMULA_UNIFORM,BOUNDED_UNIFORM_MUTATION,A.png,9,2,0.2000000030,0.1000000015,0.1000000015,256,256,100,212345,218345,219345,220345,73,0.5921224842,0.5857540327,2
combination_2_run_2,2,WHOLE_FORMULA_UNIFORM,BOUNDED_UNIFORM_MUTATION,A.png,9,2,0.2000000030,0.1000000015,0.1000000015,256,256,100,212345,218345,219345,220345,74,0.5916212446,0.5867200678,5
combination_2_run_2,2,WHOLE_FORMULA_UNIFORM,BOUNDED_UNIFORM_MUTATION,A.png,9,2,0.2000000030,0.1000000015,0.1000000015,256,256,100,212345,218345,219345,220345,75,0.5905085081,0.5858230764,0
combination_2_run_2,2,WHOLE_FORMULA_UNIFORM,BOUNDED_UNIFORM_MUTATION,A.png,9,2,0.2000000030,0.1000000015,0.1000000015,256,256,100,212345,218345,219345,220345,76,0.5916477786,0.5864928689,7
combination_2_run_2,2,WHOLE_FORMULA_UNIFORM,BOUNDED_UNIFORM_MUTATION,A.png,9,2,0.2000000030,0.1000000015,0.1000000015,256,256,100,212345,218345,219345,220345,77,0.5922008492,0.5883740586,0
combination_2_run_2,2,WHOLE_FORMULA_UNIFORM,BOUNDED_UNIFORM_MUTATION,A.png,9,2,0.2000000030,0.1000000015,0.1000000015,256,256,100,212345,218345,219345,220345,78,0.5933323578,0.5889589740,6
combination_2_run_2,2,WHOLE_FORMULA_UNIFORM,BOUNDED_UNIFORM_MUTATION,A.png,9,2,0.2000000030,0.1000000015,0.1000000015,256,256,100,212345,218345,219345,220345,79,0.5924959681,0.5882762673,1
combination_2_run_2,2,WHOLE_FORMULA_UNIFORM,BOUNDED_UNIFORM_MUTATION,A.png,9,2,0.2000000030,0.1000000015,0.1000000015,256,256,100,212345,218345,219345,220345,80,0.5913550619,0.5868201490,3
combination_2_run_2,2,WHOLE_FORMULA_UNIFORM,BOUNDED_UNIFORM_MUTATION,A.png,9,2,0.2000000030,0.1000000015,0.1000000015,256,256,100,212345,218345,219345,220345,81,0.5907680992,0.5860114630,0
combination_2_run_2,2,WHOLE_FORMULA_UNIFORM,BOUNDED_UNIFORM_MUTATION,A.png,9,2,0.2000000030,0.1000000015,0.1000000015,256,256,100,212345,218345,219345,220345,82,0.5900609143,0.5858362997,6
combination_2_run_2,2,WHOLE_FORMULA_UNIFORM,BOUNDED_UNIFORM_MUTATION,A.png,9,2,0.2000000030,0.1000000015,0.1000000015,256,256,100,212345,218345,219345,220345,83,0.5888823963,0.5850125287,7
combination_2_run_2,2,WHOLE_FORMULA_UNIFORM,BOUNDED_UNIFORM_MUTATION,A.png,9,2,0.2000000030,0.1000000015,0.1000000015,256,256,100,212345,218345,219345,220345,84,0.5879781500,0.5829778773,2
combination_2_run_2,2,WHOLE_FORMULA_UNIFORM,BOUNDED_UNIFORM_MUTATION,A.png,9,2,0.2000000030,0.1000000015,0.1000000015,256,256,100,212345,218345,219345,220345,85,0.5847853332,0.5817224596,7
combination_2_run_2,2,WHOLE_FORMULA_UNIFORM,BOUNDED_UNIFORM_MUTATION,A.png,9,2,0.2000000030,0.1000000015,0.1000000015,256,256,100,212345,218345,219345,220345,86,0.5825368389,0.5800973688,0
combination_2_run_2,2,WHOLE_FORMULA_UNIFORM,BOUNDED_UNIFORM_MUTATION,A.png,9,2,0.2000000030,0.1000000015,0.1000000015,256,256,100,212345,218345,219345,220345,87,0.5811574630,0.5783808887,7
combination_2_run_2,2,WHOLE_FORMULA_UNIFORM,BOUNDED_UNIFORM_MUTATION,A.png,9,2,0.2000000030,0.1000000015,0.1000000015,256,256,100,212345,218345,219345,220345,88,0.5814588474,0.5781981147,6
combination_2_run_2,2,WHOLE_FORMULA_UNIFORM,BOUNDED_UNIFORM_MUTATION,A.png,9,2,0.2000000030,0.1000000015,0.1000000015,256,256,100,212345,218345,219345,220345,89,0.5840934050,0.5782989459,2
combination_2_run_2,2,WHOLE_FORMULA_UNIFORM,BOUNDED_UNIFORM_MUTATION,A.png,9,2,0.2000000030,0.1000000015,0.1000000015,256,256,100,212345,218345,219345,220345,90,0.5845392151,0.5789920706,7
combination_2_run_2,2,WHOLE_FORMULA_UNIFORM,BOUNDED_UNIFORM_MUTATION,A.png,9,2,0.2000000030,0.1000000015,0.1000000015,256,256,100,212345,218345,219345,220345,91,0.5824089329,0.5787938896,5
combination_2_run_2,2,WHOLE_FORMULA_UNIFORM,BOUNDED_UNIFORM_MUTATION,A.png,9,2,0.2000000030,0.1000000015,0.1000000015,256,256,100,212345,218345,219345,220345,92,0.5856481258,0.5788580268,7
combination_2_run_2,2,WHOLE_FORMULA_UNIFORM,BOUNDED_UNIFORM_MUTATION,A.png,9,2,0.2000000030,0.1000000015,0.1000000015,256,256,100,212345,218345,219345,220345,93,0.5830725823,0.5793625488,1
combination_2_run_2,2,WHOLE_FORMULA_UNIFORM,BOUNDED_UNIFORM_MUTATION,A.png,9,2,0.2000000030,0.1000000015,0.1000000015,256,256,100,212345,218345,219345,220345,94,0.5835262544,0.5808081924,5
combination_2_run_2,2,WHOLE_FORMULA_UNIFORM,BOUNDED_UNIFORM_MUTATION,A.png,9,2,0.2000000030,0.1000000015,0.1000000015,256,256,100,212345,218345,219345,220345,95,0.5844247143,0.5809817278,8
combination_2_run_2,2,WHOLE_FORMULA_UNIFORM,BOUNDED_UNIFORM_MUTATION,A.png,9,2,0.2000000030,0.1000000015,0.1000000015,256,256,100,212345,218345,219345,220345,96,0.5852328550,0.5822534542,0
combination_2_run_2,2,WHOLE_FORMULA_UNIFORM,BOUNDED_UNIFORM_MUTATION,A.png,9,2,0.2000000030,0.1000000015,0.1000000015,256,256,100,212345,218345,219345,220345,97,0.5859351977,0.5816404364,2
combination_2_run_2,2,WHOLE_FORMULA_UNIFORM,BOUNDED_UNIFORM_MUTATION,A.png,9,2,0.2000000030,0.1000000015,0.1000000015,256,256,100,212345,218345,219345,220345,98,0.5837451678,0.5810575291,2
combination_2_run_2,2,WHOLE_FORMULA_UNIFORM,BOUNDED_UNIFORM_MUTATION,A.png,9,2,0.2000000030,0.1000000015,0.1000000015,256,256,100,212345,218345,219345,220345,99,0.5815764881,0.5796234484,5
combination_2_run_2,2,WHOLE_FORMULA_UNIFORM,BOUNDED_UNIFORM_MUTATION,A.png,9,2,0.2000000030,0.1000000015,0.1000000015,256,256,100,212345,218345,219345,220345,100,0.5815755546,0.5804477468,0
combination_2_run_3,3,WHOLE_FORMULA_UNIFORM,BOUNDED_UNIFORM_MUTATION,A.png,9,2,0.2000000030,0.1000000015,0.1000000015,256,256,100,312345,318345,319345,320345,0,0.6021898638,0.5916647710,4
combination_2_run_3,3,WHOLE_FORMULA_UNIFORM,BOUNDED_UNIFORM_MUTATION,A.png,9,2,0.2000000030,0.1000000015,0.1000000015,256,256,100,312345,318345,319345,320345,1,0.5999134115,0.5850854403,3
combination_2_run_3,3,WHOLE_FORMULA_UNIFORM,BOUNDED_UNIFORM_MUTATION,A.png,9,2,0.2000000030,0.1000000015,0.1000000015,256,256,100,312345,318345,319345,320345,2,0.5991675170,0.5880294794,0
combination_2_run_3,3,WHOLE_FORMULA_UNIFORM,BOUNDED_UNIFORM_MUTATION,A.png,9,2,0.2000000030,0.1000000015,0.1000000015,256,256,100,312345,318345,319345,320345,3,0.5986773747,0.5909031289,1
combination_2_run_3,3,WHOLE_FORMULA_UNIFORM,BOUNDED_UNIFORM_MUTATION,A.png,9,2,0.2000000030,0.1000000015,0.1000000015,256,256,100,312345,318345,319345,320345,4,0.5995410081,0.5912503539,2
combination_2_run_3,3,WHOLE_FORMULA_UNIFORM,BOUNDED_UNIFORM_MUTATION,A.png,9,2,0.2000000030,0.1000000015,0.1000000015,256,256,100,312345,318345,319345,320345,5,0.6039235323,0.5966399966,7
combination_2_run_3,3,WHOLE_FORMULA_UNIFORM,BOUNDED_UNIFORM_MUTATION,A.png,9,2,0.2000000030,0.1000000015,0.1000000015,256,256,100,312345,318345,319345,320345,6,0.6042098493,0.5961329135,6
combination_2_run_3,3,WHOLE_FORMULA_UNIFORM,BOUNDED_UNIFORM_MUTATION,A.png,9,2,0.2000000030,0.1000000015,0.1000000015,256,256,100,312345,318345,319345,320345,7,0.6000756264,0.5960480415,3
combination_2_run_3,3,WHOLE_FORMULA_UNIFORM,BOUNDED_UNIFORM_MUTATION,A.png,9,2,0.2000000030,0.1000000015,0.1000000015,256,256,100,312345,318345,319345,320345,8,0.6023339874,0.5971377440,8
combination_2_run_3,3,WHOLE_FORMULA_UNIFORM,BOUNDED_UNIFORM_MUTATION,A.png,9,2,0.2000000030,0.1000000015,0.1000000015,256,256,100,312345,318345,319345,320345,9,0.6020296112,0.5969493438,8
combination_2_run_3,3,WHOLE_FORMULA_UNIFORM,BOUNDED_UNIFORM_MUTATION,A.png,9,2,0.2000000030,0.1000000015,0.1000000015,256,256,100,312345,318345,319345,320345,10,0.6011725217,0.5982989873,0
combination_2_run_3,3,WHOLE_FORMULA_UNIFORM,BOUNDED_UNIFORM_MUTATION,A.png,9,2,0.2000000030,0.1000000015,0.1000000015,256,256,100,312345,318345,319345,320345,11,0.6014956679,0.5982335885,8
combination_2_run_3,3,WHOLE_FORMULA_UNIFORM,BOUNDED_UNIFORM_MUTATION,A.png,9,2,0.2000000030,0.1000000015,0.1000000015,256,256,100,312345,318345,319345,320345,12,0.6021879700,0.5991478795,0
combination_2_run_3,3,WHOLE_FORMULA_UNIFORM,BOUNDED_UNIFORM_MUTATION,A.png,9,2,0.2000000030,0.1000000015,0.1000000015,256,256,100,312345,318345,319345,320345,13,0.6021879700,0.5987208952,0
combination_2_run_3,3,WHOLE_FORMULA_UNIFORM,BOUNDED_UNIFORM_MUTATION,A.png,9,2,0.2000000030,0.1000000015,0.1000000015,256,256,100,312345,318345,319345,320345,14,0.6017732967,0.5981226448,4
combination_2_run_3,3,WHOLE_FORMULA_UNIFORM,BOUNDED_UNIFORM_MUTATION,A.png,9,2,0.2000000030,0.1000000015,0.1000000015,256,256,100,312345,318345,319345,320345,15,0.6017547978,0.5988515917,5
combination_2_run_3,3,WHOLE_FORMULA_UNIFORM,BOUNDED_UNIFORM_MUTATION,A.png,9,2,0.2000000030,0.1000000015,0.1000000015,256,256,100,312345,318345,319345,320345,16,0.6015308860,0.5987111194,2
combination_2_run_3,3,WHOLE_FORMULA_UNIFORM,BOUNDED_UNIFORM_MUTATION,A.png,9,2,0.2000000030,0.1000000015,0.1000000015,256,256,100,312345,318345,319345,320345,17,0.6015816172,0.5991374141,4
combination_2_run_3,3,WHOLE_FORMULA_UNIFORM,BOUNDED_UNIFORM_MUTATION,A.png,9,2,0.2000000030,0.1000000015,0.1000000015,256,256,100,312345,318345,319345,320345,18,0.6016915643,0.5986200971,4
combination_2_run_3,3,WHOLE_FORMULA_UNIFORM,BOUNDED_UNIFORM_MUTATION,A.png,9,2,0.2000000030,0.1000000015,0.1000000015,256,256,100,312345,318345,319345,320345,19,0.6017771765,0.5980573267,2
combination_2_run_3,3,WHOLE_FORMULA_UNIFORM,BOUNDED_UNIFORM_MUTATION,A.png,9,2,0.2000000030,0.1000000015,0.1000000015,256,256,100,312345,318345,319345,320345,20,0.6015593465,0.5978646864,3
combination_2_run_3,3,WHOLE_FORMULA_UNIFORM,BOUNDED_UNIFORM_MUTATION,A.png,9,2,0.2000000030,0.1000000015,0.1000000015,256,256,100,312345,318345,319345,320345,21,0.6014734826,0.5983607242,3
combination_2_run_3,3,WHOLE_FORMULA_UNIFORM,BOUNDED_UNIFORM_MUTATION,A.png,9,2,0.2000000030,0.1000000015,0.1000000015,256,256,100,312345,318345,319345,320345,22,0.6016938248,0.5984565833,2
combination_2_run_3,3,WHOLE_FORMULA_UNIFORM,BOUNDED_UNIFORM_MUTATION,A.png,9,2,0.2000000030,0.1000000015,0.1000000015,256,256,100,312345,318345,319345,320345,23,0.6024245087,0.5981321655,2
combination_2_run_3,3,WHOLE_FORMULA_UNIFORM,BOUNDED_UNIFORM_MUTATION,A.png,9,2,0.2000000030,0.1000000015,0.1000000015,256,256,100,312345,318345,319345,320345,24,0.5990647528,0.5974553709,0
combination_2_run_3,3,WHOLE_FORMULA_UNIFORM,BOUNDED_UNIFORM_MUTATION,A.png,9,2,0.2000000030,0.1000000015,0.1000000015,256,256,100,312345,318345,319345,320345,25,0.5999081401,0.5981575855,4
combination_2_run_3,3,WHOLE_FORMULA_UNIFORM,BOUNDED_UNIFORM_MUTATION,A.png,9,2,0.2000000030,0.1000000015,0.1000000015,256,256,100,312345,318345,319345,320345,26,0.6002762874,0.5973809539,0
combination_2_run_3,3,WHOLE_FORMULA_UNIFORM,BOUNDED_UNIFORM_MUTATION,A.png,9,2,0.2000000030,0.1000000015,0.1000000015,256,256,100,312345,318345,319345,320345,27,0.6019019095,0.5976301210,6
combination_2_run_3,3,WHOLE_FORMULA_UNIFORM,BOUNDED_UNIFORM_MUTATION,A.png,9,2,0.2000000030,0.1000000015,0.1000000015,256,256,100,312345,318345,319345,320345,28,0.5991114535,0.5969502604,3
combination_2_run_3,3,WHOLE_FORMULA_UNIFORM,BOUNDED_UNIFORM_MUTATION,A.png,9,2,0.2000000030,0.1000000015,0.1000000015,256,256,100,312345,318345,319345,320345,29,0.6013855029,0.5976262496,0
combination_2_run_3,3,WHOLE_FORMULA_UNIFORM,BOUNDED_UNIFORM_MUTATION,A.png,9,2,0.2000000030,0.1000000015,0.1000000015,256,256,100,312345,318345,319345,320345,30,0.5978440629,0.5965529744,0
combination_2_run_3,3,WHOLE_FORMULA_UNIFORM,BOUNDED_UNIFORM_MUTATION,A.png,9,2,0.2000000030,0.1000000015,0.1000000015,256,256,100,312345,318345,319345,320345,31,0.5978440629,0.5963937684,0
combination_2_run_3,3,WHOLE_FORMULA_UNIFORM,BOUNDED_UNIFORM_MUTATION,A.png,9,2,0.2000000030,0.1000000015,0.1000000015,256,256,100,312345,318345,319345,320345,32,0.5992287029,0.5963601362,5
combination_2_run_3,3,WHOLE_FORMULA_UNIFORM,BOUNDED_UNIFORM_MUTATION,A.png,9,2,0.2000000030,0.1000000015,0.1000000015,256,256,100,312345,318345,319345,320345,33,0.5992287029,0.5954617245,0
combination_2_run_3,3,WHOLE_FORMULA_UNIFORM,BOUNDED_UNIFORM_MUTATION,A.png,9,2,0.2000000030,0.1000000015,0.1000000015,256,256,100,312345,318345,319345,320345,34,0.5991364153,0.5951206675,3
combination_2_run_3,3,WHOLE_FORMULA_UNIFORM,BOUNDED_UNIFORM_MUTATION,A.png,9,2,0.2000000030,0.1000000015,0.1000000015,256,256,100,312345,318345,319345,320345,35,0.5991364153,0.5930129321,3
combination_2_run_3,3,WHOLE_FORMULA_UNIFORM,BOUNDED_UNIFORM_MUTATION,A.png,9,2,0.2000000030,0.1000000015,0.1000000015,256,256,100,312345,318345,319345,320345,36,0.5994557936,0.5919096143,4
combination_2_run_3,3,WHOLE_FORMULA_UNIFORM,BOUNDED_UNIFORM_MUTATION,A.png,9,2,0.2000000030,0.1000000015,0.1000000015,256,256,100,312345,318345,319345,320345,37,0.5994557936,0.5930678543,7
combination_2_run_3,3,WHOLE_FORMULA_UNIFORM,BOUNDED_UNIFORM_MUTATION,A.png,9,2,0.2000000030,0.1000000015,0.1000000015,256,256,100,312345,318345,319345,320345,38,0.6017983565,0.5959581436,6
combination_2_run_3,3,WHOLE_FORMULA_UNIFORM,BOUNDED_UNIFORM_MUTATION,A.png,9,2,0.2000000030,0.1000000015,0.1000000015,256,256,100,312345,318345,319345,320345,39,0.6017983565,0.5983164812,1
combination_2_run_3,3,WHOLE_FORMULA_UNIFORM,BOUNDED_UNIFORM_MUTATION,A.png,9,2,0.2000000030,0.1000000015,0.1000000015,256,256,100,312345,318345,319345,320345,40,0.6026536710,0.5990963461,3
combination_2_run_3,3,WHOLE_FORMULA_UNIFORM,BOUNDED_UNIFORM_MUTATION,A.png,9,2,0.2000000030,0.1000000015,0.1000000015,256,256,100,312345,318345,319345,320345,41,0.6030114578,0.5988766771,3
combination_2_run_3,3,WHOLE_FORMULA_UNIFORM,BOUNDED_UNIFORM_MUTATION,A.png,9,2,0.2000000030,0.1000000015,0.1000000015,256,256,100,312345,318345,319345,320345,42,0.6030114578,0.5980455074,5
combination_2_run_3,3,WHOLE_FORMULA_UNIFORM,BOUNDED_UNIFORM_MUTATION,A.png,9,2,0.2000000030,0.1000000015,0.1000000015,256,256,100,312345,318345,319345,320345,43,0.6030894491,0.5975587372,4
combination_2_run_3,3,WHOLE_FORMULA_UNIFORM,BOUNDED_UNIFORM_MUTATION,A.png,9,2,0.2000000030,0.1000000015,0.1000000015,256,256,100,312345,318345,319345,320345,44,0.6030894491,0.5984246616,3
combination_2_run_3,3,WHOLE_FORMULA_UNIFORM,BOUNDED_UNIFORM_MUTATION,A.png,9,2,0.2000000030,0.1000000015,0.1000000015,256,256,100,312345,318345,319345,320345,45,0.6020535482,0.5927407997,2
combination_2_run_3,3,WHOLE_FORMULA_UNIFORM,BOUNDED_UNIFORM_MUTATION,A.png,9,2,0.2000000030,0.1000000015,0.1000000015,256,256,100,312345,318345,319345,320345,46,0.6004098040,0.5929705154,6
combination_2_run_3,3,WHOLE_FORMULA_UNIFORM,BOUNDED_UNIFORM_MUTATION,A.png,9,2,0.2000000030,0.1000000015,0.1000000015,256,256,100,312345,318345,319345,320345,47,0.5993842907,0.5935746637,6
combination_2_run_3,3,WHOLE_FORMULA_UNIFORM,BOUNDED_UNIFORM_MUTATION,A.png,9,2,0.2000000030,0.1000000015,0.1000000015,256,256,100,312345,318345,319345,320345,48,0.6008957729,0.5942702351,7
combination_2_run_3,3,WHOLE_FORMULA_UNIFORM,BOUNDED_UNIFORM_MUTATION,A.png,9,2,0.2000000030,0.1000000015,0.1000000015,256,256,100,312345,318345,319345,320345,49,0.5993555247,0.5953486951,1
combination_2_run_3,3,WHOLE_FORMULA_UNIFORM,BOUNDED_UNIFORM_MUTATION,A.png,9,2,0.2000000030,0.1000000015,0.1000000015,256,256,100,312345,318345,319345,320345,50,0.5993928152,0.5947407529,6
combination_2_run_3,3,WHOLE_FORMULA_UNIFORM,BOUNDED_UNIFORM_MUTATION,A.png,9,2,0.2000000030,0.1000000015,0.1000000015,256,256,100,312345,318345,319345,320345,51,0.5997572243,0.5952188118,3
combination_2_run_3,3,WHOLE_FORMULA_UNIFORM,BOUNDED_UNIFORM_MUTATION,A.png,9,2,0.2000000030,0.1000000015,0.1000000015,256,256,100,312345,318345,319345,320345,52,0.5997831607,0.5990151339,8
combination_2_run_3,3,WHOLE_FORMULA_UNIFORM,BOUNDED_UNIFORM_MUTATION,A.png,9,2,0.2000000030,0.1000000015,0.1000000015,256,256,100,312345,318345,319345,320345,53,0.6006009881,0.5989275540,5
combination_2_run_3,3,WHOLE_FORMULA_UNIFORM,BOUNDED_UNIFORM_MUTATION,A.png,9,2,0.2000000030,0.1000000015,0.1000000015,256,256,100,312345,318345,319345,320345,54,0.6002477287,0.5989705497,6
combination_2_run_3,3,WHOLE_FORMULA_UNIFORM,BOUNDED_UNIFORM_MUTATION,A.png,9,2,0.2000000030,0.1000000015,0.1000000015,256,256,100,312345,318345,319345,320345,55,0.6004363255,0.5988346595,2
combination_2_run_3,3,WHOLE_FORMULA_UNIFORM,BOUNDED_UNIFORM_MUTATION,A.png,9,2,0.2000000030,0.1000000015,0.1000000015,256,256,100,312345,318345,319345,320345,56,0.6024677721,0.5995360663,6
combination_2_run_3,3,WHOLE_FORMULA_UNIFORM,BOUNDED_UNIFORM_MUTATION,A.png,9,2,0.2000000030,0.1000000015,0.1000000015,256,256,100,312345,318345,319345,320345,57,0.6024677721,0.6001148601,4
combination_2_run_3,3,WHOLE_FORMULA_UNIFORM,BOUNDED_UNIFORM_MUTATION,A.png,9,2,0.2000000030,0.1000000015,0.1000000015,256,256,100,312345,318345,319345,320345,58,0.6020736352,0.5997312503,1
combination_2_run_3,3,WHOLE_FORMULA_UNIFORM,BOUNDED_UNIFORM_MUTATION,A.png,9,2,0.2000000030,0.1000000015,0.1000000015,256,256,100,312345,318345,319345,320345,59,0.6006572481,0.5991509348,0
combination_2_run_3,3,WHOLE_FORMULA_UNIFORM,BOUNDED_UNIFORM_MUTATION,A.png,9,2,0.2000000030,0.1000000015,0.1000000015,256,256,100,312345,318345,319345,320345,60,0.6006572481,0.5995025174,0
combination_2_run_3,3,WHOLE_FORMULA_UNIFORM,BOUNDED_UNIFORM_MUTATION,A.png,9,2,0.2000000030,0.1000000015,0.1000000015,256,256,100,312345,318345,319345,320345,61,0.6009736462,0.5995309653,1
combination_2_run_3,3,WHOLE_FORMULA_UNIFORM,BOUNDED_UNIFORM_MUTATION,A.png,9,2,0.2000000030,0.1000000015,0.1000000015,256,256,100,312345,318345,319345,320345,62,0.6021717838,0.5994192467,8
combination_2_run_3,3,WHOLE_FORMULA_UNIFORM,BOUNDED_UNIFORM_MUTATION,A.png,9,2,0.2000000030,0.1000000015,0.1000000015,256,256,100,312345,318345,319345,320345,63,0.6021717838,0.5996096550,0
combination_2_run_3,3,WHOLE_FORMULA_UNIFORM,BOUNDED_UNIFORM_MUTATION,A.png,9,2,0.2000000030,0.1000000015,0.1000000015,256,256,100,312345,318345,319345,320345,64,0.6021867033,0.5990377629,1
combination_2_run_3,3,WHOLE_FORMULA_UNIFORM,BOUNDED_UNIFORM_MUTATION,A.png,9,2,0.2000000030,0.1000000015,0.1000000015,256,256,100,312345,318345,319345,320345,65,0.5998318554,0.5990919543,4
combination_2_run_3,3,WHOLE_FORMULA_UNIFORM,BOUNDED_UNIFORM_MUTATION,A.png,9,2,0.2000000030,0.1000000015,0.1000000015,256,256,100,312345,318345,319345,320345,66,0.5998318554,0.5985847004,7
combination_2_run_3,3,WHOLE_FORMULA_UNIFORM,BOUNDED_UNIFORM_MUTATION,A.png,9,2,0.2000000030,0.1000000015,0.1000000015,256,256,100,312345,318345,319345,320345,67,0.6005339479,0.5990713560,6
combination_2_run_3,3,WHOLE_FORMULA_UNIFORM,BOUNDED_UNIFORM_MUTATION,A.png,9,2,0.2000000030,0.1000000015,0.1000000015,256,256,100,312345,318345,319345,320345,68,0.5994996428,0.5984983420,6
combination_2_run_3,3,WHOLE_FORMULA_UNIFORM,BOUNDED_UNIFORM_MUTATION,A.png,9,2,0.2000000030,0.1000000015,0.1000000015,256,256,100,312345,318345,319345,320345,69,0.6002652216,0.5994305073,5
combination_2_run_3,3,WHOLE_FORMULA_UNIFORM,BOUNDED_UNIFORM_MUTATION,A.png,9,2,0.2000000030,0.1000000015,0.1000000015,256,256,100,312345,318345,319345,320345,70,0.5996181713,0.5988433441,2
combination_2_run_3,3,WHOLE_FORMULA_UNIFORM,BOUNDED_UNIFORM_MUTATION,A.png,9,2,0.2000000030,0.1000000015,0.1000000015,256,256,100,312345,318345,319345,320345,71,0.5993371925,0.5983627826,1
combination_2_run_3,3,WHOLE_FORMULA_UNIFORM,BOUNDED_UNIFORM_MUTATION,A.png,9,2,0.2000000030,0.1000000015,0.1000000015,256,256,100,312345,318345,319345,320345,72,0.5993371925,0.5984293851,2
combination_2_run_3,3,WHOLE_FORMULA_UNIFORM,BOUNDED_UNIFORM_MUTATION,A.png,9,2,0.2000000030,0.1000000015,0.1000000015,256,256,100,312345,318345,319345,320345,73,0.5994451163,0.5985070271,8
combination_2_run_3,3,WHOLE_FORMULA_UNIFORM,BOUNDED_UNIFORM_MUTATION,A.png,9,2,0.2000000030,0.1000000015,0.1000000015,256,256,100,312345,318345,319345,320345,74,0.6021701201,0.5986697674,3
combination_2_run_3,3,WHOLE_FORMULA_UNIFORM,BOUNDED_UNIFORM_MUTATION,A.png,9,2,0.2000000030,0.1000000015,0.1000000015,256,256,100,312345,318345,319345,320345,75,0.6025563601,0.5989261161,2
combination_2_run_3,3,WHOLE_FORMULA_UNIFORM,BOUNDED_UNIFORM_MUTATION,A.png,9,2,0.2000000030,0.1000000015,0.1000000015,256,256,100,312345,318345,319345,320345,76,0.6025563601,0.5991097177,0
combination_2_run_3,3,WHOLE_FORMULA_UNIFORM,BOUNDED_UNIFORM_MUTATION,A.png,9,2,0.2000000030,0.1000000015,0.1000000015,256,256,100,312345,318345,319345,320345,77,0.6000731010,0.5985490276,7
combination_2_run_3,3,WHOLE_FORMULA_UNIFORM,BOUNDED_UNIFORM_MUTATION,A.png,9,2,0.2000000030,0.1000000015,0.1000000015,256,256,100,312345,318345,319345,320345,78,0.6023194164,0.5979738236,3
combination_2_run_3,3,WHOLE_FORMULA_UNIFORM,BOUNDED_UNIFORM_MUTATION,A.png,9,2,0.2000000030,0.1000000015,0.1000000015,256,256,100,312345,318345,319345,320345,79,0.6023194164,0.5990129587,5
combination_2_run_3,3,WHOLE_FORMULA_UNIFORM,BOUNDED_UNIFORM_MUTATION,A.png,9,2,0.2000000030,0.1000000015,0.1000000015,256,256,100,312345,318345,319345,320345,80,0.5995091319,0.5978544475,6
combination_2_run_3,3,WHOLE_FORMULA_UNIFORM,BOUNDED_UNIFORM_MUTATION,A.png,9,2,0.2000000030,0.1000000015,0.1000000015,256,256,100,312345,318345,319345,320345,81,0.5996016682,0.5976945973,8
combination_2_run_3,3,WHOLE_FORMULA_UNIFORM,BOUNDED_UNIFORM_MUTATION,A.png,9,2,0.2000000030,0.1000000015,0.1000000015,256,256,100,312345,318345,319345,320345,82,0.5997134952,0.5982047608,3
combination_2_run_3,3,WHOLE_FORMULA_UNIFORM,BOUNDED_UNIFORM_MUTATION,A.png,9,2,0.2000000030,0.1000000015,0.1000000015,256,256,100,312345,318345,319345,320345,83,0.6027500644,0.5988680651,1
combination_2_run_3,3,WHOLE_FORMULA_UNIFORM,BOUNDED_UNIFORM_MUTATION,A.png,9,2,0.2000000030,0.1000000015,0.1000000015,256,256,100,312345,318345,319345,320345,84,0.6000124912,0.5982615307,4
combination_2_run_3,3,WHOLE_FORMULA_UNIFORM,BOUNDED_UNIFORM_MUTATION,A.png,9,2,0.2000000030,0.1000000015,0.1000000015,256,256,100,312345,318345,319345,320345,85,0.5985281779,0.5968612319,6
combination_2_run_3,3,WHOLE_FORMULA_UNIFORM,BOUNDED_UNIFORM_MUTATION,A.png,9,2,0.2000000030,0.1000000015,0.1000000015,256,256,100,312345,318345,319345,320345,86,0.5994465235,0.5971540169,2
combination_2_run_3,3,WHOLE_FORMULA_UNIFORM,BOUNDED_UNIFORM_MUTATION,A.png,9,2,0.2000000030,0.1000000015,0.1000000015,256,256,100,312345,318345,319345,320345,87,0.5994465235,0.5967619864,1
combination_2_run_3,3,WHOLE_FORMULA_UNIFORM,BOUNDED_UNIFORM_MUTATION,A.png,9,2,0.2000000030,0.1000000015,0.1000000015,256,256,100,312345,318345,319345,320345,88,0.6030309327,0.5980884539,2
combination_2_run_3,3,WHOLE_FORMULA_UNIFORM,BOUNDED_UNIFORM_MUTATION,A.png,9,2,0.2000000030,0.1000000015,0.1000000015,256,256,100,312345,318345,319345,320345,89,0.6030662188,0.5990256100,5
combination_2_run_3,3,WHOLE_FORMULA_UNIFORM,BOUNDED_UNIFORM_MUTATION,A.png,9,2,0.2000000030,0.1000000015,0.1000000015,256,256,100,312345,318345,319345,320345,90,0.6030662188,0.5989161791,6
combination_2_run_3,3,WHOLE_FORMULA_UNIFORM,BOUNDED_UNIFORM_MUTATION,A.png,9,2,0.2000000030,0.1000000015,0.1000000015,256,256,100,312345,318345,319345,320345,91,0.6030723376,0.5984350958,0
combination_2_run_3,3,WHOLE_FORMULA_UNIFORM,BOUNDED_UNIFORM_MUTATION,A.png,9,2,0.2000000030,0.1000000015,0.1000000015,256,256,100,312345,318345,319345,320345,92,0.6030488490,0.5974367397,8
combination_2_run_3,3,WHOLE_FORMULA_UNIFORM,BOUNDED_UNIFORM_MUTATION,A.png,9,2,0.2000000030,0.1000000015,0.1000000015,256,256,100,312345,318345,319345,320345,93,0.6030488490,0.5988346283,2
combination_2_run_3,3,WHOLE_FORMULA_UNIFORM,BOUNDED_UNIFORM_MUTATION,A.png,9,2,0.2000000030,0.1000000015,0.1000000015,256,256,100,312345,318345,319345,320345,94,0.6004164106,0.5981054463,8
combination_2_run_3,3,WHOLE_FORMULA_UNIFORM,BOUNDED_UNIFORM_MUTATION,A.png,9,2,0.2000000030,0.1000000015,0.1000000015,256,256,100,312345,318345,319345,320345,95,0.6019991019,0.5987397246,8
combination_2_run_3,3,WHOLE_FORMULA_UNIFORM,BOUNDED_UNIFORM_MUTATION,A.png,9,2,0.2000000030,0.1000000015,0.1000000015,256,256,100,312345,318345,319345,320345,96,0.6004164106,0.5976858848,8
combination_2_run_3,3,WHOLE_FORMULA_UNIFORM,BOUNDED_UNIFORM_MUTATION,A.png,9,2,0.2000000030,0.1000000015,0.1000000015,256,256,100,312345,318345,319345,320345,97,0.6030701791,0.5998116571,8
combination_2_run_3,3,WHOLE_FORMULA_UNIFORM,BOUNDED_UNIFORM_MUTATION,A.png,9,2,0.2000000030,0.1000000015,0.1000000015,256,256,100,312345,318345,319345,320345,98,0.6005415470,0.5991810757,4
combination_2_run_3,3,WHOLE_FORMULA_UNIFORM,BOUNDED_UNIFORM_MUTATION,A.png,9,2,0.2000000030,0.1000000015,0.1000000015,256,256,100,312345,318345,319345,320345,99,0.6030802584,0.5982392498,7
combination_2_run_3,3,WHOLE_FORMULA_UNIFORM,BOUNDED_UNIFORM_MUTATION,A.png,9,2,0.2000000030,0.1000000015,0.1000000015,256,256,100,312345,318345,319345,320345,100,0.6030802584,0.5977110196,1
combination_2_run_4,4,WHOLE_FORMULA_UNIFORM,BOUNDED_UNIFORM_MUTATION,A.png,9,2,0.2000000030,0.1000000015,0.1000000015,256,256,100,412345,418345,419345,420345,0,0.5983111520,0.5845887328,5
combination_2_run_4,4,WHOLE_FORMULA_UNIFORM,BOUNDED_UNIFORM_MUTATION,A.png,9,2,0.2000000030,0.1000000015,0.1000000015,256,256,100,412345,418345,419345,420345,1,0.5982959840,0.5829838762,7
combination_2_run_4,4,WHOLE_FORMULA_UNIFORM,BOUNDED_UNIFORM_MUTATION,A.png,9,2,0.2000000030,0.1000000015,0.1000000015,256,256,100,412345,418345,419345,420345,2,0.5900521411,0.5818492676,8
combination_2_run_4,4,WHOLE_FORMULA_UNIFORM,BOUNDED_UNIFORM_MUTATION,A.png,9,2,0.2000000030,0.1000000015,0.1000000015,256,256,100,412345,418345,419345,420345,3,0.5932211564,0.5829472159,2
combination_2_run_4,4,WHOLE_FORMULA_UNIFORM,BOUNDED_UNIFORM_MUTATION,A.png,9,2,0.2000000030,0.1000000015,0.1000000015,256,256,100,412345,418345,419345,420345,4,0.5950420262,0.5824573955,7
combination_2_run_4,4,WHOLE_FORMULA_UNIFORM,BOUNDED_UNIFORM_MUTATION,A.png,9,2,0.2000000030,0.1000000015,0.1000000015,256,256,100,412345,418345,419345,420345,5,0.5929264122,0.5845443945,4
combination_2_run_4,4,WHOLE_FORMULA_UNIFORM,BOUNDED_UNIFORM_MUTATION,A.png,9,2,0.2000000030,0.1000000015,0.1000000015,256,256,100,412345,418345,419345,420345,6,0.5941769709,0.5849886522,2
combination_2_run_4,4,WHOLE_FORMULA_UNIFORM,BOUNDED_UNIFORM_MUTATION,A.png,9,2,0.2000000030,0.1000000015,0.1000000015,256,256,100,412345,418345,419345,420345,7,0.5948950910,0.5848075643,1
combination_2_run_4,4,WHOLE_FORMULA_UNIFORM,BOUNDED_UNIFORM_MUTATION,A.png,9,2,0.2000000030,0.1000000015,0.1000000015,256,256,100,412345,418345,419345,420345,8,0.5888560388,0.5852162264,1
combination_2_run_4,4,WHOLE_FORMULA_UNIFORM,BOUNDED_UNIFORM_MUTATION,A.png,9,2,0.2000000030,0.1000000015,0.1000000015,256,256,100,412345,418345,419345,420345,9,0.5895049964,0.5844674876,2
combination_2_run_4,4,WHOLE_FORMULA_UNIFORM,BOUNDED_UNIFORM_MUTATION,A.png,9,2,0.2000000030,0.1000000015,0.1000000015,256,256,100,412345,418345,419345,420345,10,0.5901004006,0.5853525777,0
combination_2_run_4,4,WHOLE_FORMULA_UNIFORM,BOUNDED_UNIFORM_MUTATION,A.png,9,2,0.2000000030,0.1000000015,0.1000000015,256,256,100,412345,418345,419345,420345,11,0.5911456370,0.5865386491,4
combination_2_run_4,4,WHOLE_FORMULA_UNIFORM,BOUNDED_UNIFORM_MUTATION,A.png,9,2,0.2000000030,0.1000000015,0.1000000015,256,256,100,412345,418345,419345,420345,12,0.5911456370,0.5874608408,5
combination_2_run_4,4,WHOLE_FORMULA_UNIFORM,BOUNDED_UNIFORM_MUTATION,A.png,9,2,0.2000000030,0.1000000015,0.1000000015,256,256,100,412345,418345,419345,420345,13,0.5913306560,0.5875755029,6
combination_2_run_4,4,WHOLE_FORMULA_UNIFORM,BOUNDED_UNIFORM_MUTATION,A.png,9,2,0.2000000030,0.1000000015,0.1000000015,256,256,100,412345,418345,419345,420345,14,0.5906720632,0.5890105642,5
combination_2_run_4,4,WHOLE_FORMULA_UNIFORM,BOUNDED_UNIFORM_MUTATION,A.png,9,2,0.2000000030,0.1000000015,0.1000000015,256,256,100,412345,418345,419345,420345,15,0.5903832865,0.5887538081,6
combination_2_run_4,4,WHOLE_FORMULA_UNIFORM,BOUNDED_UNIFORM_MUTATION,A.png,9,2,0.2000000030,0.1000000015,0.1000000015,256,256,100,412345,418345,419345,420345,16,0.5913373978,0.5893578553,7
combination_2_run_4,4,WHOLE_FORMULA_UNIFORM,BOUNDED_UNIFORM_MUTATION,A.png,9,2,0.2000000030,0.1000000015,0.1000000015,256,256,100,412345,418345,419345,420345,17,0.5925672726,0.5900231576,7
combination_2_run_4,4,WHOLE_FORMULA_UNIFORM,BOUNDED_UNIFORM_MUTATION,A.png,9,2,0.2000000030,0.1000000015,0.1000000015,256,256,100,412345,418345,419345,420345,18,0.5922408551,0.5904265243,5
combination_2_run_4,4,WHOLE_FORMULA_UNIFORM,BOUNDED_UNIFORM_MUTATION,A.png,9,2,0.2000000030,0.1000000015,0.1000000015,256,256,100,412345,418345,419345,420345,19,0.5911514836,0.5894428247,2
combination_2_run_4,4,WHOLE_FORMULA_UNIFORM,BOUNDED_UNIFORM_MUTATION,A.png,9,2,0.2000000030,0.1000000015,0.1000000015,256,256,100,412345,418345,419345,420345,20,0.5932594808,0.5903501418,1
combination_2_run_4,4,WHOLE_FORMULA_UNIFORM,BOUNDED_UNIFORM_MUTATION,A.png,9,2,0.2000000030,0.1000000015,0.1000000015,256,256,100,412345,418345,419345,420345,21,0.5934615946,0.5921313222,8
combination_2_run_4,4,WHOLE_FORMULA_UNIFORM,BOUNDED_UNIFORM_MUTATION,A.png,9,2,0.2000000030,0.1000000015,0.1000000015,256,256,100,412345,418345,419345,420345,22,0.5944018106,0.5913360889,0
combination_2_run_4,4,WHOLE_FORMULA_UNIFORM,BOUNDED_UNIFORM_MUTATION,A.png,9,2,0.2000000030,0.1000000015,0.1000000015,256,256,100,412345,418345,419345,420345,23,0.5931037762,0.5902313564,4
combination_2_run_4,4,WHOLE_FORMULA_UNIFORM,BOUNDED_UNIFORM_MUTATION,A.png,9,2,0.2000000030,0.1000000015,0.1000000015,256,256,100,412345,418345,419345,420345,24,0.5939526631,0.5878786170,4
combination_2_run_4,4,WHOLE_FORMULA_UNIFORM,BOUNDED_UNIFORM_MUTATION,A.png,9,2,0.2000000030,0.1000000015,0.1000000015,256,256,100,412345,418345,419345,420345,25,0.5922193250,0.5881322039,5
combination_2_run_4,4,WHOLE_FORMULA_UNIFORM,BOUNDED_UNIFORM_MUTATION,A.png,9,2,0.2000000030,0.1000000015,0.1000000015,256,256,100,412345,418345,419345,420345,26,0.5955218412,0.5871317200,1
combination_2_run_4,4,WHOLE_FORMULA_UNIFORM,BOUNDED_UNIFORM_MUTATION,A.png,9,2,0.2000000030,0.1000000015,0.1000000015,256,256,100,412345,418345,419345,420345,27,0.5954536061,0.5888336733,7
combination_2_run_4,4,WHOLE_FORMULA_UNIFORM,BOUNDED_UNIFORM_MUTATION,A.png,9,2,0.2000000030,0.1000000015,0.1000000015,256,256,100,412345,418345,419345,420345,28,0.5930704242,0.5880969336,4
combination_2_run_4,4,WHOLE_FORMULA_UNIFORM,BOUNDED_UNIFORM_MUTATION,A.png,9,2,0.2000000030,0.1000000015,0.1000000015,256,256,100,412345,418345,419345,420345,29,0.5925181166,0.5878866554,7
combination_2_run_4,4,WHOLE_FORMULA_UNIFORM,BOUNDED_UNIFORM_MUTATION,A.png,9,2,0.2000000030,0.1000000015,0.1000000015,256,256,100,412345,418345,419345,420345,30,0.5888624064,0.5853221326,4
combination_2_run_4,4,WHOLE_FORMULA_UNIFORM,BOUNDED_UNIFORM_MUTATION,A.png,9,2,0.2000000030,0.1000000015,0.1000000015,256,256,100,412345,418345,419345,420345,31,0.5894917251,0.5857494044,4
combination_2_run_4,4,WHOLE_FORMULA_UNIFORM,BOUNDED_UNIFORM_MUTATION,A.png,9,2,0.2000000030,0.1000000015,0.1000000015,256,256,100,412345,418345,419345,420345,32,0.5909640903,0.5859358768,6
combination_2_run_4,4,WHOLE_FORMULA_UNIFORM,BOUNDED_UNIFORM_MUTATION,A.png,9,2,0.2000000030,0.1000000015,0.1000000015,256,256,100,412345,418345,419345,420345,33,0.5904582616,0.5861215898,0
combination_2_run_4,4,WHOLE_FORMULA_UNIFORM,BOUNDED_UNIFORM_MUTATION,A.png,9,2,0.2000000030,0.1000000015,0.1000000015,256,256,100,412345,418345,419345,420345,34,0.5932350639,0.5874029739,1
combination_2_run_4,4,WHOLE_FORMULA_UNIFORM,BOUNDED_UNIFORM_MUTATION,A.png,9,2,0.2000000030,0.1000000015,0.1000000015,256,256,100,412345,418345,419345,420345,35,0.5934252599,0.5862805673,7
combination_2_run_4,4,WHOLE_FORMULA_UNIFORM,BOUNDED_UNIFORM_MUTATION,A.png,9,2,0.2000000030,0.1000000015,0.1000000015,256,256,100,412345,418345,419345,420345,36,0.5924848077,0.5880085725,4
combination_2_run_4,4,WHOLE_FORMULA_UNIFORM,BOUNDED_UNIFORM_MUTATION,A.png,9,2,0.2000000030,0.1000000015,0.1000000015,256,256,100,412345,418345,419345,420345,37,0.5905194630,0.5881447432,8
combination_2_run_4,4,WHOLE_FORMULA_UNIFORM,BOUNDED_UNIFORM_MUTATION,A.png,9,2,0.2000000030,0.1000000015,0.1000000015,256,256,100,412345,418345,419345,420345,38,0.5909696242,0.5877600485,6
combination_2_run_4,4,WHOLE_FORMULA_UNIFORM,BOUNDED_UNIFORM_MUTATION,A.png,9,2,0.2000000030,0.1000000015,0.1000000015,256,256,100,412345,418345,419345,420345,39,0.5910598382,0.5874616408,4
combination_2_run_4,4,WHOLE_FORMULA_UNIFORM,BOUNDED_UNIFORM_MUTATION,A.png,9,2,0.2000000030,0.1000000015,0.1000000015,256,256,100,412345,418345,419345,420345,40,0.5903241641,0.5869647272,4
combination_2_run_4,4,WHOLE_FORMULA_UNIFORM,BOUNDED_UNIFORM_MUTATION,A.png,9,2,0.2000000030,0.1000000015,0.1000000015,256,256,100,412345,418345,419345,420345,41,0.5900095474,0.5862177152,7
combination_2_run_4,4,WHOLE_FORMULA_UNIFORM,BOUNDED_UNIFORM_MUTATION,A.png,9,2,0.2000000030,0.1000000015,0.1000000015,256,256,100,412345,418345,419345,420345,42,0.5897242758,0.5853347034,3
combination_2_run_4,4,WHOLE_FORMULA_UNIFORM,BOUNDED_UNIFORM_MUTATION,A.png,9,2,0.2000000030,0.1000000015,0.1000000015,256,256,100,412345,418345,419345,420345,43,0.5897242758,0.5845816729,4
combination_2_run_4,4,WHOLE_FORMULA_UNIFORM,BOUNDED_UNIFORM_MUTATION,A.png,9,2,0.2000000030,0.1000000015,0.1000000015,256,256,100,412345,418345,419345,420345,44,0.5897113675,0.5854696256,3
combination_2_run_4,4,WHOLE_FORMULA_UNIFORM,BOUNDED_UNIFORM_MUTATION,A.png,9,2,0.2000000030,0.1000000015,0.1000000015,256,256,100,412345,418345,419345,420345,45,0.5883055937,0.5852292143,3
combination_2_run_4,4,WHOLE_FORMULA_UNIFORM,BOUNDED_UNIFORM_MUTATION,A.png,9,2,0.2000000030,0.1000000015,0.1000000015,256,256,100,412345,418345,419345,420345,46,0.5861784534,0.5837454448,2
combination_2_run_4,4,WHOLE_FORMULA_UNIFORM,BOUNDED_UNIFORM_MUTATION,A.png,9,2,0.2000000030,0.1000000015,0.1000000015,256,256,100,412345,418345,419345,420345,47,0.5890579811,0.5827215064,7
combination_2_run_4,4,WHOLE_FORMULA_UNIFORM,BOUNDED_UNIFORM_MUTATION,A.png,9,2,0.2000000030,0.1000000015,0.1000000015,256,256,100,412345,418345,419345,420345,48,0.5889486705,0.5827193983,3
combination_2_run_4,4,WHOLE_FORMULA_UNIFORM,BOUNDED_UNIFORM_MUTATION,A.png,9,2,0.2000000030,0.1000000015,0.1000000015,256,256,100,412345,418345,419345,420345,49,0.5896321952,0.5854497931,2
combination_2_run_4,4,WHOLE_FORMULA_UNIFORM,BOUNDED_UNIFORM_MUTATION,A.png,9,2,0.2000000030,0.1000000015,0.1000000015,256,256,100,412345,418345,419345,420345,50,0.5896584156,0.5865883402,2
combination_2_run_4,4,WHOLE_FORMULA_UNIFORM,BOUNDED_UNIFORM_MUTATION,A.png,9,2,0.2000000030,0.1000000015,0.1000000015,256,256,100,412345,418345,419345,420345,51,0.5902915653,0.5866371025,2
combination_2_run_4,4,WHOLE_FORMULA_UNIFORM,BOUNDED_UNIFORM_MUTATION,A.png,9,2,0.2000000030,0.1000000015,0.1000000015,256,256,100,412345,418345,419345,420345,52,0.5913835966,0.5862922402,0
combination_2_run_4,4,WHOLE_FORMULA_UNIFORM,BOUNDED_UNIFORM_MUTATION,A.png,9,2,0.2000000030,0.1000000015,0.1000000015,256,256,100,412345,418345,419345,420345,53,0.5936771628,0.5863426367,0
combination_2_run_4,4,WHOLE_FORMULA_UNIFORM,BOUNDED_UNIFORM_MUTATION,A.png,9,2,0.2000000030,0.1000000015,0.1000000015,256,256,100,412345,418345,419345,420345,54,0.5904232143,0.5856114477,1
combination_2_run_4,4,WHOLE_FORMULA_UNIFORM,BOUNDED_UNIFORM_MUTATION,A.png,9,2,0.2000000030,0.1000000015,0.1000000015,256,256,100,412345,418345,419345,420345,55,0.5926287448,0.5845922825,5
combination_2_run_4,4,WHOLE_FORMULA_UNIFORM,BOUNDED_UNIFORM_MUTATION,A.png,9,2,0.2000000030,0.1000000015,0.1000000015,256,256,100,412345,418345,419345,420345,56,0.5918809581,0.5861578864,2
combination_2_run_4,4,WHOLE_FORMULA_UNIFORM,BOUNDED_UNIFORM_MUTATION,A.png,9,2,0.2000000030,0.1000000015,0.1000000015,256,256,100,412345,418345,419345,420345,57,0.5925459870,0.5893554206,4
combination_2_run_4,4,WHOLE_FORMULA_UNIFORM,BOUNDED_UNIFORM_MUTATION,A.png,9,2,0.2000000030,0.1000000015,0.1000000015,256,256,100,412345,418345,419345,420345,58,0.5913592412,0.5881093079,5
combination_2_run_4,4,WHOLE_FORMULA_UNIFORM,BOUNDED_UNIFORM_MUTATION,A.png,9,2,0.2000000030,0.1000000015,0.1000000015,256,256,100,412345,418345,419345,420345,59,0.5926427300,0.5888140773,7
combination_2_run_4,4,WHOLE_FORMULA_UNIFORM,BOUNDED_UNIFORM_MUTATION,A.png,9,2,0.2000000030,0.1000000015,0.1000000015,256,256,100,412345,418345,419345,420345,60,0.5919435084,0.5886833256,8
combination_2_run_4,4,WHOLE_FORMULA_UNIFORM,BOUNDED_UNIFORM_MUTATION,A.png,9,2,0.2000000030,0.1000000015,0.1000000015,256,256,100,412345,418345,419345,420345,61,0.5927048649,0.5874497653,2
combination_2_run_4,4,WHOLE_FORMULA_UNIFORM,BOUNDED_UNIFORM_MUTATION,A.png,9,2,0.2000000030,0.1000000015,0.1000000015,256,256,100,412345,418345,419345,420345,62,0.5901708787,0.5868043745,5
combination_2_run_4,4,WHOLE_FORMULA_UNIFORM,BOUNDED_UNIFORM_MUTATION,A.png,9,2,0.2000000030,0.1000000015,0.1000000015,256,256,100,412345,418345,419345,420345,63,0.5901404714,0.5849354084,6
combination_2_run_4,4,WHOLE_FORMULA_UNIFORM,BOUNDED_UNIFORM_MUTATION,A.png,9,2,0.2000000030,0.1000000015,0.1000000015,256,256,100,412345,418345,419345,420345,64,0.5886705264,0.5849090000,7
combination_2_run_4,4,WHOLE_FORMULA_UNIFORM,BOUNDED_UNIFORM_MUTATION,A.png,9,2,0.2000000030,0.1000000015,0.1000000015,256,256,100,412345,418345,419345,420345,65,0.5892046887,0.5864853563,6
combination_2_run_4,4,WHOLE_FORMULA_UNIFORM,BOUNDED_UNIFORM_MUTATION,A.png,9,2,0.2000000030,0.1000000015,0.1000000015,256,256,100,412345,418345,419345,420345,66,0.5910089941,0.5871404492,3
combination_2_run_4,4,WHOLE_FORMULA_UNIFORM,BOUNDED_UNIFORM_MUTATION,A.png,9,2,0.2000000030,0.1000000015,0.1000000015,256,256,100,412345,418345,419345,420345,67,0.5914692773,0.5869187206,8
combination_2_run_4,4,WHOLE_FORMULA_UNIFORM,BOUNDED_UNIFORM_MUTATION,A.png,9,2,0.2000000030,0.1000000015,0.1000000015,256,256,100,412345,418345,419345,420345,68,0.5884554306,0.5876541821,1
combination_2_run_4,4,WHOLE_FORMULA_UNIFORM,BOUNDED_UNIFORM_MUTATION,A.png,9,2,0.2000000030,0.1000000015,0.1000000015,256,256,100,412345,418345,419345,420345,69,0.5948594474,0.5870213782,6
combination_2_run_4,4,WHOLE_FORMULA_UNIFORM,BOUNDED_UNIFORM_MUTATION,A.png,9,2,0.2000000030,0.1000000015,0.1000000015,256,256,100,412345,418345,419345,420345,70,0.5931828154,0.5876604543,5
combination_2_run_4,4,WHOLE_FORMULA_UNIFORM,BOUNDED_UNIFORM_MUTATION,A.png,9,2,0.2000000030,0.1000000015,0.1000000015,256,256,100,412345,418345,419345,420345,71,0.5937556951,0.5884765355,2
combination_2_run_4,4,WHOLE_FORMULA_UNIFORM,BOUNDED_UNIFORM_MUTATION,A.png,9,2,0.2000000030,0.1000000015,0.1000000015,256,256,100,412345,418345,419345,420345,72,0.5944198148,0.5888229106,2
combination_2_run_4,4,WHOLE_FORMULA_UNIFORM,BOUNDED_UNIFORM_MUTATION,A.png,9,2,0.2000000030,0.1000000015,0.1000000015,256,256,100,412345,418345,419345,420345,73,0.5945958597,0.5862235803,4
combination_2_run_4,4,WHOLE_FORMULA_UNIFORM,BOUNDED_UNIFORM_MUTATION,A.png,9,2,0.2000000030,0.1000000015,0.1000000015,256,256,100,412345,418345,419345,420345,74,0.5923556733,0.5873094336,8
combination_2_run_4,4,WHOLE_FORMULA_UNIFORM,BOUNDED_UNIFORM_MUTATION,A.png,9,2,0.2000000030,0.1000000015,0.1000000015,256,256,100,412345,418345,419345,420345,75,0.5992657778,0.5898542908,4
combination_2_run_4,4,WHOLE_FORMULA_UNIFORM,BOUNDED_UNIFORM_MUTATION,A.png,9,2,0.2000000030,0.1000000015,0.1000000015,256,256,100,412345,418345,419345,420345,76,0.5992304070,0.5900082492,2
combination_2_run_4,4,WHOLE_FORMULA_UNIFORM,BOUNDED_UNIFORM_MUTATION,A.png,9,2,0.2000000030,0.1000000015,0.1000000015,256,256,100,412345,418345,419345,420345,77,0.5984911305,0.5867980961,4
combination_2_run_4,4,WHOLE_FORMULA_UNIFORM,BOUNDED_UNIFORM_MUTATION,A.png,9,2,0.2000000030,0.1000000015,0.1000000015,256,256,100,412345,418345,419345,420345,78,0.5980702348,0.5916469111,2
combination_2_run_4,4,WHOLE_FORMULA_UNIFORM,BOUNDED_UNIFORM_MUTATION,A.png,9,2,0.2000000030,0.1000000015,0.1000000015,256,256,100,412345,418345,419345,420345,79,0.5985302029,0.5913862521,2
combination_2_run_4,4,WHOLE_FORMULA_UNIFORM,BOUNDED_UNIFORM_MUTATION,A.png,9,2,0.2000000030,0.1000000015,0.1000000015,256,256,100,412345,418345,419345,420345,80,0.5931471980,0.5901962044,1
combination_2_run_4,4,WHOLE_FORMULA_UNIFORM,BOUNDED_UNIFORM_MUTATION,A.png,9,2,0.2000000030,0.1000000015,0.1000000015,256,256,100,412345,418345,419345,420345,81,0.5917328770,0.5887437957,5
combination_2_run_4,4,WHOLE_FORMULA_UNIFORM,BOUNDED_UNIFORM_MUTATION,A.png,9,2,0.2000000030,0.1000000015,0.1000000015,256,256,100,412345,418345,419345,420345,82,0.5941234020,0.5884673231,5
combination_2_run_4,4,WHOLE_FORMULA_UNIFORM,BOUNDED_UNIFORM_MUTATION,A.png,9,2,0.2000000030,0.1000000015,0.1000000015,256,256,100,412345,418345,419345,420345,83,0.5919571305,0.5881947851,8
combination_2_run_4,4,WHOLE_FORMULA_UNIFORM,BOUNDED_UNIFORM_MUTATION,A.png,9,2,0.2000000030,0.1000000015,0.1000000015,256,256,100,412345,418345,419345,420345,84,0.5933178685,0.5873200649,2
combination_2_run_4,4,WHOLE_FORMULA_UNIFORM,BOUNDED_UNIFORM_MUTATION,A.png,9,2,0.2000000030,0.1000000015,0.1000000015,256,256,100,412345,418345,419345,420345,85,0.5933953971,0.5873265303,1
combination_2_run_4,4,WHOLE_FORMULA_UNIFORM,BOUNDED_UNIFORM_MUTATION,A.png,9,2,0.2000000030,0.1000000015,0.1000000015,256,256,100,412345,418345,419345,420345,86,0.5897649577,0.5865654715,0
combination_2_run_4,4,WHOLE_FORMULA_UNIFORM,BOUNDED_UNIFORM_MUTATION,A.png,9,2,0.2000000030,0.1000000015,0.1000000015,256,256,100,412345,418345,419345,420345,87,0.5946768294,0.5881539674,2
combination_2_run_4,4,WHOLE_FORMULA_UNIFORM,BOUNDED_UNIFORM_MUTATION,A.png,9,2,0.2000000030,0.1000000015,0.1000000015,256,256,100,412345,418345,419345,420345,88,0.5913708486,0.5855555164,6
combination_2_run_4,4,WHOLE_FORMULA_UNIFORM,BOUNDED_UNIFORM_MUTATION,A.png,9,2,0.2000000030,0.1000000015,0.1000000015,256,256,100,412345,418345,419345,420345,89,0.5956423009,0.5883984013,3
combination_2_run_4,4,WHOLE_FORMULA_UNIFORM,BOUNDED_UNIFORM_MUTATION,A.png,9,2,0.2000000030,0.1000000015,0.1000000015,256,256,100,412345,418345,419345,420345,90,0.5928897146,0.5889297504,0
combination_2_run_4,4,WHOLE_FORMULA_UNIFORM,BOUNDED_UNIFORM_MUTATION,A.png,9,2,0.2000000030,0.1000000015,0.1000000015,256,256,100,412345,418345,419345,420345,91,0.5877644292,0.5845910445,6
combination_2_run_4,4,WHOLE_FORMULA_UNIFORM,BOUNDED_UNIFORM_MUTATION,A.png,9,2,0.2000000030,0.1000000015,0.1000000015,256,256,100,412345,418345,419345,420345,92,0.5892416515,0.5850534703,0
combination_2_run_4,4,WHOLE_FORMULA_UNIFORM,BOUNDED_UNIFORM_MUTATION,A.png,9,2,0.2000000030,0.1000000015,0.1000000015,256,256,100,412345,418345,419345,420345,93,0.5907316476,0.5843148626,1
combination_2_run_4,4,WHOLE_FORMULA_UNIFORM,BOUNDED_UNIFORM_MUTATION,A.png,9,2,0.2000000030,0.1000000015,0.1000000015,256,256,100,412345,418345,419345,420345,94,0.5904445366,0.5846783950,2
combination_2_run_4,4,WHOLE_FORMULA_UNIFORM,BOUNDED_UNIFORM_MUTATION,A.png,9,2,0.2000000030,0.1000000015,0.1000000015,256,256,100,412345,418345,419345,420345,95,0.5916899544,0.5839568346,5
combination_2_run_4,4,WHOLE_FORMULA_UNIFORM,BOUNDED_UNIFORM_MUTATION,A.png,9,2,0.2000000030,0.1000000015,0.1000000015,256,256,100,412345,418345,419345,420345,96,0.5925635091,0.5845083975,5
combination_2_run_4,4,WHOLE_FORMULA_UNIFORM,BOUNDED_UNIFORM_MUTATION,A.png,9,2,0.2000000030,0.1000000015,0.1000000015,256,256,100,412345,418345,419345,420345,97,0.5881445965,0.5815739863,6
combination_2_run_4,4,WHOLE_FORMULA_UNIFORM,BOUNDED_UNIFORM_MUTATION,A.png,9,2,0.2000000030,0.1000000015,0.1000000015,256,256,100,412345,418345,419345,420345,98,0.5951699479,0.5842771059,1
combination_2_run_4,4,WHOLE_FORMULA_UNIFORM,BOUNDED_UNIFORM_MUTATION,A.png,9,2,0.2000000030,0.1000000015,0.1000000015,256,256,100,412345,418345,419345,420345,99,0.5923221880,0.5858423942,5
combination_2_run_4,4,WHOLE_FORMULA_UNIFORM,BOUNDED_UNIFORM_MUTATION,A.png,9,2,0.2000000030,0.1000000015,0.1000000015,256,256,100,412345,418345,419345,420345,100,0.5923221880,0.5859305168,5
combination_3_run_0,0,WHOLE_FORMULA_UNIFORM,GAUSSIAN_PARAMETER_MUTATION,A.png,9,2,0.2000000030,0.1000000015,0.1000000015,256,256,100,12345,18345,19345,20345,0,0.5978445791,0.5837501649,5
combination_3_run_0,0,WHOLE_FORMULA_UNIFORM,GAUSSIAN_PARAMETER_MUTATION,A.png,9,2,0.2000000030,0.1000000015,0.1000000015,256,256,100,12345,18345,19345,20345,1,0.5959568366,0.5803540766,6
combination_3_run_0,0,WHOLE_FORMULA_UNIFORM,GAUSSIAN_PARAMETER_MUTATION,A.png,9,2,0.2000000030,0.1000000015,0.1000000015,256,256,100,12345,18345,19345,20345,2,0.5953471354,0.5809764604,8
combination_3_run_0,0,WHOLE_FORMULA_UNIFORM,GAUSSIAN_PARAMETER_MUTATION,A.png,9,2,0.2000000030,0.1000000015,0.1000000015,256,256,100,12345,18345,19345,20345,3,0.5867291485,0.5761529380,7
combination_3_run_0,0,WHOLE_FORMULA_UNIFORM,GAUSSIAN_PARAMETER_MUTATION,A.png,9,2,0.2000000030,0.1000000015,0.1000000015,256,256,100,12345,18345,19345,20345,4,0.5869104454,0.5762212618,0
combination_3_run_0,0,WHOLE_FORMULA_UNIFORM,GAUSSIAN_PARAMETER_MUTATION,A.png,9,2,0.2000000030,0.1000000015,0.1000000015,256,256,100,12345,18345,19345,20345,5,0.5918027350,0.5814095288,8
combination_3_run_0,0,WHOLE_FORMULA_UNIFORM,GAUSSIAN_PARAMETER_MUTATION,A.png,9,2,0.2000000030,0.1000000015,0.1000000015,256,256,100,12345,18345,19345,20345,6,0.5937051400,0.5846659397,4
combination_3_run_0,0,WHOLE_FORMULA_UNIFORM,GAUSSIAN_PARAMETER_MUTATION,A.png,9,2,0.2000000030,0.1000000015,0.1000000015,256,256,100,12345,18345,19345,20345,7,0.5976786830,0.5828293179,6
combination_3_run_0,0,WHOLE_FORMULA_UNIFORM,GAUSSIAN_PARAMETER_MUTATION,A.png,9,2,0.2000000030,0.1000000015,0.1000000015,256,256,100,12345,18345,19345,20345,8,0.5966727862,0.5831231129,5
combination_3_run_0,0,WHOLE_FORMULA_UNIFORM,GAUSSIAN_PARAMETER_MUTATION,A.png,9,2,0.2000000030,0.1000000015,0.1000000015,256,256,100,12345,18345,19345,20345,9,0.5937808469,0.5813337213,8
combination_3_run_0,0,WHOLE_FORMULA_UNIFORM,GAUSSIAN_PARAMETER_MUTATION,A.png,9,2,0.2000000030,0.1000000015,0.1000000015,256,256,100,12345,18345,19345,20345,10,0.5912211739,0.5823240342,7
combination_3_run_0,0,WHOLE_FORMULA_UNIFORM,GAUSSIAN_PARAMETER_MUTATION,A.png,9,2,0.2000000030,0.1000000015,0.1000000015,256,256,100,12345,18345,19345,20345,11,0.5894040682,0.5801928418,5
combination_3_run_0,0,WHOLE_FORMULA_UNIFORM,GAUSSIAN_PARAMETER_MUTATION,A.png,9,2,0.2000000030,0.1000000015,0.1000000015,256,256,100,12345,18345,19345,20345,12,0.5942175967,0.5832513633,8
combination_3_run_0,0,WHOLE_FORMULA_UNIFORM,GAUSSIAN_PARAMETER_MUTATION,A.png,9,2,0.2000000030,0.1000000015,0.1000000015,256,256,100,12345,18345,19345,20345,13,0.5965342862,0.5837924186,2
combination_3_run_0,0,WHOLE_FORMULA_UNIFORM,GAUSSIAN_PARAMETER_MUTATION,A.png,9,2,0.2000000030,0.1000000015,0.1000000015,256,256,100,12345,18345,19345,20345,14,0.5976764193,0.5849948651,1
combination_3_run_0,0,WHOLE_FORMULA_UNIFORM,GAUSSIAN_PARAMETER_MUTATION,A.png,9,2,0.2000000030,0.1000000015,0.1000000015,256,256,100,12345,18345,19345,20345,15,0.5986702298,0.5850230176,3
combination_3_run_0,0,WHOLE_FORMULA_UNIFORM,GAUSSIAN_PARAMETER_MUTATION,A.png,9,2,0.2000000030,0.1000000015,0.1000000015,256,256,100,12345,18345,19345,20345,16,0.5988789631,0.5835825361,7
combination_3_run_0,0,WHOLE_FORMULA_UNIFORM,GAUSSIAN_PARAMETER_MUTATION,A.png,9,2,0.2000000030,0.1000000015,0.1000000015,256,256,100,12345,18345,19345,20345,17,0.5873850597,0.5836043022,0
combination_3_run_0,0,WHOLE_FORMULA_UNIFORM,GAUSSIAN_PARAMETER_MUTATION,A.png,9,2,0.2000000030,0.1000000015,0.1000000015,256,256,100,12345,18345,19345,20345,18,0.5917453578,0.5823691400,5
combination_3_run_0,0,WHOLE_FORMULA_UNIFORM,GAUSSIAN_PARAMETER_MUTATION,A.png,9,2,0.2000000030,0.1000000015,0.1000000015,256,256,100,12345,18345,19345,20345,19,0.5907365083,0.5801543541,0
combination_3_run_0,0,WHOLE_FORMULA_UNIFORM,GAUSSIAN_PARAMETER_MUTATION,A.png,9,2,0.2000000030,0.1000000015,0.1000000015,256,256,100,12345,18345,19345,20345,20,0.5924958483,0.5803998513,4
combination_3_run_0,0,WHOLE_FORMULA_UNIFORM,GAUSSIAN_PARAMETER_MUTATION,A.png,9,2,0.2000000030,0.1000000015,0.1000000015,256,256,100,12345,18345,19345,20345,21,0.5914550795,0.5833142597,5
combination_3_run_0,0,WHOLE_FORMULA_UNIFORM,GAUSSIAN_PARAMETER_MUTATION,A.png,9,2,0.2000000030,0.1000000015,0.1000000015,256,256,100,12345,18345,19345,20345,22,0.5892596514,0.5802223417,6
combination_3_run_0,0,WHOLE_FORMULA_UNIFORM,GAUSSIAN_PARAMETER_MUTATION,A.png,9,2,0.2000000030,0.1000000015,0.1000000015,256,256,100,12345,18345,19345,20345,23,0.5945409067,0.5841473210,8
combination_3_run_0,0,WHOLE_FORMULA_UNIFORM,GAUSSIAN_PARAMETER_MUTATION,A.png,9,2,0.2000000030,0.1000000015,0.1000000015,256,256,100,12345,18345,19345,20345,24,0.5935673303,0.5817137839,4
combination_3_run_0,0,WHOLE_FORMULA_UNIFORM,GAUSSIAN_PARAMETER_MUTATION,A.png,9,2,0.2000000030,0.1000000015,0.1000000015,256,256,100,12345,18345,19345,20345,25,0.5909089812,0.5813005680,6
combination_3_run_0,0,WHOLE_FORMULA_UNIFORM,GAUSSIAN_PARAMETER_MUTATION,A.png,9,2,0.2000000030,0.1000000015,0.1000000015,256,256,100,12345,18345,19345,20345,26,0.5876586427,0.5829613952,3
combination_3_run_0,0,WHOLE_FORMULA_UNIFORM,GAUSSIAN_PARAMETER_MUTATION,A.png,9,2,0.2000000030,0.1000000015,0.1000000015,256,256,100,12345,18345,19345,20345,27,0.5859780337,0.5838084378,4
combination_3_run_0,0,WHOLE_FORMULA_UNIFORM,GAUSSIAN_PARAMETER_MUTATION,A.png,9,2,0.2000000030,0.1000000015,0.1000000015,256,256,100,12345,18345,19345,20345,28,0.5880609101,0.5827656270,3
combination_3_run_0,0,WHOLE_FORMULA_UNIFORM,GAUSSIAN_PARAMETER_MUTATION,A.png,9,2,0.2000000030,0.1000000015,0.1000000015,256,256,100,12345,18345,19345,20345,29,0.5849356901,0.5787908949,7
combination_3_run_0,0,WHOLE_FORMULA_UNIFORM,GAUSSIAN_PARAMETER_MUTATION,A.png,9,2,0.2000000030,0.1000000015,0.1000000015,256,256,100,12345,18345,19345,20345,30,0.5876192472,0.5800600391,3
combination_3_run_0,0,WHOLE_FORMULA_UNIFORM,GAUSSIAN_PARAMETER_MUTATION,A.png,9,2,0.2000000030,0.1000000015,0.1000000015,256,256,100,12345,18345,19345,20345,31,0.5840308745,0.5804200736,3
combination_3_run_0,0,WHOLE_FORMULA_UNIFORM,GAUSSIAN_PARAMETER_MUTATION,A.png,9,2,0.2000000030,0.1000000015,0.1000000015,256,256,100,12345,18345,19345,20345,32,0.5848897484,0.5769210853,0
combination_3_run_0,0,WHOLE_FORMULA_UNIFORM,GAUSSIAN_PARAMETER_MUTATION,A.png,9,2,0.2000000030,0.1000000015,0.1000000015,256,256,100,12345,18345,19345,20345,33,0.5805965441,0.5771091114,2
combination_3_run_0,0,WHOLE_FORMULA_UNIFORM,GAUSSIAN_PARAMETER_MUTATION,A.png,9,2,0.2000000030,0.1000000015,0.1000000015,256,256,100,12345,18345,19345,20345,34,0.5823882937,0.5762344338,0
combination_3_run_0,0,WHOLE_FORMULA_UNIFORM,GAUSSIAN_PARAMETER_MUTATION,A.png,9,2,0.2000000030,0.1000000015,0.1000000015,256,256,100,12345,18345,19345,20345,35,0.5837860752,0.5758594273,0
combination_3_run_0,0,WHOLE_FORMULA_UNIFORM,GAUSSIAN_PARAMETER_MUTATION,A.png,9,2,0.2000000030,0.1000000015,0.1000000015,256,256,100,12345,18345,19345,20345,36,0.5792585319,0.5723051444,5
combination_3_run_0,0,WHOLE_FORMULA_UNIFORM,GAUSSIAN_PARAMETER_MUTATION,A.png,9,2,0.2000000030,0.1000000015,0.1000000015,256,256,100,12345,18345,19345,20345,37,0.5772631907,0.5717809366,1
combination_3_run_0,0,WHOLE_FORMULA_UNIFORM,GAUSSIAN_PARAMETER_MUTATION,A.png,9,2,0.2000000030,0.1000000015,0.1000000015,256,256,100,12345,18345,19345,20345,38,0.5801873032,0.5731312450,0
combination_3_run_0,0,WHOLE_FORMULA_UNIFORM,GAUSSIAN_PARAMETER_MUTATION,A.png,9,2,0.2000000030,0.1000000015,0.1000000015,256,256,100,12345,18345,19345,20345,39,0.5842003568,0.5759466447,0
combination_3_run_0,0,WHOLE_FORMULA_UNIFORM,GAUSSIAN_PARAMETER_MUTATION,A.png,9,2,0.2000000030,0.1000000015,0.1000000015,256,256,100,12345,18345,19345,20345,40,0.5880886919,0.5786332264,4
combination_3_run_0,0,WHOLE_FORMULA_UNIFORM,GAUSSIAN_PARAMETER_MUTATION,A.png,9,2,0.2000000030,0.1000000015,0.1000000015,256,256,100,12345,18345,19345,20345,41,0.5894846486,0.5777972553,1
combination_3_run_0,0,WHOLE_FORMULA_UNIFORM,GAUSSIAN_PARAMETER_MUTATION,A.png,9,2,0.2000000030,0.1000000015,0.1000000015,256,256,100,12345,18345,19345,20345,42,0.5943004809,0.5780282552,4
combination_3_run_0,0,WHOLE_FORMULA_UNIFORM,GAUSSIAN_PARAMETER_MUTATION,A.png,9,2,0.2000000030,0.1000000015,0.1000000015,256,256,100,12345,18345,19345,20345,43,0.5882202399,0.5769170019,0
combination_3_run_0,0,WHOLE_FORMULA_UNIFORM,GAUSSIAN_PARAMETER_MUTATION,A.png,9,2,0.2000000030,0.1000000015,0.1000000015,256,256,100,12345,18345,19345,20345,44,0.5886817527,0.5796840396,5
combination_3_run_0,0,WHOLE_FORMULA_UNIFORM,GAUSSIAN_PARAMETER_MUTATION,A.png,9,2,0.2000000030,0.1000000015,0.1000000015,256,256,100,12345,18345,19345,20345,45,0.5914556234,0.5801178125,0
combination_3_run_0,0,WHOLE_FORMULA_UNIFORM,GAUSSIAN_PARAMETER_MUTATION,A.png,9,2,0.2000000030,0.1000000015,0.1000000015,256,256,100,12345,18345,19345,20345,46,0.5900475859,0.5794113460,2
combination_3_run_0,0,WHOLE_FORMULA_UNIFORM,GAUSSIAN_PARAMETER_MUTATION,A.png,9,2,0.2000000030,0.1000000015,0.1000000015,256,256,100,12345,18345,19345,20345,47,0.5912207198,0.5802197783,1
combination_3_run_0,0,WHOLE_FORMULA_UNIFORM,GAUSSIAN_PARAMETER_MUTATION,A.png,9,2,0.2000000030,0.1000000015,0.1000000015,256,256,100,12345,18345,19345,20345,48,0.5904169940,0.5811195443,7
combination_3_run_0,0,WHOLE_FORMULA_UNIFORM,GAUSSIAN_PARAMETER_MUTATION,A.png,9,2,0.2000000030,0.1000000015,0.1000000015,256,256,100,12345,18345,19345,20345,49,0.5898332886,0.5827764631,2
combination_3_run_0,0,WHOLE_FORMULA_UNIFORM,GAUSSIAN_PARAMETER_MUTATION,A.png,9,2,0.2000000030,0.1000000015,0.1000000015,256,256,100,12345,18345,19345,20345,50,0.5903547496,0.5798975723,8
combination_3_run_0,0,WHOLE_FORMULA_UNIFORM,GAUSSIAN_PARAMETER_MUTATION,A.png,9,2,0.2000000030,0.1000000015,0.1000000015,256,256,100,12345,18345,19345,20345,51,0.5936070770,0.5845385255,0
combination_3_run_0,0,WHOLE_FORMULA_UNIFORM,GAUSSIAN_PARAMETER_MUTATION,A.png,9,2,0.2000000030,0.1000000015,0.1000000015,256,256,100,12345,18345,19345,20345,52,0.5936070770,0.5861933277,1
combination_3_run_0,0,WHOLE_FORMULA_UNIFORM,GAUSSIAN_PARAMETER_MUTATION,A.png,9,2,0.2000000030,0.1000000015,0.1000000015,256,256,100,12345,18345,19345,20345,53,0.5982870776,0.5871430222,5
combination_3_run_0,0,WHOLE_FORMULA_UNIFORM,GAUSSIAN_PARAMETER_MUTATION,A.png,9,2,0.2000000030,0.1000000015,0.1000000015,256,256,100,12345,18345,19345,20345,54,0.5919274341,0.5837883992,8
combination_3_run_0,0,WHOLE_FORMULA_UNIFORM,GAUSSIAN_PARAMETER_MUTATION,A.png,9,2,0.2000000030,0.1000000015,0.1000000015,256,256,100,12345,18345,19345,20345,55,0.5890655919,0.5818247719,6
combination_3_run_0,0,WHOLE_FORMULA_UNIFORM,GAUSSIAN_PARAMETER_MUTATION,A.png,9,2,0.2000000030,0.1000000015,0.1000000015,256,256,100,12345,18345,19345,20345,56,0.5911005081,0.5767496104,4
combination_3_run_0,0,WHOLE_FORMULA_UNIFORM,GAUSSIAN_PARAMETER_MUTATION,A.png,9,2,0.2000000030,0.1000000015,0.1000000015,256,256,100,12345,18345,19345,20345,57,0.5911005081,0.5782957027,2
combination_3_run_0,0,WHOLE_FORMULA_UNIFORM,GAUSSIAN_PARAMETER_MUTATION,A.png,9,2,0.2000000030,0.1000000015,0.1000000015,256,256,100,12345,18345,19345,20345,58,0.5932234576,0.5824646916,1
combination_3_run_0,0,WHOLE_FORMULA_UNIFORM,GAUSSIAN_PARAMETER_MUTATION,A.png,9,2,0.2000000030,0.1000000015,0.1000000015,256,256,100,12345,18345,19345,20345,59,0.5911005081,0.5820154551,8
combination_3_run_0,0,WHOLE_FORMULA_UNIFORM,GAUSSIAN_PARAMETER_MUTATION,A.png,9,2,0.2000000030,0.1000000015,0.1000000015,256,256,100,12345,18345,19345,20345,60,0.5907110537,0.5820268089,5
combination_3_run_0,0,WHOLE_FORMULA_UNIFORM,GAUSSIAN_PARAMETER_MUTATION,A.png,9,2,0.2000000030,0.1000000015,0.1000000015,256,256,100,12345,18345,19345,20345,61,0.5910083842,0.5831625233,0
combination_3_run_0,0,WHOLE_FORMULA_UNIFORM,GAUSSIAN_PARAMETER_MUTATION,A.png,9,2,0.2000000030,0.1000000015,0.1000000015,256,256,100,12345,18345,19345,20345,62,0.5922379366,0.5828646833,7
combination_3_run_0,0,WHOLE_FORMULA_UNIFORM,GAUSSIAN_PARAMETER_MUTATION,A.png,9,2,0.2000000030,0.1000000015,0.1000000015,256,256,100,12345,18345,19345,20345,63,0.5888034772,0.5831552341,3
combination_3_run_0,0,WHOLE_FORMULA_UNIFORM,GAUSSIAN_PARAMETER_MUTATION,A.png,9,2,0.2000000030,0.1000000015,0.1000000015,256,256,100,12345,18345,19345,20345,64,0.5857049857,0.5817019758,6
combination_3_run_0,0,WHOLE_FORMULA_UNIFORM,GAUSSIAN_PARAMETER_MUTATION,A.png,9,2,0.2000000030,0.1000000015,0.1000000015,256,256,100,12345,18345,19345,20345,65,0.5872350975,0.5788835920,5
combination_3_run_0,0,WHOLE_FORMULA_UNIFORM,GAUSSIAN_PARAMETER_MUTATION,A.png,9,2,0.2000000030,0.1000000015,0.1000000015,256,256,100,12345,18345,19345,20345,66,0.5863473211,0.5757007408,8
combination_3_run_0,0,WHOLE_FORMULA_UNIFORM,GAUSSIAN_PARAMETER_MUTATION,A.png,9,2,0.2000000030,0.1000000015,0.1000000015,256,256,100,12345,18345,19345,20345,67,0.5881671165,0.5728106331,7
combination_3_run_0,0,WHOLE_FORMULA_UNIFORM,GAUSSIAN_PARAMETER_MUTATION,A.png,9,2,0.2000000030,0.1000000015,0.1000000015,256,256,100,12345,18345,19345,20345,68,0.5881671165,0.5802826640,1
combination_3_run_0,0,WHOLE_FORMULA_UNIFORM,GAUSSIAN_PARAMETER_MUTATION,A.png,9,2,0.2000000030,0.1000000015,0.1000000015,256,256,100,12345,18345,19345,20345,69,0.5886660706,0.5817126647,2
combination_3_run_0,0,WHOLE_FORMULA_UNIFORM,GAUSSIAN_PARAMETER_MUTATION,A.png,9,2,0.2000000030,0.1000000015,0.1000000015,256,256,100,12345,18345,19345,20345,70,0.5871290007,0.5815215998,1
combination_3_run_0,0,WHOLE_FORMULA_UNIFORM,GAUSSIAN_PARAMETER_MUTATION,A.png,9,2,0.2000000030,0.1000000015,0.1000000015,256,256,100,12345,18345,19345,20345,71,0.5875411336,0.5830405242,5
combination_3_run_0,0,WHOLE_FORMULA_UNIFORM,GAUSSIAN_PARAMETER_MUTATION,A.png,9,2,0.2000000030,0.1000000015,0.1000000015,256,256,100,12345,18345,19345,20345,72,0.5897684837,0.5849515872,5
combination_3_run_0,0,WHOLE_FORMULA_UNIFORM,GAUSSIAN_PARAMETER_MUTATION,A.png,9,2,0.2000000030,0.1000000015,0.1000000015,256,256,100,12345,18345,19345,20345,73,0.5886051264,0.5845867439,5
combination_3_run_0,0,WHOLE_FORMULA_UNIFORM,GAUSSIAN_PARAMETER_MUTATION,A.png,9,2,0.2000000030,0.1000000015,0.1000000015,256,256,100,12345,18345,19345,20345,74,0.5936578327,0.5851265426,2
combination_3_run_0,0,WHOLE_FORMULA_UNIFORM,GAUSSIAN_PARAMETER_MUTATION,A.png,9,2,0.2000000030,0.1000000015,0.1000000015,256,256,100,12345,18345,19345,20345,75,0.5921692009,0.5859167422,6
combination_3_run_0,0,WHOLE_FORMULA_UNIFORM,GAUSSIAN_PARAMETER_MUTATION,A.png,9,2,0.2000000030,0.1000000015,0.1000000015,256,256,100,12345,18345,19345,20345,76,0.5915207618,0.5863978660,1
combination_3_run_0,0,WHOLE_FORMULA_UNIFORM,GAUSSIAN_PARAMETER_MUTATION,A.png,9,2,0.2000000030,0.1000000015,0.1000000015,256,256,100,12345,18345,19345,20345,77,0.5936578327,0.5867990116,1
combination_3_run_0,0,WHOLE_FORMULA_UNIFORM,GAUSSIAN_PARAMETER_MUTATION,A.png,9,2,0.2000000030,0.1000000015,0.1000000015,256,256,100,12345,18345,19345,20345,78,0.5936578327,0.5862565973,4
combination_3_run_0,0,WHOLE_FORMULA_UNIFORM,GAUSSIAN_PARAMETER_MUTATION,A.png,9,2,0.2000000030,0.1000000015,0.1000000015,256,256,100,12345,18345,19345,20345,79,0.5931535696,0.5879281904,0
combination_3_run_0,0,WHOLE_FORMULA_UNIFORM,GAUSSIAN_PARAMETER_MUTATION,A.png,9,2,0.2000000030,0.1000000015,0.1000000015,256,256,100,12345,18345,19345,20345,80,0.5954907916,0.5882609620,0
combination_3_run_0,0,WHOLE_FORMULA_UNIFORM,GAUSSIAN_PARAMETER_MUTATION,A.png,9,2,0.2000000030,0.1000000015,0.1000000015,256,256,100,12345,18345,19345,20345,81,0.5943084578,0.5868242354,1
combination_3_run_0,0,WHOLE_FORMULA_UNIFORM,GAUSSIAN_PARAMETER_MUTATION,A.png,9,2,0.2000000030,0.1000000015,0.1000000015,256,256,100,12345,18345,19345,20345,82,0.5924019570,0.5859489128,0
combination_3_run_0,0,WHOLE_FORMULA_UNIFORM,GAUSSIAN_PARAMETER_MUTATION,A.png,9,2,0.2000000030,0.1000000015,0.1000000015,256,256,100,12345,18345,19345,20345,83,0.5909109283,0.5841943107,6
combination_3_run_0,0,WHOLE_FORMULA_UNIFORM,GAUSSIAN_PARAMETER_MUTATION,A.png,9,2,0.2000000030,0.1000000015,0.1000000015,256,256,100,12345,18345,19345,20345,84,0.5914180227,0.5824590770,3
combination_3_run_0,0,WHOLE_FORMULA_UNIFORM,GAUSSIAN_PARAMETER_MUTATION,A.png,9,2,0.2000000030,0.1000000015,0.1000000015,256,256,100,12345,18345,19345,20345,85,0.5902540960,0.5816311483,1
combination_3_run_0,0,WHOLE_FORMULA_UNIFORM,GAUSSIAN_PARAMETER_MUTATION,A.png,9,2,0.2000000030,0.1000000015,0.1000000015,256,256,100,12345,18345,19345,20345,86,0.5882784584,0.5823374652,3
combination_3_run_0,0,WHOLE_FORMULA_UNIFORM,GAUSSIAN_PARAMETER_MUTATION,A.png,9,2,0.2000000030,0.1000000015,0.1000000015,256,256,100,12345,18345,19345,20345,87,0.5894437541,0.5838205449,1
combination_3_run_0,0,WHOLE_FORMULA_UNIFORM,GAUSSIAN_PARAMETER_MUTATION,A.png,9,2,0.2000000030,0.1000000015,0.1000000015,256,256,100,12345,18345,19345,20345,88,0.5912193438,0.5837412386,1
combination_3_run_0,0,WHOLE_FORMULA_UNIFORM,GAUSSIAN_PARAMETER_MUTATION,A.png,9,2,0.2000000030,0.1000000015,0.1000000015,256,256,100,12345,18345,19345,20345,89,0.5933262122,0.5857861144,3
combination_3_run_0,0,WHOLE_FORMULA_UNIFORM,GAUSSIAN_PARAMETER_MUTATION,A.png,9,2,0.2000000030,0.1000000015,0.1000000015,256,256,100,12345,18345,19345,20345,90,0.5948375884,0.5861718939,2
combination_3_run_0,0,WHOLE_FORMULA_UNIFORM,GAUSSIAN_PARAMETER_MUTATION,A.png,9,2,0.2000000030,0.1000000015,0.1000000015,256,256,100,12345,18345,19345,20345,91,0.5900644440,0.5846137634,2
combination_3_run_0,0,WHOLE_FORMULA_UNIFORM,GAUSSIAN_PARAMETER_MUTATION,A.png,9,2,0.2000000030,0.1000000015,0.1000000015,256,256,100,12345,18345,19345,20345,92,0.5906222480,0.5862389889,4
combination_3_run_0,0,WHOLE_FORMULA_UNIFORM,GAUSSIAN_PARAMETER_MUTATION,A.png,9,2,0.2000000030,0.1000000015,0.1000000015,256,256,100,12345,18345,19345,20345,93,0.5932594921,0.5835870345,1
combination_3_run_0,0,WHOLE_FORMULA_UNIFORM,GAUSSIAN_PARAMETER_MUTATION,A.png,9,2,0.2000000030,0.1000000015,0.1000000015,256,256,100,12345,18345,19345,20345,94,0.5892840997,0.5813058921,5
combination_3_run_0,0,WHOLE_FORMULA_UNIFORM,GAUSSIAN_PARAMETER_MUTATION,A.png,9,2,0.2000000030,0.1000000015,0.1000000015,256,256,100,12345,18345,19345,20345,95,0.5933660013,0.5843763641,4
combination_3_run_0,0,WHOLE_FORMULA_UNIFORM,GAUSSIAN_PARAMETER_MUTATION,A.png,9,2,0.2000000030,0.1000000015,0.1000000015,256,256,100,12345,18345,19345,20345,96,0.5924866956,0.5839032146,5
combination_3_run_0,0,WHOLE_FORMULA_UNIFORM,GAUSSIAN_PARAMETER_MUTATION,A.png,9,2,0.2000000030,0.1000000015,0.1000000015,256,256,100,12345,18345,19345,20345,97,0.5910123136,0.5840855699,3
combination_3_run_0,0,WHOLE_FORMULA_UNIFORM,GAUSSIAN_PARAMETER_MUTATION,A.png,9,2,0.2000000030,0.1000000015,0.1000000015,256,256,100,12345,18345,19345,20345,98,0.5905423451,0.5842602574,0
combination_3_run_0,0,WHOLE_FORMULA_UNIFORM,GAUSSIAN_PARAMETER_MUTATION,A.png,9,2,0.2000000030,0.1000000015,0.1000000015,256,256,100,12345,18345,19345,20345,99,0.5935994210,0.5848757770,4
combination_3_run_0,0,WHOLE_FORMULA_UNIFORM,GAUSSIAN_PARAMETER_MUTATION,A.png,9,2,0.2000000030,0.1000000015,0.1000000015,256,256,100,12345,18345,19345,20345,100,0.5861678173,0.5816814027,4
combination_3_run_1,1,WHOLE_FORMULA_UNIFORM,GAUSSIAN_PARAMETER_MUTATION,A.png,9,2,0.2000000030,0.1000000015,0.1000000015,256,256,100,112345,118345,119345,120345,0,0.6108660754,0.5915035875,0
combination_3_run_1,1,WHOLE_FORMULA_UNIFORM,GAUSSIAN_PARAMETER_MUTATION,A.png,9,2,0.2000000030,0.1000000015,0.1000000015,256,256,100,112345,118345,119345,120345,1,0.6038720501,0.5908678932,4
combination_3_run_1,1,WHOLE_FORMULA_UNIFORM,GAUSSIAN_PARAMETER_MUTATION,A.png,9,2,0.2000000030,0.1000000015,0.1000000015,256,256,100,112345,118345,119345,120345,2,0.6045221408,0.5846280371,0
combination_3_run_1,1,WHOLE_FORMULA_UNIFORM,GAUSSIAN_PARAMETER_MUTATION,A.png,9,2,0.2000000030,0.1000000015,0.1000000015,256,256,100,112345,118345,119345,120345,3,0.6039614034,0.5904711951,0
combination_3_run_1,1,WHOLE_FORMULA_UNIFORM,GAUSSIAN_PARAMETER_MUTATION,A.png,9,2,0.2000000030,0.1000000015,0.1000000015,256,256,100,112345,118345,119345,120345,4,0.6040715867,0.5894407837,1
combination_3_run_1,1,WHOLE_FORMULA_UNIFORM,GAUSSIAN_PARAMETER_MUTATION,A.png,9,2,0.2000000030,0.1000000015,0.1000000015,256,256,100,112345,118345,119345,120345,5,0.6029242194,0.5858753322,2
combination_3_run_1,1,WHOLE_FORMULA_UNIFORM,GAUSSIAN_PARAMETER_MUTATION,A.png,9,2,0.2000000030,0.1000000015,0.1000000015,256,256,100,112345,118345,119345,120345,6,0.6026536166,0.5915816760,0
combination_3_run_1,1,WHOLE_FORMULA_UNIFORM,GAUSSIAN_PARAMETER_MUTATION,A.png,9,2,0.2000000030,0.1000000015,0.1000000015,256,256,100,112345,118345,119345,120345,7,0.6024118012,0.5982741798,6
combination_3_run_1,1,WHOLE_FORMULA_UNIFORM,GAUSSIAN_PARAMETER_MUTATION,A.png,9,2,0.2000000030,0.1000000015,0.1000000015,256,256,100,112345,118345,119345,120345,8,0.6060024952,0.5996287683,0
combination_3_run_1,1,WHOLE_FORMULA_UNIFORM,GAUSSIAN_PARAMETER_MUTATION,A.png,9,2,0.2000000030,0.1000000015,0.1000000015,256,256,100,112345,118345,119345,120345,9,0.6047890427,0.5994652323,4
combination_3_run_1,1,WHOLE_FORMULA_UNIFORM,GAUSSIAN_PARAMETER_MUTATION,A.png,9,2,0.2000000030,0.1000000015,0.1000000015,256,256,100,112345,118345,119345,120345,10,0.6048259395,0.6006328274,7
combination_3_run_1,1,WHOLE_FORMULA_UNIFORM,GAUSSIAN_PARAMETER_MUTATION,A.png,9,2,0.2000000030,0.1000000015,0.1000000015,256,256,100,112345,118345,119345,120345,11,0.6034751222,0.5994907638,8
combination_3_run_1,1,WHOLE_FORMULA_UNIFORM,GAUSSIAN_PARAMETER_MUTATION,A.png,9,2,0.2000000030,0.1000000015,0.1000000015,256,256,100,112345,118345,119345,120345,12,0.6041211278,0.6013876597,7
combination_3_run_1,1,WHOLE_FORMULA_UNIFORM,GAUSSIAN_PARAMETER_MUTATION,A.png,9,2,0.2000000030,0.1000000015,0.1000000015,256,256,100,112345,118345,119345,120345,13,0.6055685231,0.5990981077,7
combination_3_run_1,1,WHOLE_FORMULA_UNIFORM,GAUSSIAN_PARAMETER_MUTATION,A.png,9,2,0.2000000030,0.1000000015,0.1000000015,256,256,100,112345,118345,119345,120345,14,0.6079117225,0.5991968015,3
combination_3_run_1,1,WHOLE_FORMULA_UNIFORM,GAUSSIAN_PARAMETER_MUTATION,A.png,9,2,0.2000000030,0.1000000015,0.1000000015,256,256,100,112345,118345,119345,120345,15,0.6053587436,0.6022401701,1
combination_3_run_1,1,WHOLE_FORMULA_UNIFORM,GAUSSIAN_PARAMETER_MUTATION,A.png,9,2,0.2000000030,0.1000000015,0.1000000015,256,256,100,112345,118345,119345,120345,16,0.6082959435,0.6029898614,6
combination_3_run_1,1,WHOLE_FORMULA_UNIFORM,GAUSSIAN_PARAMETER_MUTATION,A.png,9,2,0.2000000030,0.1000000015,0.1000000015,256,256,100,112345,118345,119345,120345,17,0.6087285017,0.6037233591,5
combination_3_run_1,1,WHOLE_FORMULA_UNIFORM,GAUSSIAN_PARAMETER_MUTATION,A.png,9,2,0.2000000030,0.1000000015,0.1000000015,256,256,100,112345,118345,119345,120345,18,0.6073513506,0.6029813322,7
combination_3_run_1,1,WHOLE_FORMULA_UNIFORM,GAUSSIAN_PARAMETER_MUTATION,A.png,9,2,0.2000000030,0.1000000015,0.1000000015,256,256,100,112345,118345,119345,120345,19,0.6049157146,0.6022185872,4
combination_3_run_1,1,WHOLE_FORMULA_UNIFORM,GAUSSIAN_PARAMETER_MUTATION,A.png,9,2,0.2000000030,0.1000000015,0.1000000015,256,256,100,112345,118345,119345,120345,20,0.6054157367,0.6016351511,5
combination_3_run_1,1,WHOLE_FORMULA_UNIFORM,GAUSSIAN_PARAMETER_MUTATION,A.png,9,2,0.2000000030,0.1000000015,0.1000000015,256,256,100,112345,118345,119345,120345,21,0.6077270078,0.6016072216,1
combination_3_run_1,1,WHOLE_FORMULA_UNIFORM,GAUSSIAN_PARAMETER_MUTATION,A.png,9,2,0.2000000030,0.1000000015,0.1000000015,256,256,100,112345,118345,119345,120345,22,0.6081601830,0.6026708490,5
combination_3_run_1,1,WHOLE_FORMULA_UNIFORM,GAUSSIAN_PARAMETER_MUTATION,A.png,9,2,0.2000000030,0.1000000015,0.1000000015,256,256,100,112345,118345,119345,120345,23,0.6075426973,0.6043356262,4
combination_3_run_1,1,WHOLE_FORMULA_UNIFORM,GAUSSIAN_PARAMETER_MUTATION,A.png,9,2,0.2000000030,0.1000000015,0.1000000015,256,256,100,112345,118345,119345,120345,24,0.6074976725,0.6027010635,8
combination_3_run_1,1,WHOLE_FORMULA_UNIFORM,GAUSSIAN_PARAMETER_MUTATION,A.png,9,2,0.2000000030,0.1000000015,0.1000000015,256,256,100,112345,118345,119345,120345,25,0.6078350020,0.6027587101,7
combination_3_run_1,1,WHOLE_FORMULA_UNIFORM,GAUSSIAN_PARAMETER_MUTATION,A.png,9,2,0.2000000030,0.1000000015,0.1000000015,256,256,100,112345,118345,119345,120345,26,0.6083229715,0.6032270008,1
combination_3_run_1,1,WHOLE_FORMULA_UNIFORM,GAUSSIAN_PARAMETER_MUTATION,A.png,9,2,0.2000000030,0.1000000015,0.1000000015,256,256,100,112345,118345,119345,120345,27,0.6081660343,0.6010538078,8
combination_3_run_1,1,WHOLE_FORMULA_UNIFORM,GAUSSIAN_PARAMETER_MUTATION,A.png,9,2,0.2000000030,0.1000000015,0.1000000015,256,256,100,112345,118345,119345,120345,28,0.6076899336,0.6014865350,8
combination_3_run_1,1,WHOLE_FORMULA_UNIFORM,GAUSSIAN_PARAMETER_MUTATION,A.png,9,2,0.2000000030,0.1000000015,0.1000000015,256,256,100,112345,118345,119345,120345,29,0.6023409116,0.5996481822,8
combination_3_run_1,1,WHOLE_FORMULA_UNIFORM,GAUSSIAN_PARAMETER_MUTATION,A.png,9,2,0.2000000030,0.1000000015,0.1000000015,256,256,100,112345,118345,119345,120345,30,0.6013574225,0.5981531185,6
combination_3_run_1,1,WHOLE_FORMULA_UNIFORM,GAUSSIAN_PARAMETER_MUTATION,A.png,9,2,0.2000000030,0.1000000015,0.1000000015,256,256,100,112345,118345,119345,120345,31,0.6018794834,0.5977004147,0
combination_3_run_1,1,WHOLE_FORMULA_UNIFORM,GAUSSIAN_PARAMETER_MUTATION,A.png,9,2,0.2000000030,0.1000000015,0.1000000015,256,256,100,112345,118345,119345,120345,32,0.6014535023,0.5966815158,3
combination_3_run_1,1,WHOLE_FORMULA_UNIFORM,GAUSSIAN_PARAMETER_MUTATION,A.png,9,2,0.2000000030,0.1000000015,0.1000000015,256,256,100,112345,118345,119345,120345,33,0.6006613203,0.5968787303,2
combination_3_run_1,1,WHOLE_FORMULA_UNIFORM,GAUSSIAN_PARAMETER_MUTATION,A.png,9,2,0.2000000030,0.1000000015,0.1000000015,256,256,100,112345,118345,119345,120345,34,0.6079255338,0.5977824217,5
combination_3_run_1,1,WHOLE_FORMULA_UNIFORM,GAUSSIAN_PARAMETER_MUTATION,A.png,9,2,0.2000000030,0.1000000015,0.1000000015,256,256,100,112345,118345,119345,120345,35,0.6023089596,0.5958832575,6
combination_3_run_1,1,WHOLE_FORMULA_UNIFORM,GAUSSIAN_PARAMETER_MUTATION,A.png,9,2,0.2000000030,0.1000000015,0.1000000015,256,256,100,112345,118345,119345,120345,36,0.6038520982,0.5949374742,0
combination_3_run_1,1,WHOLE_FORMULA_UNIFORM,GAUSSIAN_PARAMETER_MUTATION,A.png,9,2,0.2000000030,0.1000000015,0.1000000015,256,256,100,112345,118345,119345,120345,37,0.6014742165,0.5953711620,1
combination_3_run_1,1,WHOLE_FORMULA_UNIFORM,GAUSSIAN_PARAMETER_MUTATION,A.png,9,2,0.2000000030,0.1000000015,0.1000000015,256,256,100,112345,118345,119345,120345,38,0.6015501216,0.5949453224,7
combination_3_run_1,1,WHOLE_FORMULA_UNIFORM,GAUSSIAN_PARAMETER_MUTATION,A.png,9,2,0.2000000030,0.1000000015,0.1000000015,256,256,100,112345,118345,119345,120345,39,0.6062975378,0.5957713073,8
combination_3_run_1,1,WHOLE_FORMULA_UNIFORM,GAUSSIAN_PARAMETER_MUTATION,A.png,9,2,0.2000000030,0.1000000015,0.1000000015,256,256,100,112345,118345,119345,120345,40,0.6067224260,0.5948244943,3
combination_3_run_1,1,WHOLE_FORMULA_UNIFORM,GAUSSIAN_PARAMETER_MUTATION,A.png,9,2,0.2000000030,0.1000000015,0.1000000015,256,256,100,112345,118345,119345,120345,41,0.5969579728,0.5927656230,2
combination_3_run_1,1,WHOLE_FORMULA_UNIFORM,GAUSSIAN_PARAMETER_MUTATION,A.png,9,2,0.2000000030,0.1000000015,0.1000000015,256,256,100,112345,118345,119345,120345,42,0.6014873427,0.5923937281,2
combination_3_run_1,1,WHOLE_FORMULA_UNIFORM,GAUSSIAN_PARAMETER_MUTATION,A.png,9,2,0.2000000030,0.1000000015,0.1000000015,256,256,100,112345,118345,119345,120345,43,0.6002647607,0.5937871289,0
combination_3_run_1,1,WHOLE_FORMULA_UNIFORM,GAUSSIAN_PARAMETER_MUTATION,A.png,9,2,0.2000000030,0.1000000015,0.1000000015,256,256,100,112345,118345,119345,120345,44,0.6004585345,0.5944531192,1
combination_3_run_1,1,WHOLE_FORMULA_UNIFORM,GAUSSIAN_PARAMETER_MUTATION,A.png,9,2,0.2000000030,0.1000000015,0.1000000015,256,256,100,112345,118345,119345,120345,45,0.6002776570,0.5938463421,6
combination_3_run_1,1,WHOLE_FORMULA_UNIFORM,GAUSSIAN_PARAMETER_MUTATION,A.png,9,2,0.2000000030,0.1000000015,0.1000000015,256,256,100,112345,118345,119345,120345,46,0.5998879528,0.5935900400,7
combination_3_run_1,1,WHOLE_FORMULA_UNIFORM,GAUSSIAN_PARAMETER_MUTATION,A.png,9,2,0.2000000030,0.1000000015,0.1000000015,256,256,100,112345,118345,119345,120345,47,0.6008857623,0.5931381134,2
combination_3_run_1,1,WHOLE_FORMULA_UNIFORM,GAUSSIAN_PARAMETER_MUTATION,A.png,9,2,0.2000000030,0.1000000015,0.1000000015,256,256,100,112345,118345,119345,120345,48,0.6020384365,0.5948992052,1
combination_3_run_1,1,WHOLE_FORMULA_UNIFORM,GAUSSIAN_PARAMETER_MUTATION,A.png,9,2,0.2000000030,0.1000000015,0.1000000015,256,256,100,112345,118345,119345,120345,49,0.6014202630,0.5957334673,3
combination_3_run_1,1,WHOLE_FORMULA_UNIFORM,GAUSSIAN_PARAMETER_MUTATION,A.png,9,2,0.2000000030,0.1000000015,0.1000000015,256,256,100,112345,118345,119345,120345,50,0.6020914946,0.5978983489,7
combination_3_run_1,1,WHOLE_FORMULA_UNIFORM,GAUSSIAN_PARAMETER_MUTATION,A.png,9,2,0.2000000030,0.1000000015,0.1000000015,256,256,100,112345,118345,119345,120345,51,0.6048884266,0.5968121495,0
combination_3_run_1,1,WHOLE_FORMULA_UNIFORM,GAUSSIAN_PARAMETER_MUTATION,A.png,9,2,0.2000000030,0.1000000015,0.1000000015,256,256,100,112345,118345,119345,120345,52,0.6003116832,0.5981650845,3
combination_3_run_1,1,WHOLE_FORMULA_UNIFORM,GAUSSIAN_PARAMETER_MUTATION,A.png,9,2,0.2000000030,0.1000000015,0.1000000015,256,256,100,112345,118345,119345,120345,53,0.6004467315,0.5983179198,4
combination_3_run_1,1,WHOLE_FORMULA_UNIFORM,GAUSSIAN_PARAMETER_MUTATION,A.png,9,2,0.2000000030,0.1000000015,0.1000000015,256,256,100,112345,118345,119345,120345,54,0.6008607192,0.5979144687,1
combination_3_run_1,1,WHOLE_FORMULA_UNIFORM,GAUSSIAN_PARAMETER_MUTATION,A.png,9,2,0.2000000030,0.1000000015,0.1000000015,256,256,100,112345,118345,119345,120345,55,0.6006396018,0.5976315678,1
combination_3_run_1,1,WHOLE_FORMULA_UNIFORM,GAUSSIAN_PARAMETER_MUTATION,A.png,9,2,0.2000000030,0.1000000015,0.1000000015,256,256,100,112345,118345,119345,120345,56,0.6064768298,0.6000793810,6
combination_3_run_1,1,WHOLE_FORMULA_UNIFORM,GAUSSIAN_PARAMETER_MUTATION,A.png,9,2,0.2000000030,0.1000000015,0.1000000015,256,256,100,112345,118345,119345,120345,57,0.6062249027,0.6021186308,0
combination_3_run_1,1,WHOLE_FORMULA_UNIFORM,GAUSSIAN_PARAMETER_MUTATION,A.png,9,2,0.2000000030,0.1000000015,0.1000000015,256,256,100,112345,118345,119345,120345,58,0.6083805344,0.6015250820,8
combination_3_run_1,1,WHOLE_FORMULA_UNIFORM,GAUSSIAN_PARAMETER_MUTATION,A.png,9,2,0.2000000030,0.1000000015,0.1000000015,256,256,100,112345,118345,119345,120345,59,0.6094148515,0.5995892970,7
combination_3_run_1,1,WHOLE_FORMULA_UNIFORM,GAUSSIAN_PARAMETER_MUTATION,A.png,9,2,0.2000000030,0.1000000015,0.1000000015,256,256,100,112345,118345,119345,120345,60,0.6092266063,0.6005330861,5
combination_3_run_1,1,WHOLE_FORMULA_UNIFORM,GAUSSIAN_PARAMETER_MUTATION,A.png,9,2,0.2000000030,0.1000000015,0.1000000015,256,256,100,112345,118345,119345,120345,61,0.6076815755,0.5994824991,2
combination_3_run_1,1,WHOLE_FORMULA_UNIFORM,GAUSSIAN_PARAMETER_MUTATION,A.png,9,2,0.2000000030,0.1000000015,0.1000000015,256,256,100,112345,118345,119345,120345,62,0.6092318208,0.5994937995,7
combination_3_run_1,1,WHOLE_FORMULA_UNIFORM,GAUSSIAN_PARAMETER_MUTATION,A.png,9,2,0.2000000030,0.1000000015,0.1000000015,256,256,100,112345,118345,119345,120345,63,0.6075581414,0.5994820689,2
combination_3_run_1,1,WHOLE_FORMULA_UNIFORM,GAUSSIAN_PARAMETER_MUTATION,A.png,9,2,0.2000000030,0.1000000015,0.1000000015,256,256,100,112345,118345,119345,120345,64,0.6084368077,0.6008299494,6
combination_3_run_1,1,WHOLE_FORMULA_UNIFORM,GAUSSIAN_PARAMETER_MUTATION,A.png,9,2,0.2000000030,0.1000000015,0.1000000015,256,256,100,112345,118345,119345,120345,65,0.6108232730,0.6002841124,8
combination_3_run_1,1,WHOLE_FORMULA_UNIFORM,GAUSSIAN_PARAMETER_MUTATION,A.png,9,2,0.2000000030,0.1000000015,0.1000000015,256,256,100,112345,118345,119345,120345,66,0.6077591370,0.5981465082,3
combination_3_run_1,1,WHOLE_FORMULA_UNIFORM,GAUSSIAN_PARAMETER_MUTATION,A.png,9,2,0.2000000030,0.1000000015,0.1000000015,256,256,100,112345,118345,119345,120345,67,0.6047159577,0.5990061060,5
combination_3_run_1,1,WHOLE_FORMULA_UNIFORM,GAUSSIAN_PARAMETER_MUTATION,A.png,9,2,0.2000000030,0.1000000015,0.1000000015,256,256,100,112345,118345,119345,120345,68,0.6067901214,0.6001637806,1
combination_3_run_1,1,WHOLE_FORMULA_UNIFORM,GAUSSIAN_PARAMETER_MUTATION,A.png,9,2,0.2000000030,0.1000000015,0.1000000015,256,256,100,112345,118345,119345,120345,69,0.6083421254,0.6003647338,5
combination_3_run_1,1,WHOLE_FORMULA_UNIFORM,GAUSSIAN_PARAMETER_MUTATION,A.png,9,2,0.2000000030,0.1000000015,0.1000000015,256,256,100,112345,118345,119345,120345,70,0.6071352591,0.5977146401,7
combination_3_run_1,1,WHOLE_FORMULA_UNIFORM,GAUSSIAN_PARAMETER_MUTATION,A.png,9,2,0.2000000030,0.1000000015,0.1000000015,256,256,100,112345,118345,119345,120345,71,0.5998488014,0.5961978838,4
combination_3_run_1,1,WHOLE_FORMULA_UNIFORM,GAUSSIAN_PARAMETER_MUTATION,A.png,9,2,0.2000000030,0.1000000015,0.1000000015,256,256,100,112345,118345,119345,120345,72,0.6005730307,0.5944340774,6
combination_3_run_1,1,WHOLE_FORMULA_UNIFORM,GAUSSIAN_PARAMETER_MUTATION,A.png,9,2,0.2000000030,0.1000000015,0.1000000015,256,256,100,112345,118345,119345,120345,73,0.6013849992,0.5939974425,0
combination_3_run_1,1,WHOLE_FORMULA_UNIFORM,GAUSSIAN_PARAMETER_MUTATION,A.png,9,2,0.2000000030,0.1000000015,0.1000000015,256,256,100,112345,118345,119345,120345,74,0.5994048982,0.5946529662,6
combination_3_run_1,1,WHOLE_FORMULA_UNIFORM,GAUSSIAN_PARAMETER_MUTATION,A.png,9,2,0.2000000030,0.1000000015,0.1000000015,256,256,100,112345,118345,119345,120345,75,0.5985219939,0.5949280859,0
combination_3_run_1,1,WHOLE_FORMULA_UNIFORM,GAUSSIAN_PARAMETER_MUTATION,A.png,9,2,0.2000000030,0.1000000015,0.1000000015,256,256,100,112345,118345,119345,120345,76,0.5952002906,0.5942608786,3
combination_3_run_1,1,WHOLE_FORMULA_UNIFORM,GAUSSIAN_PARAMETER_MUTATION,A.png,9,2,0.2000000030,0.1000000015,0.1000000015,256,256,100,112345,118345,119345,120345,77,0.5962393552,0.5943473604,2
combination_3_run_1,1,WHOLE_FORMULA_UNIFORM,GAUSSIAN_PARAMETER_MUTATION,A.png,9,2,0.2000000030,0.1000000015,0.1000000015,256,256,100,112345,118345,119345,120345,78,0.5961051777,0.5939088507,8
combination_3_run_1,1,WHOLE_FORMULA_UNIFORM,GAUSSIAN_PARAMETER_MUTATION,A.png,9,2,0.2000000030,0.1000000015,0.1000000015,256,256,100,112345,118345,119345,120345,79,0.5980668917,0.5943556512,6
combination_3_run_1,1,WHOLE_FORMULA_UNIFORM,GAUSSIAN_PARAMETER_MUTATION,A.png,9,2,0.2000000030,0.1000000015,0.1000000015,256,256,100,112345,118345,119345,120345,80,0.5978266077,0.5945680784,2
combination_3_run_1,1,WHOLE_FORMULA_UNIFORM,GAUSSIAN_PARAMETER_MUTATION,A.png,9,2,0.2000000030,0.1000000015,0.1000000015,256,256,100,112345,118345,119345,120345,81,0.5970117723,0.5944045672,3
combination_3_run_1,1,WHOLE_FORMULA_UNIFORM,GAUSSIAN_PARAMETER_MUTATION,A.png,9,2,0.2000000030,0.1000000015,0.1000000015,256,256,100,112345,118345,119345,120345,82,0.6040506400,0.5953861111,8
combination_3_run_1,1,WHOLE_FORMULA_UNIFORM,GAUSSIAN_PARAMETER_MUTATION,A.png,9,2,0.2000000030,0.1000000015,0.1000000015,256,256,100,112345,118345,119345,120345,83,0.6034596658,0.5954295262,7
combination_3_run_1,1,WHOLE_FORMULA_UNIFORM,GAUSSIAN_PARAMETER_MUTATION,A.png,9,2,0.2000000030,0.1000000015,0.1000000015,256,256,100,112345,118345,119345,120345,84,0.6034596658,0.5965482459,8
combination_3_run_1,1,WHOLE_FORMULA_UNIFORM,GAUSSIAN_PARAMETER_MUTATION,A.png,9,2,0.2000000030,0.1000000015,0.1000000015,256,256,100,112345,118345,119345,120345,85,0.6027844060,0.5962376324,3
combination_3_run_1,1,WHOLE_FORMULA_UNIFORM,GAUSSIAN_PARAMETER_MUTATION,A.png,9,2,0.2000000030,0.1000000015,0.1000000015,256,256,100,112345,118345,119345,120345,86,0.6032843979,0.5935534659,6
combination_3_run_1,1,WHOLE_FORMULA_UNIFORM,GAUSSIAN_PARAMETER_MUTATION,A.png,9,2,0.2000000030,0.1000000015,0.1000000015,256,256,100,112345,118345,119345,120345,87,0.6030808452,0.5927158103,8
combination_3_run_1,1,WHOLE_FORMULA_UNIFORM,GAUSSIAN_PARAMETER_MUTATION,A.png,9,2,0.2000000030,0.1000000015,0.1000000015,256,256,100,112345,118345,119345,120345,88,0.6001261950,0.5919505120,4
combination_3_run_1,1,WHOLE_FORMULA_UNIFORM,GAUSSIAN_PARAMETER_MUTATION,A.png,9,2,0.2000000030,0.1000000015,0.1000000015,256,256,100,112345,118345,119345,120345,89,0.5980548484,0.5916468702,6
combination_3_run_1,1,WHOLE_FORMULA_UNIFORM,GAUSSIAN_PARAMETER_MUTATION,A.png,9,2,0.2000000030,0.1000000015,0.1000000015,256,256,100,112345,118345,119345,120345,90,0.5985373731,0.5915115733,0
combination_3_run_1,1,WHOLE_FORMULA_UNIFORM,GAUSSIAN_PARAMETER_MUTATION,A.png,9,2,0.2000000030,0.1000000015,0.1000000015,256,256,100,112345,118345,119345,120345,91,0.5944638690,0.5902839317,4
combination_3_run_1,1,WHOLE_FORMULA_UNIFORM,GAUSSIAN_PARAMETER_MUTATION,A.png,9,2,0.2000000030,0.1000000015,0.1000000015,256,256,100,112345,118345,119345,120345,92,0.5951606689,0.5894250102,2
combination_3_run_1,1,WHOLE_FORMULA_UNIFORM,GAUSSIAN_PARAMETER_MUTATION,A.png,9,2,0.2000000030,0.1000000015,0.1000000015,256,256,100,112345,118345,119345,120345,93,0.5898806314,0.5867128594,1
combination_3_run_1,1,WHOLE_FORMULA_UNIFORM,GAUSSIAN_PARAMETER_MUTATION,A.png,9,2,0.2000000030,0.1000000015,0.1000000015,256,256,100,112345,118345,119345,120345,94,0.5987528724,0.5907741518,1
combination_3_run_1,1,WHOLE_FORMULA_UNIFORM,GAUSSIAN_PARAMETER_MUTATION,A.png,9,2,0.2000000030,0.1000000015,0.1000000015,256,256,100,112345,118345,119345,120345,95,0.5992835255,0.5922568482,0
combination_3_run_1,1,WHOLE_FORMULA_UNIFORM,GAUSSIAN_PARAMETER_MUTATION,A.png,9,2,0.2000000030,0.1000000015,0.1000000015,256,256,100,112345,118345,119345,120345,96,0.5997284300,0.5928873348,6
combination_3_run_1,1,WHOLE_FORMULA_UNIFORM,GAUSSIAN_PARAMETER_MUTATION,A.png,9,2,0.2000000030,0.1000000015,0.1000000015,256,256,100,112345,118345,119345,120345,97,0.5966384625,0.5928391734,5
combination_3_run_1,1,WHOLE_FORMULA_UNIFORM,GAUSSIAN_PARAMETER_MUTATION,A.png,9,2,0.2000000030,0.1000000015,0.1000000015,256,256,100,112345,118345,119345,120345,98,0.6013262118,0.5918777264,7
combination_3_run_1,1,WHOLE_FORMULA_UNIFORM,GAUSSIAN_PARAMETER_MUTATION,A.png,9,2,0.2000000030,0.1000000015,0.1000000015,256,256,100,112345,118345,119345,120345,99,0.6014865605,0.5925818497,0
combination_3_run_1,1,WHOLE_FORMULA_UNIFORM,GAUSSIAN_PARAMETER_MUTATION,A.png,9,2,0.2000000030,0.1000000015,0.1000000015,256,256,100,112345,118345,119345,120345,100,0.6013876057,0.5937649198,3
combination_3_run_2,2,WHOLE_FORMULA_UNIFORM,GAUSSIAN_PARAMETER_MUTATION,A.png,9,2,0.2000000030,0.1000000015,0.1000000015,256,256,100,212345,218345,219345,220345,0,0.6065523082,0.5861253505,1
combination_3_run_2,2,WHOLE_FORMULA_UNIFORM,GAUSSIAN_PARAMETER_MUTATION,A.png,9,2,0.2000000030,0.1000000015,0.1000000015,256,256,100,212345,218345,219345,220345,1,0.5993657402,0.5805525284,0
combination_3_run_2,2,WHOLE_FORMULA_UNIFORM,GAUSSIAN_PARAMETER_MUTATION,A.png,9,2,0.2000000030,0.1000000015,0.1000000015,256,256,100,212345,218345,219345,220345,2,0.6027755278,0.5821084661,6
combination_3_run_2,2,WHOLE_FORMULA_UNIFORM,GAUSSIAN_PARAMETER_MUTATION,A.png,9,2,0.2000000030,0.1000000015,0.1000000015,256,256,100,212345,218345,219345,220345,3,0.5949070546,0.5791532082,3
combination_3_run_2,2,WHOLE_FORMULA_UNIFORM,GAUSSIAN_PARAMETER_MUTATION,A.png,9,2,0.2000000030,0.1000000015,0.1000000015,256,256,100,212345,218345,219345,220345,4,0.5924525396,0.5822980310,4
combination_3_run_2,2,WHOLE_FORMULA_UNIFORM,GAUSSIAN_PARAMETER_MUTATION,A.png,9,2,0.2000000030,0.1000000015,0.1000000015,256,256,100,212345,218345,219345,220345,5,0.6029354406,0.5821440959,2
combination_3_run_2,2,WHOLE_FORMULA_UNIFORM,GAUSSIAN_PARAMETER_MUTATION,A.png,9,2,0.2000000030,0.1000000015,0.1000000015,256,256,100,212345,218345,219345,220345,6,0.6009279363,0.5860942327,4
combination_3_run_2,2,WHOLE_FORMULA_UNIFORM,GAUSSIAN_PARAMETER_MUTATION,A.png,9,2,0.2000000030,0.1000000015,0.1000000015,256,256,100,212345,218345,219345,220345,7,0.5974067728,0.5835166871,0
combination_3_run_2,2,WHOLE_FORMULA_UNIFORM,GAUSSIAN_PARAMETER_MUTATION,A.png,9,2,0.2000000030,0.1000000015,0.1000000015,256,256,100,212345,218345,219345,220345,8,0.5946518875,0.5815562126,2
combination_3_run_2,2,WHOLE_FORMULA_UNIFORM,GAUSSIAN_PARAMETER_MUTATION,A.png,9,2,0.2000000030,0.1000000015,0.1000000015,256,256,100,212345,218345,219345,220345,9,0.5943751642,0.5819583439,7
combination_3_run_2,2,WHOLE_FORMULA_UNIFORM,GAUSSIAN_PARAMETER_MUTATION,A.png,9,2,0.2000000030,0.1000000015,0.1000000015,256,256,100,212345,218345,219345,220345,10,0.6002907164,0.5877851114,4
combination_3_run_2,2,WHOLE_FORMULA_UNIFORM,GAUSSIAN_PARAMETER_MUTATION,A.png,9,2,0.2000000030,0.1000000015,0.1000000015,256,256,100,212345,218345,219345,220345,11,0.6004218910,0.5944309488,3
combination_3_run_2,2,WHOLE_FORMULA_UNIFORM,GAUSSIAN_PARAMETER_MUTATION,A.png,9,2,0.2000000030,0.1000000015,0.1000000015,256,256,100,212345,218345,219345,220345,12,0.6021123104,0.5928703383,4
combination_3_run_2,2,WHOLE_FORMULA_UNIFORM,GAUSSIAN_PARAMETER_MUTATION,A.png,9,2,0.2000000030,0.1000000015,0.1000000015,256,256,100,212345,218345,219345,220345,13,0.6026184897,0.5951372539,6
combination_3_run_2,2,WHOLE_FORMULA_UNIFORM,GAUSSIAN_PARAMETER_MUTATION,A.png,9,2,0.2000000030,0.1000000015,0.1000000015,256,256,100,212345,218345,219345,220345,14,0.6011032009,0.5956359402,4
combination_3_run_2,2,WHOLE_FORMULA_UNIFORM,GAUSSIAN_PARAMETER_MUTATION,A.png,9,2,0.2000000030,0.1000000015,0.1000000015,256,256,100,212345,218345,219345,220345,15,0.6016718049,0.5958902522,6
combination_3_run_2,2,WHOLE_FORMULA_UNIFORM,GAUSSIAN_PARAMETER_MUTATION,A.png,9,2,0.2000000030,0.1000000015,0.1000000015,256,256,100,212345,218345,219345,220345,16,0.6015111470,0.5937412597,8
combination_3_run_2,2,WHOLE_FORMULA_UNIFORM,GAUSSIAN_PARAMETER_MUTATION,A.png,9,2,0.2000000030,0.1000000015,0.1000000015,256,256,100,212345,218345,219345,220345,17,0.6022882465,0.5965744013,3
combination_3_run_2,2,WHOLE_FORMULA_UNIFORM,GAUSSIAN_PARAMETER_MUTATION,A.png,9,2,0.2000000030,0.1000000015,0.1000000015,256,256,100,212345,218345,219345,220345,18,0.6028115153,0.5983309574,0
combination_3_run_2,2,WHOLE_FORMULA_UNIFORM,GAUSSIAN_PARAMETER_MUTATION,A.png,9,2,0.2000000030,0.1000000015,0.1000000015,256,256,100,212345,218345,219345,220345,19,0.6028115153,0.5958882506,2
combination_3_run_2,2,WHOLE_FORMULA_UNIFORM,GAUSSIAN_PARAMETER_MUTATION,A.png,9,2,0.2000000030,0.1000000015,0.1000000015,256,256,100,212345,218345,219345,220345,20,0.6028362447,0.5933826224,6
combination_3_run_2,2,WHOLE_FORMULA_UNIFORM,GAUSSIAN_PARAMETER_MUTATION,A.png,9,2,0.2000000030,0.1000000015,0.1000000015,256,256,100,212345,218345,219345,220345,21,0.6002231180,0.5917921300,6
combination_3_run_2,2,WHOLE_FORMULA_UNIFORM,GAUSSIAN_PARAMETER_MUTATION,A.png,9,2,0.2000000030,0.1000000015,0.1000000015,256,256,100,212345,218345,219345,220345,22,0.5913853080,0.5878866226,8
combination_3_run_2,2,WHOLE_FORMULA_UNIFORM,GAUSSIAN_PARAMETER_MUTATION,A.png,9,2,0.2000000030,0.1000000015,0.1000000015,256,256,100,212345,218345,219345,220345,23,0.5919597785,0.5879841950,4
combination_3_run_2,2,WHOLE_FORMULA_UNIFORM,GAUSSIAN_PARAMETER_MUTATION,A.png,9,2,0.2000000030,0.1000000015,0.1000000015,256,256,100,212345,218345,219345,220345,24,0.5946836625,0.5879030917,1
combination_3_run_2,2,WHOLE_FORMULA_UNIFORM,GAUSSIAN_PARAMETER_MUTATION,A.png,9,2,0.2000000030,0.1000000015,0.1000000015,256,256,100,212345,218345,219345,220345,25,0.5934186734,0.5905979348,7
combination_3_run_2,2,WHOLE_FORMULA_UNIFORM,GAUSSIAN_PARAMETER_MUTATION,A.png,9,2,0.2000000030,0.1000000015,0.1000000015,256,256,100,212345,218345,219345,220345,26,0.5962839443,0.5898055326,3
combination_3_run_2,2,WHOLE_FORMULA_UNIFORM,GAUSSIAN_PARAMETER_MUTATION,A.png,9,2,0.2000000030,0.1000000015,0.1000000015,256,256,100,212345,218345,219345,220345,27,0.5966254676,0.5885740440,5
combination_3_run_2,2,WHOLE_FORMULA_UNIFORM,GAUSSIAN_PARAMETER_MUTATION,A.png,9,2,0.2000000030,0.1000000015,0.1000000015,256,256,100,212345,218345,219345,220345,28,0.5904972432,0.5886488470,1
combination_3_run_2,2,WHOLE_FORMULA_UNIFORM,GAUSSIAN_PARAMETER_MUTATION,A.png,9,2,0.2000000030,0.1000000015,0.1000000015,256,256,100,212345,218345,219345,220345,29,0.5924296623,0.5877567836,6
combination_3_run_2,2,WHOLE_FORMULA_UNIFORM,GAUSSIAN_PARAMETER_MUTATION,A.png,9,2,0.2000000030,0.1000000015,0.1000000015,256,256,100,212345,218345,219345,220345,30,0.5929224168,0.5868309295,4
combination_3_run_2,2,WHOLE_FORMULA_UNIFORM,GAUSSIAN_PARAMETER_MUTATION,A.png,9,2,0.2000000030,0.1000000015,0.1000000015,256,256,100,212345,218345,219345,220345,31,0.5913232416,0.5855046426,5
combination_3_run_2,2,WHOLE_FORMULA_UNIFORM,GAUSSIAN_PARAMETER_MUTATION,A.png,9,2,0.2000000030,0.1000000015,0.1000000015,256,256,100,212345,218345,219345,220345,32,0.5945360278,0.5837984082,5
combination_3_run_2,2,WHOLE_FORMULA_UNIFORM,GAUSSIAN_PARAMETER_MUTATION,A.png,9,2,0.2000000030,0.1000000015,0.1000000015,256,256,100,212345,218345,219345,220345,33,0.5939294752,0.5852457312,3
combination_3_run_2,2,WHOLE_FORMULA_UNIFORM,GAUSSIAN_PARAMETER_MUTATION,A.png,9,2,0.2000000030,0.1000000015,0.1000000015,256,256,100,212345,218345,219345,220345,34,0.5950510759,0.5869585910,2
combination_3_run_2,2,WHOLE_FORMULA_UNIFORM,GAUSSIAN_PARAMETER_MUTATION,A.png,9,2,0.2000000030,0.1000000015,0.1000000015,256,256,100,212345,218345,219345,220345,35,0.5945137693,0.5861865791,5
combination_3_run_2,2,WHOLE_FORMULA_UNIFORM,GAUSSIAN_PARAMETER_MUTATION,A.png,9,2,0.2000000030,0.1000000015,0.1000000015,256,256,100,212345,218345,219345,220345,36,0.5931708102,0.5871852487,7
combination_3_run_2,2,WHOLE_FORMULA_UNIFORM,GAUSSIAN_PARAMETER_MUTATION,A.png,9,2,0.2000000030,0.1000000015,0.1000000015,256,256,100,212345,218345,219345,220345,37,0.5953902858,0.5908255020,0
combination_3_run_2,2,WHOLE_FORMULA_UNIFORM,GAUSSIAN_PARAMETER_MUTATION,A.png,9,2,0.2000000030,0.1000000015,0.1000000015,256,256,100,212345,218345,219345,220345,38,0.5945612431,0.5920746761,7
combination_3_run_2,2,WHOLE_FORMULA_UNIFORM,GAUSSIAN_PARAMETER_MUTATION,A.png,9,2,0.2000000030,0.1000000015,0.1000000015,256,256,100,212345,218345,219345,220345,39,0.5954980807,0.5907233876,7
combination_3_run_2,2,WHOLE_FORMULA_UNIFORM,GAUSSIAN_PARAMETER_MUTATION,A.png,9,2,0.2000000030,0.1000000015,0.1000000015,256,256,100,212345,218345,219345,220345,40,0.5955761346,0.5931828006,6
combination_3_run_2,2,WHOLE_FORMULA_UNIFORM,GAUSSIAN_PARAMETER_MUTATION,A.png,9,2,0.2000000030,0.1000000015,0.1000000015,256,256,100,212345,218345,219345,220345,41,0.5947331223,0.5916716588,2
combination_3_run_2,2,WHOLE_FORMULA_UNIFORM,GAUSSIAN_PARAMETER_MUTATION,A.png,9,2,0.2000000030,0.1000000015,0.1000000015,256,256,100,212345,218345,219345,220345,42,0.5963337876,0.5922857342,6
combination_3_run_2,2,WHOLE_FORMULA_UNIFORM,GAUSSIAN_PARAMETER_MUTATION,A.png,9,2,0.2000000030,0.1000000015,0.1000000015,256,256,100,212345,218345,219345,220345,43,0.5941061082,0.5915193765,0
combination_3_run_2,2,WHOLE_FORMULA_UNIFORM,GAUSSIAN_PARAMETER_MUTATION,A.png,9,2,0.2000000030,0.1000000015,0.1000000015,256,256,100,212345,218345,219345,220345,44,0.5979800078,0.5908695960,4
combination_3_run_2,2,WHOLE_FORMULA_UNIFORM,GAUSSIAN_PARAMETER_MUTATION,A.png,9,2,0.2000000030,0.1000000015,0.1000000015,256,256,100,212345,218345,219345,220345,45,0.5986261828,0.5919551157,8
combination_3_run_2,2,WHOLE_FORMULA_UNIFORM,GAUSSIAN_PARAMETER_MUTATION,A.png,9,2,0.2000000030,0.1000000015,0.1000000015,256,256,100,212345,218345,219345,220345,46,0.5987587622,0.5920897434,0
combination_3_run_2,2,WHOLE_FORMULA_UNIFORM,GAUSSIAN_PARAMETER_MUTATION,A.png,9,2,0.2000000030,0.1000000015,0.1000000015,256,256,100,212345,218345,219345,220345,47,0.5984789385,0.5906600849,3
combination_3_run_2,2,WHOLE_FORMULA_UNIFORM,GAUSSIAN_PARAMETER_MUTATION,A.png,9,2,0.2000000030,0.1000000015,0.1000000015,256,256,100,212345,218345,219345,220345,48,0.5944099249,0.5901552152,5
combination_3_run_2,2,WHOLE_FORMULA_UNIFORM,GAUSSIAN_PARAMETER_MUTATION,A.png,9,2,0.2000000030,0.1000000015,0.1000000015,256,256,100,212345,218345,219345,220345,49,0.6034653483,0.5915541446,7
combination_3_run_2,2,WHOLE_FORMULA_UNIFORM,GAUSSIAN_PARAMETER_MUTATION,A.png,9,2,0.2000000030,0.1000000015,0.1000000015,256,256,100,212345,218345,219345,220345,50,0.6013770856,0.5926750889,0
combination_3_run_2,2,WHOLE_FORMULA_UNIFORM,GAUSSIAN_PARAMETER_MUTATION,A.png,9,2,0.2000000030,0.1000000015,0.1000000015,256,256,100,212345,218345,219345,220345,51,0.6019239825,0.5938169310,4
combination_3_run_2,2,WHOLE_FORMULA_UNIFORM,GAUSSIAN_PARAMETER_MUTATION,A.png,9,2,0.2000000030,0.1000000015,0.1000000015,256,256,100,212345,218345,219345,220345,52,0.6020855283,0.5966267035,7
combination_3_run_2,2,WHOLE_FORMULA_UNIFORM,GAUSSIAN_PARAMETER_MUTATION,A.png,9,2,0.2000000030,0.1000000015,0.1000000015,256,256,100,212345,218345,219345,220345,53,0.5984505354,0.5961926938,0
combination_3_run_2,2,WHOLE_FORMULA_UNIFORM,GAUSSIAN_PARAMETER_MUTATION,A.png,9,2,0.2000000030,0.1000000015,0.1000000015,256,256,100,212345,218345,219345,220345,54,0.6007934858,0.5965612971,8
combination_3_run_2,2,WHOLE_FORMULA_UNIFORM,GAUSSIAN_PARAMETER_MUTATION,A.png,9,2,0.2000000030,0.1000000015,0.1000000015,256,256,100,212345,218345,219345,220345,55,0.6058142746,0.5983772119,0
combination_3_run_2,2,WHOLE_FORMULA_UNIFORM,GAUSSIAN_PARAMETER_MUTATION,A.png,9,2,0.2000000030,0.1000000015,0.1000000015,256,256,100,212345,218345,219345,220345,56,0.6057212703,0.6008641606,8
combination_3_run_2,2,WHOLE_FORMULA_UNIFORM,GAUSSIAN_PARAMETER_MUTATION,A.png,9,2,0.2000000030,0.1000000015,0.1000000015,256,256,100,212345,218345,219345,220345,57,0.6069711830,0.6002511786,1
combination_3_run_2,2,WHOLE_FORMULA_UNIFORM,GAUSSIAN_PARAMETER_MUTATION,A.png,9,2,0.2000000030,0.1000000015,0.1000000015,256,256,100,212345,218345,219345,220345,58,0.6068298124,0.5984997468,1
combination_3_run_2,2,WHOLE_FORMULA_UNIFORM,GAUSSIAN_PARAMETER_MUTATION,A.png,9,2,0.2000000030,0.1000000015,0.1000000015,256,256,100,212345,218345,219345,220345,59,0.6067699821,0.5971061879,0
combination_3_run_2,2,WHOLE_FORMULA_UNIFORM,GAUSSIAN_PARAMETER_MUTATION,A.png,9,2,0.2000000030,0.1000000015,0.1000000015,256,256,100,212345,218345,219345,220345,60,0.6040711760,0.5940638443,6
combination_3_run_2,2,WHOLE_FORMULA_UNIFORM,GAUSSIAN_PARAMETER_MUTATION,A.png,9,2,0.2000000030,0.1000000015,0.1000000015,256,256,100,212345,218345,219345,220345,61,0.6040711760,0.5933171904,4
combination_3_run_2,2,WHOLE_FORMULA_UNIFORM,GAUSSIAN_PARAMETER_MUTATION,A.png,9,2,0.2000000030,0.1000000015,0.1000000015,256,256,100,212345,218345,219345,220345,62,0.6020277585,0.5925737049,4
combination_3_run_2,2,WHOLE_FORMULA_UNIFORM,GAUSSIAN_PARAMETER_MUTATION,A.png,9,2,0.2000000030,0.1000000015,0.1000000015,256,256,100,212345,218345,219345,220345,63,0.6036955646,0.5915107186,2
combination_3_run_2,2,WHOLE_FORMULA_UNIFORM,GAUSSIAN_PARAMETER_MUTATION,A.png,9,2,0.2000000030,0.1000000015,0.1000000015,256,256,100,212345,218345,219345,220345,64,0.5970683678,0.5906033352,7
combination_3_run_2,2,WHOLE_FORMULA_UNIFORM,GAUSSIAN_PARAMETER_MUTATION,A.png,9,2,0.2000000030,0.1000000015,0.1000000015,256,256,100,212345,218345,219345,220345,65,0.5983375618,0.5903594904,4
combination_3_run_2,2,WHOLE_FORMULA_UNIFORM,GAUSSIAN_PARAMETER_MUTATION,A.png,9,2,0.2000000030,0.1000000015,0.1000000015,256,256,100,212345,218345,219345,220345,66,0.5977704067,0.5907631696,2
combination_3_run_2,2,WHOLE_FORMULA_UNIFORM,GAUSSIAN_PARAMETER_MUTATION,A.png,9,2,0.2000000030,0.1000000015,0.1000000015,256,256,100,212345,218345,219345,220345,67,0.6008305444,0.5945897179,4
combination_3_run_2,2,WHOLE_FORMULA_UNIFORM,GAUSSIAN_PARAMETER_MUTATION,A.png,9,2,0.2000000030,0.1000000015,0.1000000015,256,256,100,212345,218345,219345,220345,68,0.6008651739,0.5940334212,1
combination_3_run_2,2,WHOLE_FORMULA_UNIFORM,GAUSSIAN_PARAMETER_MUTATION,A.png,9,2,0.2000000030,0.1000000015,0.1000000015,256,256,100,212345,218345,219345,220345,69,0.6006101631,0.5943699615,3
combination_3_run_2,2,WHOLE_FORMULA_UNIFORM,GAUSSIAN_PARAMETER_MUTATION,A.png,9,2,0.2000000030,0.1000000015,0.1000000015,256,256,100,212345,218345,219345,220345,70,0.6021714547,0.5932587156,3
combination_3_run_2,2,WHOLE_FORMULA_UNIFORM,GAUSSIAN_PARAMETER_MUTATION,A.png,9,2,0.2000000030,0.1000000015,0.1000000015,256,256,100,212345,218345,219345,220345,71,0.6017785642,0.5947320322,8
combination_3_run_2,2,WHOLE_FORMULA_UNIFORM,GAUSSIAN_PARAMETER_MUTATION,A.png,9,2,0.2000000030,0.1000000015,0.1000000015,256,256,100,212345,218345,219345,220345,72,0.6006449098,0.5949967667,6
combination_3_run_2,2,WHOLE_FORMULA_UNIFORM,GAUSSIAN_PARAMETER_MUTATION,A.png,9,2,0.2000000030,0.1000000015,0.1000000015,256,256,100,212345,218345,219345,220345,73,0.6005422667,0.5937651821,7
combination_3_run_2,2,WHOLE_FORMULA_UNIFORM,GAUSSIAN_PARAMETER_MUTATION,A.png,9,2,0.2000000030,0.1000000015,0.1000000015,256,256,100,212345,218345,219345,220345,74,0.5993376464,0.5944811245,0
combination_3_run_2,2,WHOLE_FORMULA_UNIFORM,GAUSSIAN_PARAMETER_MUTATION,A.png,9,2,0.2000000030,0.1000000015,0.1000000015,256,256,100,212345,218345,219345,220345,75,0.5999728258,0.5956547845,2
combination_3_run_2,2,WHOLE_FORMULA_UNIFORM,GAUSSIAN_PARAMETER_MUTATION,A.png,9,2,0.2000000030,0.1000000015,0.1000000015,256,256,100,212345,218345,219345,220345,76,0.5984596429,0.5952334032,3
combination_3_run_2,2,WHOLE_FORMULA_UNIFORM,GAUSSIAN_PARAMETER_MUTATION,A.png,9,2,0.2000000030,0.1000000015,0.1000000015,256,256,100,212345,218345,219345,220345,77,0.6000127654,0.5934911228,4
combination_3_run_2,2,WHOLE_FORMULA_UNIFORM,GAUSSIAN_PARAMETER_MUTATION,A.png,9,2,0.2000000030,0.1000000015,0.1000000015,256,256,100,212345,218345,219345,220345,78,0.6019776641,0.5926608259,0
combination_3_run_2,2,WHOLE_FORMULA_UNIFORM,GAUSSIAN_PARAMETER_MUTATION,A.png,9,2,0.2000000030,0.1000000015,0.1000000015,256,256,100,212345,218345,219345,220345,79,0.5997290544,0.5918485359,6
combination_3_run_2,2,WHOLE_FORMULA_UNIFORM,GAUSSIAN_PARAMETER_MUTATION,A.png,9,2,0.2000000030,0.1000000015,0.1000000015,256,256,100,212345,218345,219345,220345,80,0.6018218128,0.5941109587,8
combination_3_run_2,2,WHOLE_FORMULA_UNIFORM,GAUSSIAN_PARAMETER_MUTATION,A.png,9,2,0.2000000030,0.1000000015,0.1000000015,256,256,100,212345,218345,219345,220345,81,0.6030469000,0.5958483759,2
combination_3_run_2,2,WHOLE_FORMULA_UNIFORM,GAUSSIAN_PARAMETER_MUTATION,A.png,9,2,0.2000000030,0.1000000015,0.1000000015,256,256,100,212345,218345,219345,220345,82,0.5957553781,0.5916390127,3
combination_3_run_2,2,WHOLE_FORMULA_UNIFORM,GAUSSIAN_PARAMETER_MUTATION,A.png,9,2,0.2000000030,0.1000000015,0.1000000015,256,256,100,212345,218345,219345,220345,83,0.6041647649,0.5957028887,1
combination_3_run_2,2,WHOLE_FORMULA_UNIFORM,GAUSSIAN_PARAMETER_MUTATION,A.png,9,2,0.2000000030,0.1000000015,0.1000000015,256,256,100,212345,218345,219345,220345,84,0.6030376223,0.5986013215,4
combination_3_run_2,2,WHOLE_FORMULA_UNIFORM,GAUSSIAN_PARAMETER_MUTATION,A.png,9,2,0.2000000030,0.1000000015,0.1000000015,256,256,100,212345,218345,219345,220345,85,0.6057834442,0.5988498384,1
combination_3_run_2,2,WHOLE_FORMULA_UNIFORM,GAUSSIAN_PARAMETER_MUTATION,A.png,9,2,0.2000000030,0.1000000015,0.1000000015,256,256,100,212345,218345,219345,220345,86,0.6066032044,0.5983533492,1
combination_3_run_2,2,WHOLE_FORMULA_UNIFORM,GAUSSIAN_PARAMETER_MUTATION,A.png,9,2,0.2000000030,0.1000000015,0.1000000015,256,256,100,212345,218345,219345,220345,87,0.6057612381,0.6004800001,2
combination_3_run_2,2,WHOLE_FORMULA_UNIFORM,GAUSSIAN_PARAMETER_MUTATION,A.png,9,2,0.2000000030,0.1000000015,0.1000000015,256,256,100,212345,218345,219345,220345,88,0.6026581865,0.5992518639,7
combination_3_run_2,2,WHOLE_FORMULA_UNIFORM,GAUSSIAN_PARAMETER_MUTATION,A.png,9,2,0.2000000030,0.1000000015,0.1000000015,256,256,100,212345,218345,219345,220345,89,0.6083177541,0.5984623592,5
combination_3_run_2,2,WHOLE_FORMULA_UNIFORM,GAUSSIAN_PARAMETER_MUTATION,A.png,9,2,0.2000000030,0.1000000015,0.1000000015,256,256,100,212345,218345,219345,220345,90,0.6073189772,0.5983341004,2
combination_3_run_2,2,WHOLE_FORMULA_UNIFORM,GAUSSIAN_PARAMETER_MUTATION,A.png,9,2,0.2000000030,0.1000000015,0.1000000015,256,256,100,212345,218345,219345,220345,91,0.6025284263,0.5979727078,8
combination_3_run_2,2,WHOLE_FORMULA_UNIFORM,GAUSSIAN_PARAMETER_MUTATION,A.png,9,2,0.2000000030,0.1000000015,0.1000000015,256,256,100,212345,218345,219345,220345,92,0.6046900136,0.5987750426,1
combination_3_run_2,2,WHOLE_FORMULA_UNIFORM,GAUSSIAN_PARAMETER_MUTATION,A.png,9,2,0.2000000030,0.1000000015,0.1000000015,256,256,100,212345,218345,219345,220345,93,0.6051132667,0.5981548643,2
combination_3_run_2,2,WHOLE_FORMULA_UNIFORM,GAUSSIAN_PARAMETER_MUTATION,A.png,9,2,0.2000000030,0.1000000015,0.1000000015,256,256,100,212345,218345,219345,220345,94,0.6027904815,0.5956147794,2
combination_3_run_2,2,WHOLE_FORMULA_UNIFORM,GAUSSIAN_PARAMETER_MUTATION,A.png,9,2,0.2000000030,0.1000000015,0.1000000015,256,256,100,212345,218345,219345,220345,95,0.6056362874,0.5940875930,4
combination_3_run_2,2,WHOLE_FORMULA_UNIFORM,GAUSSIAN_PARAMETER_MUTATION,A.png,9,2,0.2000000030,0.1000000015,0.1000000015,256,256,100,212345,218345,219345,220345,96,0.6071382116,0.5941964337,7
combination_3_run_2,2,WHOLE_FORMULA_UNIFORM,GAUSSIAN_PARAMETER_MUTATION,A.png,9,2,0.2000000030,0.1000000015,0.1000000015,256,256,100,212345,218345,219345,220345,97,0.6065800016,0.5916027241,2
combination_3_run_2,2,WHOLE_FORMULA_UNIFORM,GAUSSIAN_PARAMETER_MUTATION,A.png,9,2,0.2000000030,0.1000000015,0.1000000015,256,256,100,212345,218345,219345,220345,98,0.6050309958,0.5933355191,4
combination_3_run_2,2,WHOLE_FORMULA_UNIFORM,GAUSSIAN_PARAMETER_MUTATION,A.png,9,2,0.2000000030,0.1000000015,0.1000000015,256,256,100,212345,218345,219345,220345,99,0.6075488996,0.5939681390,0
combination_3_run_2,2,WHOLE_FORMULA_UNIFORM,GAUSSIAN_PARAMETER_MUTATION,A.png,9,2,0.2000000030,0.1000000015,0.1000000015,256,256,100,212345,218345,219345,220345,100,0.6062829835,0.5946886587,1
combination_3_run_3,3,WHOLE_FORMULA_UNIFORM,GAUSSIAN_PARAMETER_MUTATION,A.png,9,2,0.2000000030,0.1000000015,0.1000000015,256,256,100,312345,318345,319345,320345,0,0.6021898638,0.5916647710,4
combination_3_run_3,3,WHOLE_FORMULA_UNIFORM,GAUSSIAN_PARAMETER_MUTATION,A.png,9,2,0.2000000030,0.1000000015,0.1000000015,256,256,100,312345,318345,319345,320345,1,0.5991171598,0.5840655431,6
combination_3_run_3,3,WHOLE_FORMULA_UNIFORM,GAUSSIAN_PARAMETER_MUTATION,A.png,9,2,0.2000000030,0.1000000015,0.1000000015,256,256,100,312345,318345,319345,320345,2,0.5993926240,0.5873497483,0
combination_3_run_3,3,WHOLE_FORMULA_UNIFORM,GAUSSIAN_PARAMETER_MUTATION,A.png,9,2,0.2000000030,0.1000000015,0.1000000015,256,256,100,312345,318345,319345,320345,3,0.5926122466,0.5843695127,3
combination_3_run_3,3,WHOLE_FORMULA_UNIFORM,GAUSSIAN_PARAMETER_MUTATION,A.png,9,2,0.2000000030,0.1000000015,0.1000000015,256,256,100,312345,318345,319345,320345,4,0.5963313301,0.5889920139,1
combination_3_run_3,3,WHOLE_FORMULA_UNIFORM,GAUSSIAN_PARAMETER_MUTATION,A.png,9,2,0.2000000030,0.1000000015,0.1000000015,256,256,100,312345,318345,319345,320345,5,0.6022737144,0.5930022934,7
combination_3_run_3,3,WHOLE_FORMULA_UNIFORM,GAUSSIAN_PARAMETER_MUTATION,A.png,9,2,0.2000000030,0.1000000015,0.1000000015,256,256,100,312345,318345,319345,320345,6,0.6029253789,0.5949946449,6
combination_3_run_3,3,WHOLE_FORMULA_UNIFORM,GAUSSIAN_PARAMETER_MUTATION,A.png,9,2,0.2000000030,0.1000000015,0.1000000015,256,256,100,312345,318345,319345,320345,7,0.5991523045,0.5924119404,7
combination_3_run_3,3,WHOLE_FORMULA_UNIFORM,GAUSSIAN_PARAMETER_MUTATION,A.png,9,2,0.2000000030,0.1000000015,0.1000000015,256,256,100,312345,318345,319345,320345,8,0.6016987092,0.5939399345,6
combination_3_run_3,3,WHOLE_FORMULA_UNIFORM,GAUSSIAN_PARAMETER_MUTATION,A.png,9,2,0.2000000030,0.1000000015,0.1000000015,256,256,100,312345,318345,319345,320345,9,0.6016359746,0.5866565449,7
combination_3_run_3,3,WHOLE_FORMULA_UNIFORM,GAUSSIAN_PARAMETER_MUTATION,A.png,9,2,0.2000000030,0.1000000015,0.1000000015,256,256,100,312345,318345,319345,320345,10,0.5990054043,0.5897973299,8
combination_3_run_3,3,WHOLE_FORMULA_UNIFORM,GAUSSIAN_PARAMETER_MUTATION,A.png,9,2,0.2000000030,0.1000000015,0.1000000015,256,256,100,312345,318345,319345,320345,11,0.5977955278,0.5905231312,0
combination_3_run_3,3,WHOLE_FORMULA_UNIFORM,GAUSSIAN_PARAMETER_MUTATION,A.png,9,2,0.2000000030,0.1000000015,0.1000000015,256,256,100,312345,318345,319345,320345,12,0.5986993917,0.5951981249,2
combination_3_run_3,3,WHOLE_FORMULA_UNIFORM,GAUSSIAN_PARAMETER_MUTATION,A.png,9,2,0.2000000030,0.1000000015,0.1000000015,256,256,100,312345,318345,319345,320345,13,0.5991445965,0.5933376938,3
combination_3_run_3,3,WHOLE_FORMULA_UNIFORM,GAUSSIAN_PARAMETER_MUTATION,A.png,9,2,0.2000000030,0.1000000015,0.1000000015,256,256,100,312345,318345,319345,320345,14,0.5989973474,0.5934298853,6
combination_3_run_3,3,WHOLE_FORMULA_UNIFORM,GAUSSIAN_PARAMETER_MUTATION,A.png,9,2,0.2000000030,0.1000000015,0.1000000015,256,256,100,312345,318345,319345,320345,15,0.5989942383,0.5904289835,2
combination_3_run_3,3,WHOLE_FORMULA_UNIFORM,GAUSSIAN_PARAMETER_MUTATION,A.png,9,2,0.2000000030,0.1000000015,0.1000000015,256,256,100,312345,318345,319345,320345,16,0.5986380714,0.5882684098,7
combination_3_run_3,3,WHOLE_FORMULA_UNIFORM,GAUSSIAN_PARAMETER_MUTATION,A.png,9,2,0.2000000030,0.1000000015,0.1000000015,256,256,100,312345,318345,319345,320345,17,0.5992468275,0.5880739819,5
combination_3_run_3,3,WHOLE_FORMULA_UNIFORM,GAUSSIAN_PARAMETER_MUTATION,A.png,9,2,0.2000000030,0.1000000015,0.1000000015,256,256,100,312345,318345,319345,320345,18,0.5989167897,0.5845043912,1
combination_3_run_3,3,WHOLE_FORMULA_UNIFORM,GAUSSIAN_PARAMETER_MUTATION,A.png,9,2,0.2000000030,0.1000000015,0.1000000015,256,256,100,312345,318345,319345,320345,19,0.5991967162,0.5827722710,5
combination_3_run_3,3,WHOLE_FORMULA_UNIFORM,GAUSSIAN_PARAMETER_MUTATION,A.png,9,2,0.2000000030,0.1000000015,0.1000000015,256,256,100,312345,318345,319345,320345,20,0.5863357508,0.5801108229,0
combination_3_run_3,3,WHOLE_FORMULA_UNIFORM,GAUSSIAN_PARAMETER_MUTATION,A.png,9,2,0.2000000030,0.1000000015,0.1000000015,256,256,100,312345,318345,319345,320345,21,0.5878682432,0.5827523467,7
combination_3_run_3,3,WHOLE_FORMULA_UNIFORM,GAUSSIAN_PARAMETER_MUTATION,A.png,9,2,0.2000000030,0.1000000015,0.1000000015,256,256,100,312345,318345,319345,320345,22,0.5909543534,0.5824362480,4
combination_3_run_3,3,WHOLE_FORMULA_UNIFORM,GAUSSIAN_PARAMETER_MUTATION,A.png,9,2,0.2000000030,0.1000000015,0.1000000015,256,256,100,312345,318345,319345,320345,23,0.5925117984,0.5842233425,4
combination_3_run_3,3,WHOLE_FORMULA_UNIFORM,GAUSSIAN_PARAMETER_MUTATION,A.png,9,2,0.2000000030,0.1000000015,0.1000000015,256,256,100,312345,318345,319345,320345,24,0.5976397198,0.5854187268,3
combination_3_run_3,3,WHOLE_FORMULA_UNIFORM,GAUSSIAN_PARAMETER_MUTATION,A.png,9,2,0.2000000030,0.1000000015,0.1000000015,256,256,100,312345,318345,319345,320345,25,0.6012081871,0.5791850807,7
combination_3_run_3,3,WHOLE_FORMULA_UNIFORM,GAUSSIAN_PARAMETER_MUTATION,A.png,9,2,0.2000000030,0.1000000015,0.1000000015,256,256,100,312345,318345,319345,320345,26,0.6011540239,0.5823604132,2
combination_3_run_3,3,WHOLE_FORMULA_UNIFORM,GAUSSIAN_PARAMETER_MUTATION,A.png,9,2,0.2000000030,0.1000000015,0.1000000015,256,256,100,312345,318345,319345,320345,27,0.5839078513,0.5781967904,0
combination_3_run_3,3,WHOLE_FORMULA_UNIFORM,GAUSSIAN_PARAMETER_MUTATION,A.png,9,2,0.2000000030,0.1000000015,0.1000000015,256,256,100,312345,318345,319345,320345,28,0.5837671388,0.5789688838,5
combination_3_run_3,3,WHOLE_FORMULA_UNIFORM,GAUSSIAN_PARAMETER_MUTATION,A.png,9,2,0.2000000030,0.1000000015,0.1000000015,256,256,100,312345,318345,319345,320345,29,0.5849960304,0.5807319083,8
combination_3_run_3,3,WHOLE_FORMULA_UNIFORM,GAUSSIAN_PARAMETER_MUTATION,A.png,9,2,0.2000000030,0.1000000015,0.1000000015,256,256,100,312345,318345,319345,320345,30,0.5832315690,0.5783618418,6
combination_3_run_3,3,WHOLE_FORMULA_UNIFORM,GAUSSIAN_PARAMETER_MUTATION,A.png,9,2,0.2000000030,0.1000000015,0.1000000015,256,256,100,312345,318345,319345,320345,31,0.6019632283,0.5836997142,4
combination_3_run_3,3,WHOLE_FORMULA_UNIFORM,GAUSSIAN_PARAMETER_MUTATION,A.png,9,2,0.2000000030,0.1000000015,0.1000000015,256,256,100,312345,318345,319345,320345,32,0.5993371925,0.5824635346,6
combination_3_run_3,3,WHOLE_FORMULA_UNIFORM,GAUSSIAN_PARAMETER_MUTATION,A.png,9,2,0.2000000030,0.1000000015,0.1000000015,256,256,100,312345,318345,319345,320345,33,0.6017723654,0.5775404043,3
combination_3_run_3,3,WHOLE_FORMULA_UNIFORM,GAUSSIAN_PARAMETER_MUTATION,A.png,9,2,0.2000000030,0.1000000015,0.1000000015,256,256,100,312345,318345,319345,320345,34,0.5868642705,0.5763215615,0
combination_3_run_3,3,WHOLE_FORMULA_UNIFORM,GAUSSIAN_PARAMETER_MUTATION,A.png,9,2,0.2000000030,0.1000000015,0.1000000015,256,256,100,312345,318345,319345,320345,35,0.5900160906,0.5785785025,5
combination_3_run_3,3,WHOLE_FORMULA_UNIFORM,GAUSSIAN_PARAMETER_MUTATION,A.png,9,2,0.2000000030,0.1000000015,0.1000000015,256,256,100,312345,318345,319345,320345,36,0.5951177974,0.5759679818,4
combination_3_run_3,3,WHOLE_FORMULA_UNIFORM,GAUSSIAN_PARAMETER_MUTATION,A.png,9,2,0.2000000030,0.1000000015,0.1000000015,256,256,100,312345,318345,319345,320345,37,0.6017041262,0.5754379423,0
combination_3_run_3,3,WHOLE_FORMULA_UNIFORM,GAUSSIAN_PARAMETER_MUTATION,A.png,9,2,0.2000000030,0.1000000015,0.1000000015,256,256,100,312345,318345,319345,320345,38,0.5981359078,0.5728419808,8
combination_3_run_3,3,WHOLE_FORMULA_UNIFORM,GAUSSIAN_PARAMETER_MUTATION,A.png,9,2,0.2000000030,0.1000000015,0.1000000015,256,256,100,312345,318345,319345,320345,39,0.5875390195,0.5691271312,2
combination_3_run_3,3,WHOLE_FORMULA_UNIFORM,GAUSSIAN_PARAMETER_MUTATION,A.png,9,2,0.2000000030,0.1000000015,0.1000000015,256,256,100,312345,318345,319345,320345,40,0.5875390451,0.5722239064,2
combination_3_run_3,3,WHOLE_FORMULA_UNIFORM,GAUSSIAN_PARAMETER_MUTATION,A.png,9,2,0.2000000030,0.1000000015,0.1000000015,256,256,100,312345,318345,319345,320345,41,0.5953621529,0.5771068109,3
combination_3_run_3,3,WHOLE_FORMULA_UNIFORM,GAUSSIAN_PARAMETER_MUTATION,A.png,9,2,0.2000000030,0.1000000015,0.1000000015,256,256,100,312345,318345,319345,320345,42,0.5933677522,0.5752823445,6
combination_3_run_3,3,WHOLE_FORMULA_UNIFORM,GAUSSIAN_PARAMETER_MUTATION,A.png,9,2,0.2000000030,0.1000000015,0.1000000015,256,256,100,312345,318345,319345,320345,43,0.5870069053,0.5741180777,6
combination_3_run_3,3,WHOLE_FORMULA_UNIFORM,GAUSSIAN_PARAMETER_MUTATION,A.png,9,2,0.2000000030,0.1000000015,0.1000000015,256,256,100,312345,318345,319345,320345,44,0.5855151123,0.5749774654,2
combination_3_run_3,3,WHOLE_FORMULA_UNIFORM,GAUSSIAN_PARAMETER_MUTATION,A.png,9,2,0.2000000030,0.1000000015,0.1000000015,256,256,100,312345,318345,319345,320345,45,0.5945982792,0.5851564912,5
combination_3_run_3,3,WHOLE_FORMULA_UNIFORM,GAUSSIAN_PARAMETER_MUTATION,A.png,9,2,0.2000000030,0.1000000015,0.1000000015,256,256,100,312345,318345,319345,320345,46,0.6013318327,0.5914276280,3
combination_3_run_3,3,WHOLE_FORMULA_UNIFORM,GAUSSIAN_PARAMETER_MUTATION,A.png,9,2,0.2000000030,0.1000000015,0.1000000015,256,256,100,312345,318345,319345,320345,47,0.5962446862,0.5911726409,6
combination_3_run_3,3,WHOLE_FORMULA_UNIFORM,GAUSSIAN_PARAMETER_MUTATION,A.png,9,2,0.2000000030,0.1000000015,0.1000000015,256,256,100,312345,318345,319345,320345,48,0.6044225194,0.5912138538,0
combination_3_run_3,3,WHOLE_FORMULA_UNIFORM,GAUSSIAN_PARAMETER_MUTATION,A.png,9,2,0.2000000030,0.1000000015,0.1000000015,256,256,100,312345,318345,319345,320345,49,0.6093240380,0.5915438725,8
combination_3_run_3,3,WHOLE_FORMULA_UNIFORM,GAUSSIAN_PARAMETER_MUTATION,A.png,9,2,0.2000000030,0.1000000015,0.1000000015,256,256,100,312345,318345,319345,320345,50,0.6059883654,0.5917070752,4
combination_3_run_3,3,WHOLE_FORMULA_UNIFORM,GAUSSIAN_PARAMETER_MUTATION,A.png,9,2,0.2000000030,0.1000000015,0.1000000015,256,256,100,312345,318345,319345,320345,51,0.6129336467,0.5932275707,3
combination_3_run_3,3,WHOLE_FORMULA_UNIFORM,GAUSSIAN_PARAMETER_MUTATION,A.png,9,2,0.2000000030,0.1000000015,0.1000000015,256,256,100,312345,318345,319345,320345,52,0.6122975828,0.5913726772,3
combination_3_run_3,3,WHOLE_FORMULA_UNIFORM,GAUSSIAN_PARAMETER_MUTATION,A.png,9,2,0.2000000030,0.1000000015,0.1000000015,256,256,100,312345,318345,319345,320345,53,0.6121663742,0.5840822670,5
combination_3_run_3,3,WHOLE_FORMULA_UNIFORM,GAUSSIAN_PARAMETER_MUTATION,A.png,9,2,0.2000000030,0.1000000015,0.1000000015,256,256,100,312345,318345,319345,320345,54,0.6127614447,0.5947980610,8
combination_3_run_3,3,WHOLE_FORMULA_UNIFORM,GAUSSIAN_PARAMETER_MUTATION,A.png,9,2,0.2000000030,0.1000000015,0.1000000015,256,256,100,312345,318345,319345,320345,55,0.6073906288,0.5898405769,5
combination_3_run_3,3,WHOLE_FORMULA_UNIFORM,GAUSSIAN_PARAMETER_MUTATION,A.png,9,2,0.2000000030,0.1000000015,0.1000000015,256,256,100,312345,318345,319345,320345,56,0.6079565591,0.5847932916,6
combination_3_run_3,3,WHOLE_FORMULA_UNIFORM,GAUSSIAN_PARAMETER_MUTATION,A.png,9,2,0.2000000030,0.1000000015,0.1000000015,256,256,100,312345,318345,319345,320345,57,0.6084967947,0.5898601007,7
combination_3_run_3,3,WHOLE_FORMULA_UNIFORM,GAUSSIAN_PARAMETER_MUTATION,A.png,9,2,0.2000000030,0.1000000015,0.1000000015,256,256,100,312345,318345,319345,320345,58,0.6119234651,0.5929764824,2
combination_3_run_3,3,WHOLE_FORMULA_UNIFORM,GAUSSIAN_PARAMETER_MUTATION,A.png,9,2,0.2000000030,0.1000000015,0.1000000015,256,256,100,312345,318345,319345,320345,59,0.6071213642,0.5900512149,2
combination_3_run_3,3,WHOLE_FORMULA_UNIFORM,GAUSSIAN_PARAMETER_MUTATION,A.png,9,2,0.2000000030,0.1000000015,0.1000000015,256,256,100,312345,318345,319345,320345,60,0.6084314752,0.5986869051,1
combination_3_run_3,3,WHOLE_FORMULA_UNIFORM,GAUSSIAN_PARAMETER_MUTATION,A.png,9,2,0.2000000030,0.1000000015,0.1000000015,256,256,100,312345,318345,319345,320345,61,0.6071040490,0.5932618805,4
combination_3_run_3,3,WHOLE_FORMULA_UNIFORM,GAUSSIAN_PARAMETER_MUTATION,A.png,9,2,0.2000000030,0.1000000015,0.1000000015,256,256,100,312345,318345,319345,320345,62,0.6018342686,0.5871680474,1
combination_3_run_3,3,WHOLE_FORMULA_UNIFORM,GAUSSIAN_PARAMETER_MUTATION,A.png,9,2,0.2000000030,0.1000000015,0.1000000015,256,256,100,312345,318345,319345,320345,63,0.6120902084,0.5891590849,7
combination_3_run_3,3,WHOLE_FORMULA_UNIFORM,GAUSSIAN_PARAMETER_MUTATION,A.png,9,2,0.2000000030,0.1000000015,0.1000000015,256,256,100,312345,318345,319345,320345,64,0.6135510909,0.5862654020,8
combination_3_run_3,3,WHOLE_FORMULA_UNIFORM,GAUSSIAN_PARAMETER_MUTATION,A.png,9,2,0.2000000030,0.1000000015,0.1000000015,256,256,100,312345,318345,319345,320345,65,0.6028291618,0.5882067771,6
combination_3_run_3,3,WHOLE_FORMULA_UNIFORM,GAUSSIAN_PARAMETER_MUTATION,A.png,9,2,0.2000000030,0.1000000015,0.1000000015,256,256,100,312345,318345,319345,320345,66,0.6065781090,0.5886319905,3
combination_3_run_3,3,WHOLE_FORMULA_UNIFORM,GAUSSIAN_PARAMETER_MUTATION,A.png,9,2,0.2000000030,0.1000000015,0.1000000015,256,256,100,312345,318345,319345,320345,67,0.6059343110,0.5917308143,1
combination_3_run_3,3,WHOLE_FORMULA_UNIFORM,GAUSSIAN_PARAMETER_MUTATION,A.png,9,2,0.2000000030,0.1000000015,0.1000000015,256,256,100,312345,318345,319345,320345,68,0.6064860309,0.5927791240,4
combination_3_run_3,3,WHOLE_FORMULA_UNIFORM,GAUSSIAN_PARAMETER_MUTATION,A.png,9,2,0.2000000030,0.1000000015,0.1000000015,256,256,100,312345,318345,319345,320345,69,0.6065880077,0.5941705418,7
combination_3_run_3,3,WHOLE_FORMULA_UNIFORM,GAUSSIAN_PARAMETER_MUTATION,A.png,9,2,0.2000000030,0.1000000015,0.1000000015,256,256,100,312345,318345,319345,320345,70,0.6085537597,0.5959591765,2
combination_3_run_3,3,WHOLE_FORMULA_UNIFORM,GAUSSIAN_PARAMETER_MUTATION,A.png,9,2,0.2000000030,0.1000000015,0.1000000015,256,256,100,312345,318345,319345,320345,71,0.6107188862,0.5949486802,5
combination_3_run_3,3,WHOLE_FORMULA_UNIFORM,GAUSSIAN_PARAMETER_MUTATION,A.png,9,2,0.2000000030,0.1000000015,0.1000000015,256,256,100,312345,318345,319345,320345,72,0.6067034464,0.5955055639,3
combination_3_run_3,3,WHOLE_FORMULA_UNIFORM,GAUSSIAN_PARAMETER_MUTATION,A.png,9,2,0.2000000030,0.1000000015,0.1000000015,256,256,100,312345,318345,319345,320345,73,0.6021534566,0.5927894659,4
combination_3_run_3,3,WHOLE_FORMULA_UNIFORM,GAUSSIAN_PARAMETER_MUTATION,A.png,9,2,0.2000000030,0.1000000015,0.1000000015,256,256,100,312345,318345,319345,320345,74,0.6017131228,0.5929795062,3
combination_3_run_3,3,WHOLE_FORMULA_UNIFORM,GAUSSIAN_PARAMETER_MUTATION,A.png,9,2,0.2000000030,0.1000000015,0.1000000015,256,256,100,312345,318345,319345,320345,75,0.6019368370,0.5942513696,8
combination_3_run_3,3,WHOLE_FORMULA_UNIFORM,GAUSSIAN_PARAMETER_MUTATION,A.png,9,2,0.2000000030,0.1000000015,0.1000000015,256,256,100,312345,318345,319345,320345,76,0.6024905017,0.5966729284,1
combination_3_run_3,3,WHOLE_FORMULA_UNIFORM,GAUSSIAN_PARAMETER_MUTATION,A.png,9,2,0.2000000030,0.1000000015,0.1000000015,256,256,100,312345,318345,319345,320345,77,0.6024626183,0.6004701493,4
combination_3_run_3,3,WHOLE_FORMULA_UNIFORM,GAUSSIAN_PARAMETER_MUTATION,A.png,9,2,0.2000000030,0.1000000015,0.1000000015,256,256,100,312345,318345,319345,320345,78,0.6017490148,0.6002083977,7
combination_3_run_3,3,WHOLE_FORMULA_UNIFORM,GAUSSIAN_PARAMETER_MUTATION,A.png,9,2,0.2000000030,0.1000000015,0.1000000015,256,256,100,312345,318345,319345,320345,79,0.6022723111,0.5999872518,6
combination_3_run_3,3,WHOLE_FORMULA_UNIFORM,GAUSSIAN_PARAMETER_MUTATION,A.png,9,2,0.2000000030,0.1000000015,0.1000000015,256,256,100,312345,318345,319345,320345,80,0.6013051148,0.5993853997,6
combination_3_run_3,3,WHOLE_FORMULA_UNIFORM,GAUSSIAN_PARAMETER_MUTATION,A.png,9,2,0.2000000030,0.1000000015,0.1000000015,256,256,100,312345,318345,319345,320345,81,0.6066845378,0.6008259616,4
combination_3_run_3,3,WHOLE_FORMULA_UNIFORM,GAUSSIAN_PARAMETER_MUTATION,A.png,9,2,0.2000000030,0.1000000015,0.1000000015,256,256,100,312345,318345,319345,320345,82,0.6069155503,0.6028274070,3
combination_3_run_3,3,WHOLE_FORMULA_UNIFORM,GAUSSIAN_PARAMETER_MUTATION,A.png,9,2,0.2000000030,0.1000000015,0.1000000015,256,256,100,312345,318345,319345,320345,83,0.6065296732,0.6032315590,6
combination_3_run_3,3,WHOLE_FORMULA_UNIFORM,GAUSSIAN_PARAMETER_MUTATION,A.png,9,2,0.2000000030,0.1000000015,0.1000000015,256,256,100,312345,318345,319345,320345,84,0.6072750192,0.6028860796,7
combination_3_run_3,3,WHOLE_FORMULA_UNIFORM,GAUSSIAN_PARAMETER_MUTATION,A.png,9,2,0.2000000030,0.1000000015,0.1000000015,256,256,100,312345,318345,319345,320345,85,0.6073311262,0.6031789672,5
combination_3_run_3,3,WHOLE_FORMULA_UNIFORM,GAUSSIAN_PARAMETER_MUTATION,A.png,9,2,0.2000000030,0.1000000015,0.1000000015,256,256,100,312345,318345,319345,320345,86,0.6073311262,0.6005960499,8
combination_3_run_3,3,WHOLE_FORMULA_UNIFORM,GAUSSIAN_PARAMETER_MUTATION,A.png,9,2,0.2000000030,0.1000000015,0.1000000015,256,256,100,312345,318345,319345,320345,87,0.6071449317,0.5973851330,1
combination_3_run_3,3,WHOLE_FORMULA_UNIFORM,GAUSSIAN_PARAMETER_MUTATION,A.png,9,2,0.2000000030,0.1000000015,0.1000000015,256,256,100,312345,318345,319345,320345,88,0.6095940755,0.6014776347,3
combination_3_run_3,3,WHOLE_FORMULA_UNIFORM,GAUSSIAN_PARAMETER_MUTATION,A.png,9,2,0.2000000030,0.1000000015,0.1000000015,256,256,100,312345,318345,319345,320345,89,0.6096997616,0.5956367514,4
combination_3_run_3,3,WHOLE_FORMULA_UNIFORM,GAUSSIAN_PARAMETER_MUTATION,A.png,9,2,0.2000000030,0.1000000015,0.1000000015,256,256,100,312345,318345,319345,320345,90,0.6099360187,0.5979832445,2
combination_3_run_3,3,WHOLE_FORMULA_UNIFORM,GAUSSIAN_PARAMETER_MUTATION,A.png,9,2,0.2000000030,0.1000000015,0.1000000015,256,256,100,312345,318345,319345,320345,91,0.6099208856,0.5997484792,3
combination_3_run_3,3,WHOLE_FORMULA_UNIFORM,GAUSSIAN_PARAMETER_MUTATION,A.png,9,2,0.2000000030,0.1000000015,0.1000000015,256,256,100,312345,318345,319345,320345,92,0.6101249094,0.6010872009,2
combination_3_run_3,3,WHOLE_FORMULA_UNIFORM,GAUSSIAN_PARAMETER_MUTATION,A.png,9,2,0.2000000030,0.1000000015,0.1000000015,256,256,100,312345,318345,319345,320345,93,0.6102654414,0.6003935058,4
combination_3_run_3,3,WHOLE_FORMULA_UNIFORM,GAUSSIAN_PARAMETER_MUTATION,A.png,9,2,0.2000000030,0.1000000015,0.1000000015,256,256,100,312345,318345,319345,320345,94,0.6102729606,0.5984940609,1
combination_3_run_3,3,WHOLE_FORMULA_UNIFORM,GAUSSIAN_PARAMETER_MUTATION,A.png,9,2,0.2000000030,0.1000000015,0.1000000015,256,256,100,312345,318345,319345,320345,95,0.6088742697,0.5959259739,5
combination_3_run_3,3,WHOLE_FORMULA_UNIFORM,GAUSSIAN_PARAMETER_MUTATION,A.png,9,2,0.2000000030,0.1000000015,0.1000000015,256,256,100,312345,318345,319345,320345,96,0.6092687777,0.5942312157,5
combination_3_run_3,3,WHOLE_FORMULA_UNIFORM,GAUSSIAN_PARAMETER_MUTATION,A.png,9,2,0.2000000030,0.1000000015,0.1000000015,256,256,100,312345,318345,319345,320345,97,0.6122105300,0.6025096362,2
combination_3_run_3,3,WHOLE_FORMULA_UNIFORM,GAUSSIAN_PARAMETER_MUTATION,A.png,9,2,0.2000000030,0.1000000015,0.1000000015,256,256,100,312345,318345,319345,320345,98,0.6094383867,0.5986636628,2
combination_3_run_3,3,WHOLE_FORMULA_UNIFORM,GAUSSIAN_PARAMETER_MUTATION,A.png,9,2,0.2000000030,0.1000000015,0.1000000015,256,256,100,312345,318345,319345,320345,99,0.6105016834,0.6014889951,4
combination_3_run_3,3,WHOLE_FORMULA_UNIFORM,GAUSSIAN_PARAMETER_MUTATION,A.png,9,2,0.2000000030,0.1000000015,0.1000000015,256,256,100,312345,318345,319345,320345,100,0.6109963157,0.6003758082,6
combination_3_run_4,4,WHOLE_FORMULA_UNIFORM,GAUSSIAN_PARAMETER_MUTATION,A.png,9,2,0.2000000030,0.1000000015,0.1000000015,256,256,100,412345,418345,419345,420345,0,0.5983111520,0.5845887328,5
combination_3_run_4,4,WHOLE_FORMULA_UNIFORM,GAUSSIAN_PARAMETER_MUTATION,A.png,9,2,0.2000000030,0.1000000015,0.1000000015,256,256,100,412345,418345,419345,420345,1,0.5982788202,0.5824544906,7
combination_3_run_4,4,WHOLE_FORMULA_UNIFORM,GAUSSIAN_PARAMETER_MUTATION,A.png,9,2,0.2000000030,0.1000000015,0.1000000015,256,256,100,412345,418345,419345,420345,2,0.5921739987,0.5829060018,8
combination_3_run_4,4,WHOLE_FORMULA_UNIFORM,GAUSSIAN_PARAMETER_MUTATION,A.png,9,2,0.2000000030,0.1000000015,0.1000000015,256,256,100,412345,418345,419345,420345,3,0.5924840637,0.5836134696,7
combination_3_run_4,4,WHOLE_FORMULA_UNIFORM,GAUSSIAN_PARAMETER_MUTATION,A.png,9,2,0.2000000030,0.1000000015,0.1000000015,256,256,100,412345,418345,419345,420345,4,0.5948350826,0.5829884484,2
combination_3_run_4,4,WHOLE_FORMULA_UNIFORM,GAUSSIAN_PARAMETER_MUTATION,A.png,9,2,0.2000000030,0.1000000015,0.1000000015,256,256,100,412345,418345,419345,420345,5,0.5964962134,0.5837575470,8
combination_3_run_4,4,WHOLE_FORMULA_UNIFORM,GAUSSIAN_PARAMETER_MUTATION,A.png,9,2,0.2000000030,0.1000000015,0.1000000015,256,256,100,412345,418345,419345,420345,6,0.5958253153,0.5841339964,4
combination_3_run_4,4,WHOLE_FORMULA_UNIFORM,GAUSSIAN_PARAMETER_MUTATION,A.png,9,2,0.2000000030,0.1000000015,0.1000000015,256,256,100,412345,418345,419345,420345,7,0.6003577698,0.5849049815,6
combination_3_run_4,4,WHOLE_FORMULA_UNIFORM,GAUSSIAN_PARAMETER_MUTATION,A.png,9,2,0.2000000030,0.1000000015,0.1000000015,256,256,100,412345,418345,419345,420345,8,0.5968647801,0.5877436125,1
combination_3_run_4,4,WHOLE_FORMULA_UNIFORM,GAUSSIAN_PARAMETER_MUTATION,A.png,9,2,0.2000000030,0.1000000015,0.1000000015,256,256,100,412345,418345,419345,420345,9,0.6012579394,0.5875795878,2
combination_3_run_4,4,WHOLE_FORMULA_UNIFORM,GAUSSIAN_PARAMETER_MUTATION,A.png,9,2,0.2000000030,0.1000000015,0.1000000015,256,256,100,412345,418345,419345,420345,10,0.5955121434,0.5901981425,2
combination_3_run_4,4,WHOLE_FORMULA_UNIFORM,GAUSSIAN_PARAMETER_MUTATION,A.png,9,2,0.2000000030,0.1000000015,0.1000000015,256,256,100,412345,418345,419345,420345,11,0.5999752646,0.5934205174,5
combination_3_run_4,4,WHOLE_FORMULA_UNIFORM,GAUSSIAN_PARAMETER_MUTATION,A.png,9,2,0.2000000030,0.1000000015,0.1000000015,256,256,100,412345,418345,419345,420345,12,0.6000241320,0.5937899579,3
combination_3_run_4,4,WHOLE_FORMULA_UNIFORM,GAUSSIAN_PARAMETER_MUTATION,A.png,9,2,0.2000000030,0.1000000015,0.1000000015,256,256,100,412345,418345,419345,420345,13,0.6018907165,0.5942736415,2
combination_3_run_4,4,WHOLE_FORMULA_UNIFORM,GAUSSIAN_PARAMETER_MUTATION,A.png,9,2,0.2000000030,0.1000000015,0.1000000015,256,256,100,412345,418345,419345,420345,14,0.6023150125,0.5968906704,2
combination_3_run_4,4,WHOLE_FORMULA_UNIFORM,GAUSSIAN_PARAMETER_MUTATION,A.png,9,2,0.2000000030,0.1000000015,0.1000000015,256,256,100,412345,418345,419345,420345,15,0.6025787954,0.5965827531,6
combination_3_run_4,4,WHOLE_FORMULA_UNIFORM,GAUSSIAN_PARAMETER_MUTATION,A.png,9,2,0.2000000030,0.1000000015,0.1000000015,256,256,100,412345,418345,419345,420345,16,0.6042377330,0.5975185862,2
combination_3_run_4,4,WHOLE_FORMULA_UNIFORM,GAUSSIAN_PARAMETER_MUTATION,A.png,9,2,0.2000000030,0.1000000015,0.1000000015,256,256,100,412345,418345,419345,420345,17,0.6039742148,0.5975608945,6
combination_3_run_4,4,WHOLE_FORMULA_UNIFORM,GAUSSIAN_PARAMETER_MUTATION,A.png,9,2,0.2000000030,0.1000000015,0.1000000015,256,256,100,412345,418345,419345,420345,18,0.6051965444,0.5987317131,1
combination_3_run_4,4,WHOLE_FORMULA_UNIFORM,GAUSSIAN_PARAMETER_MUTATION,A.png,9,2,0.2000000030,0.1000000015,0.1000000015,256,256,100,412345,418345,419345,420345,19,0.6073902134,0.5990465513,4
combination_3_run_4,4,WHOLE_FORMULA_UNIFORM,GAUSSIAN_PARAMETER_MUTATION,A.png,9,2,0.2000000030,0.1000000015,0.1000000015,256,256,100,412345,418345,419345,420345,20,0.6030553622,0.5977511249,5
combination_3_run_4,4,WHOLE_FORMULA_UNIFORM,GAUSSIAN_PARAMETER_MUTATION,A.png,9,2,0.2000000030,0.1000000015,0.1000000015,256,256,100,412345,418345,419345,420345,21,0.6019535044,0.5970905791,8
combination_3_run_4,4,WHOLE_FORMULA_UNIFORM,GAUSSIAN_PARAMETER_MUTATION,A.png,9,2,0.2000000030,0.1000000015,0.1000000015,256,256,100,412345,418345,419345,420345,22,0.6009828298,0.5964301393,8
combination_3_run_4,4,WHOLE_FORMULA_UNIFORM,GAUSSIAN_PARAMETER_MUTATION,A.png,9,2,0.2000000030,0.1000000015,0.1000000015,256,256,100,412345,418345,419345,420345,23,0.6020319391,0.5972101753,2
combination_3_run_4,4,WHOLE_FORMULA_UNIFORM,GAUSSIAN_PARAMETER_MUTATION,A.png,9,2,0.2000000030,0.1000000015,0.1000000015,256,256,100,412345,418345,419345,420345,24,0.6018718184,0.5975775654,6
combination_3_run_4,4,WHOLE_FORMULA_UNIFORM,GAUSSIAN_PARAMETER_MUTATION,A.png,9,2,0.2000000030,0.1000000015,0.1000000015,256,256,100,412345,418345,419345,420345,25,0.6027040960,0.5981938572,6
combination_3_run_4,4,WHOLE_FORMULA_UNIFORM,GAUSSIAN_PARAMETER_MUTATION,A.png,9,2,0.2000000030,0.1000000015,0.1000000015,256,256,100,412345,418345,419345,420345,26,0.6038958342,0.5969675894,1
combination_3_run_4,4,WHOLE_FORMULA_UNIFORM,GAUSSIAN_PARAMETER_MUTATION,A.png,9,2,0.2000000030,0.1000000015,0.1000000015,256,256,100,412345,418345,419345,420345,27,0.6040954918,0.5973882924,1
combination_3_run_4,4,WHOLE_FORMULA_UNIFORM,GAUSSIAN_PARAMETER_MUTATION,A.png,9,2,0.2000000030,0.1000000015,0.1000000015,256,256,100,412345,418345,419345,420345,28,0.5995702343,0.5950497135,4
combination_3_run_4,4,WHOLE_FORMULA_UNIFORM,GAUSSIAN_PARAMETER_MUTATION,A.png,9,2,0.2000000030,0.1000000015,0.1000000015,256,256,100,412345,418345,419345,420345,29,0.5988786926,0.5951837640,7
combination_3_run_4,4,WHOLE_FORMULA_UNIFORM,GAUSSIAN_PARAMETER_MUTATION,A.png,9,2,0.2000000030,0.1000000015,0.1000000015,256,256,100,412345,418345,419345,420345,30,0.5980481726,0.5958596208,6
combination_3_run_4,4,WHOLE_FORMULA_UNIFORM,GAUSSIAN_PARAMETER_MUTATION,A.png,9,2,0.2000000030,0.1000000015,0.1000000015,256,256,100,412345,418345,419345,420345,31,0.6007623527,0.5960843153,8
combination_3_run_4,4,WHOLE_FORMULA_UNIFORM,GAUSSIAN_PARAMETER_MUTATION,A.png,9,2,0.2000000030,0.1000000015,0.1000000015,256,256,100,412345,418345,419345,420345,32,0.5975790732,0.5952080146,5
combination_3_run_4,4,WHOLE_FORMULA_UNIFORM,GAUSSIAN_PARAMETER_MUTATION,A.png,9,2,0.2000000030,0.1000000015,0.1000000015,256,256,100,412345,418345,419345,420345,33,0.5969506470,0.5949199946,3
combination_3_run_4,4,WHOLE_FORMULA_UNIFORM,GAUSSIAN_PARAMETER_MUTATION,A.png,9,2,0.2000000030,0.1000000015,0.1000000015,256,256,100,412345,418345,419345,420345,34,0.5994691654,0.5950769126,7
combination_3_run_4,4,WHOLE_FORMULA_UNIFORM,GAUSSIAN_PARAMETER_MUTATION,A.png,9,2,0.2000000030,0.1000000015,0.1000000015,256,256,100,412345,418345,419345,420345,35,0.5970313058,0.5949727674,8
combination_3_run_4,4,WHOLE_FORMULA_UNIFORM,GAUSSIAN_PARAMETER_MUTATION,A.png,9,2,0.2000000030,0.1000000015,0.1000000015,256,256,100,412345,418345,419345,420345,36,0.5976072803,0.5958953373,8
combination_3_run_4,4,WHOLE_FORMULA_UNIFORM,GAUSSIAN_PARAMETER_MUTATION,A.png,9,2,0.2000000030,0.1000000015,0.1000000015,256,256,100,412345,418345,419345,420345,37,0.5986630579,0.5962596959,0
combination_3_run_4,4,WHOLE_FORMULA_UNIFORM,GAUSSIAN_PARAMETER_MUTATION,A.png,9,2,0.2000000030,0.1000000015,0.1000000015,256,256,100,412345,418345,419345,420345,38,0.5989576625,0.5954976892,4
combination_3_run_4,4,WHOLE_FORMULA_UNIFORM,GAUSSIAN_PARAMETER_MUTATION,A.png,9,2,0.2000000030,0.1000000015,0.1000000015,256,256,100,412345,418345,419345,420345,39,0.5989706797,0.5955036324,0
combination_3_run_4,4,WHOLE_FORMULA_UNIFORM,GAUSSIAN_PARAMETER_MUTATION,A.png,9,2,0.2000000030,0.1000000015,0.1000000015,256,256,100,412345,418345,419345,420345,40,0.5967030138,0.5956420135,4
combination_3_run_4,4,WHOLE_FORMULA_UNIFORM,GAUSSIAN_PARAMETER_MUTATION,A.png,9,2,0.2000000030,0.1000000015,0.1000000015,256,256,100,412345,418345,419345,420345,41,0.5970641348,0.5955109446,6
combination_3_run_4,4,WHOLE_FORMULA_UNIFORM,GAUSSIAN_PARAMETER_MUTATION,A.png,9,2,0.2000000030,0.1000000015,0.1000000015,256,256,100,412345,418345,419345,420345,42,0.5970114582,0.5949568238,5
combination_3_run_4,4,WHOLE_FORMULA_UNIFORM,GAUSSIAN_PARAMETER_MUTATION,A.png,9,2,0.2000000030,0.1000000015,0.1000000015,256,256,100,412345,418345,419345,420345,43,0.5973529616,0.5952981864,5
combination_3_run_4,4,WHOLE_FORMULA_UNIFORM,GAUSSIAN_PARAMETER_MUTATION,A.png,9,2,0.2000000030,0.1000000015,0.1000000015,256,256,100,412345,418345,419345,420345,44,0.5975180037,0.5953823246,8
combination_3_run_4,4,WHOLE_FORMULA_UNIFORM,GAUSSIAN_PARAMETER_MUTATION,A.png,9,2,0.2000000030,0.1000000015,0.1000000015,256,256,100,412345,418345,419345,420345,45,0.5978356249,0.5957175023,4
combination_3_run_4,4,WHOLE_FORMULA_UNIFORM,GAUSSIAN_PARAMETER_MUTATION,A.png,9,2,0.2000000030,0.1000000015,0.1000000015,256,256,100,412345,418345,419345,420345,46,0.5984807882,0.5970370387,5
combination_3_run_4,4,WHOLE_FORMULA_UNIFORM,GAUSSIAN_PARAMETER_MUTATION,A.png,9,2,0.2000000030,0.1000000015,0.1000000015,256,256,100,412345,418345,419345,420345,47,0.5984419360,0.5971708586,3
combination_3_run_4,4,WHOLE_FORMULA_UNIFORM,GAUSSIAN_PARAMETER_MUTATION,A.png,9,2,0.2000000030,0.1000000015,0.1000000015,256,256,100,412345,418345,419345,420345,48,0.5980438405,0.5965546488,4
combination_3_run_4,4,WHOLE_FORMULA_UNIFORM,GAUSSIAN_PARAMETER_MUTATION,A.png,9,2,0.2000000030,0.1000000015,0.1000000015,256,256,100,412345,418345,419345,420345,49,0.5990112300,0.5962429823,2
combination_3_run_4,4,WHOLE_FORMULA_UNIFORM,GAUSSIAN_PARAMETER_MUTATION,A.png,9,2,0.2000000030,0.1000000015,0.1000000015,256,256,100,412345,418345,419345,420345,50,0.5988739090,0.5969258212,6
combination_3_run_4,4,WHOLE_FORMULA_UNIFORM,GAUSSIAN_PARAMETER_MUTATION,A.png,9,2,0.2000000030,0.1000000015,0.1000000015,256,256,100,412345,418345,419345,420345,51,0.5986865148,0.5963413174,8
combination_3_run_4,4,WHOLE_FORMULA_UNIFORM,GAUSSIAN_PARAMETER_MUTATION,A.png,9,2,0.2000000030,0.1000000015,0.1000000015,256,256,100,412345,418345,419345,420345,52,0.5978309605,0.5956059100,7
combination_3_run_4,4,WHOLE_FORMULA_UNIFORM,GAUSSIAN_PARAMETER_MUTATION,A.png,9,2,0.2000000030,0.1000000015,0.1000000015,256,256,100,412345,418345,419345,420345,53,0.6008172714,0.5954772634,8
combination_3_run_4,4,WHOLE_FORMULA_UNIFORM,GAUSSIAN_PARAMETER_MUTATION,A.png,9,2,0.2000000030,0.1000000015,0.1000000015,256,256,100,412345,418345,419345,420345,54,0.6008172714,0.5968579279,1
combination_3_run_4,4,WHOLE_FORMULA_UNIFORM,GAUSSIAN_PARAMETER_MUTATION,A.png,9,2,0.2000000030,0.1000000015,0.1000000015,256,256,100,412345,418345,419345,420345,55,0.5992682267,0.5964707065,4
combination_3_run_4,4,WHOLE_FORMULA_UNIFORM,GAUSSIAN_PARAMETER_MUTATION,A.png,9,2,0.2000000030,0.1000000015,0.1000000015,256,256,100,412345,418345,419345,420345,56,0.5969983508,0.5957870513,8
combination_3_run_4,4,WHOLE_FORMULA_UNIFORM,GAUSSIAN_PARAMETER_MUTATION,A.png,9,2,0.2000000030,0.1000000015,0.1000000015,256,256,100,412345,418345,419345,420345,57,0.5994398523,0.5960358376,2
combination_3_run_4,4,WHOLE_FORMULA_UNIFORM,GAUSSIAN_PARAMETER_MUTATION,A.png,9,2,0.2000000030,0.1000000015,0.1000000015,256,256,100,412345,418345,419345,420345,58,0.6028551066,0.5970860492,2
combination_3_run_4,4,WHOLE_FORMULA_UNIFORM,GAUSSIAN_PARAMETER_MUTATION,A.png,9,2,0.2000000030,0.1000000015,0.1000000015,256,256,100,412345,418345,419345,420345,59,0.6016624146,0.5969504286,6
combination_3_run_4,4,WHOLE_FORMULA_UNIFORM,GAUSSIAN_PARAMETER_MUTATION,A.png,9,2,0.2000000030,0.1000000015,0.1000000015,256,256,100,412345,418345,419345,420345,60,0.5998736093,0.5951923998,5
combination_3_run_4,4,WHOLE_FORMULA_UNIFORM,GAUSSIAN_PARAMETER_MUTATION,A.png,9,2,0.2000000030,0.1000000015,0.1000000015,256,256,100,412345,418345,419345,420345,61,0.5987659221,0.5949576076,0
combination_3_run_4,4,WHOLE_FORMULA_UNIFORM,GAUSSIAN_PARAMETER_MUTATION,A.png,9,2,0.2000000030,0.1000000015,0.1000000015,256,256,100,412345,418345,419345,420345,62,0.5984756450,0.5945567516,7
combination_3_run_4,4,WHOLE_FORMULA_UNIFORM,GAUSSIAN_PARAMETER_MUTATION,A.png,9,2,0.2000000030,0.1000000015,0.1000000015,256,256,100,412345,418345,419345,420345,63,0.5982880911,0.5944548923,6
combination_3_run_4,4,WHOLE_FORMULA_UNIFORM,GAUSSIAN_PARAMETER_MUTATION,A.png,9,2,0.2000000030,0.1000000015,0.1000000015,256,256,100,412345,418345,419345,420345,64,0.5972526219,0.5951567264,1
combination_3_run_4,4,WHOLE_FORMULA_UNIFORM,GAUSSIAN_PARAMETER_MUTATION,A.png,9,2,0.2000000030,0.1000000015,0.1000000015,256,256,100,412345,418345,419345,420345,65,0.5953427809,0.5938725876,3
combination_3_run_4,4,WHOLE_FORMULA_UNIFORM,GAUSSIAN_PARAMETER_MUTATION,A.png,9,2,0.2000000030,0.1000000015,0.1000000015,256,256,100,412345,418345,419345,420345,66,0.5946294350,0.5928250637,0
combination_3_run_4,4,WHOLE_FORMULA_UNIFORM,GAUSSIAN_PARAMETER_MUTATION,A.png,9,2,0.2000000030,0.1000000015,0.1000000015,256,256,100,412345,418345,419345,420345,67,0.5948366220,0.5922308601,7
combination_3_run_4,4,WHOLE_FORMULA_UNIFORM,GAUSSIAN_PARAMETER_MUTATION,A.png,9,2,0.2000000030,0.1000000015,0.1000000015,256,256,100,412345,418345,419345,420345,68,0.5958242554,0.5929959416,3
combination_3_run_4,4,WHOLE_FORMULA_UNIFORM,GAUSSIAN_PARAMETER_MUTATION,A.png,9,2,0.2000000030,0.1000000015,0.1000000015,256,256,100,412345,418345,419345,420345,69,0.5945023540,0.5912548027,6
combination_3_run_4,4,WHOLE_FORMULA_UNIFORM,GAUSSIAN_PARAMETER_MUTATION,A.png,9,2,0.2000000030,0.1000000015,0.1000000015,256,256,100,412345,418345,419345,420345,70,0.5955366627,0.5901188094,1
combination_3_run_4,4,WHOLE_FORMULA_UNIFORM,GAUSSIAN_PARAMETER_MUTATION,A.png,9,2,0.2000000030,0.1000000015,0.1000000015,256,256,100,412345,418345,419345,420345,71,0.5941011670,0.5905200477,8
combination_3_run_4,4,WHOLE_FORMULA_UNIFORM,GAUSSIAN_PARAMETER_MUTATION,A.png,9,2,0.2000000030,0.1000000015,0.1000000015,256,256,100,412345,418345,419345,420345,72,0.5975644038,0.5906345718,7
combination_3_run_4,4,WHOLE_FORMULA_UNIFORM,GAUSSIAN_PARAMETER_MUTATION,A.png,9,2,0.2000000030,0.1000000015,0.1000000015,256,256,100,412345,418345,419345,420345,73,0.5980950526,0.5941911314,7
combination_3_run_4,4,WHOLE_FORMULA_UNIFORM,GAUSSIAN_PARAMETER_MUTATION,A.png,9,2,0.2000000030,0.1000000015,0.1000000015,256,256,100,412345,418345,419345,420345,74,0.5988128184,0.5939165772,5
combination_3_run_4,4,WHOLE_FORMULA_UNIFORM,GAUSSIAN_PARAMETER_MUTATION,A.png,9,2,0.2000000030,0.1000000015,0.1000000015,256,256,100,412345,418345,419345,420345,75,0.5979244594,0.5932610172,6
combination_3_run_4,4,WHOLE_FORMULA_UNIFORM,GAUSSIAN_PARAMETER_MUTATION,A.png,9,2,0.2000000030,0.1000000015,0.1000000015,256,256,100,412345,418345,419345,420345,76,0.6003142738,0.5940015413,1
combination_3_run_4,4,WHOLE_FORMULA_UNIFORM,GAUSSIAN_PARAMETER_MUTATION,A.png,9,2,0.2000000030,0.1000000015,0.1000000015,256,256,100,412345,418345,419345,420345,77,0.6005700048,0.5937260915,6
combination_3_run_4,4,WHOLE_FORMULA_UNIFORM,GAUSSIAN_PARAMETER_MUTATION,A.png,9,2,0.2000000030,0.1000000015,0.1000000015,256,256,100,412345,418345,419345,420345,78,0.6022312614,0.5933059198,0
combination_3_run_4,4,WHOLE_FORMULA_UNIFORM,GAUSSIAN_PARAMETER_MUTATION,A.png,9,2,0.2000000030,0.1000000015,0.1000000015,256,256,100,412345,418345,419345,420345,79,0.6027871182,0.5926984880,7
combination_3_run_4,4,WHOLE_FORMULA_UNIFORM,GAUSSIAN_PARAMETER_MUTATION,A.png,9,2,0.2000000030,0.1000000015,0.1000000015,256,256,100,412345,418345,419345,420345,80,0.6034823632,0.5948142432,2
combination_3_run_4,4,WHOLE_FORMULA_UNIFORM,GAUSSIAN_PARAMETER_MUTATION,A.png,9,2,0.2000000030,0.1000000015,0.1000000015,256,256,100,412345,418345,419345,420345,81,0.6034823632,0.5943074487,7
combination_3_run_4,4,WHOLE_FORMULA_UNIFORM,GAUSSIAN_PARAMETER_MUTATION,A.png,9,2,0.2000000030,0.1000000015,0.1000000015,256,256,100,412345,418345,419345,420345,82,0.6019167781,0.5935077593,6
combination_3_run_4,4,WHOLE_FORMULA_UNIFORM,GAUSSIAN_PARAMETER_MUTATION,A.png,9,2,0.2000000030,0.1000000015,0.1000000015,256,256,100,412345,418345,419345,420345,83,0.6042577323,0.5919776038,6
combination_3_run_4,4,WHOLE_FORMULA_UNIFORM,GAUSSIAN_PARAMETER_MUTATION,A.png,9,2,0.2000000030,0.1000000015,0.1000000015,256,256,100,412345,418345,419345,420345,84,0.6032366457,0.5932509423,5
combination_3_run_4,4,WHOLE_FORMULA_UNIFORM,GAUSSIAN_PARAMETER_MUTATION,A.png,9,2,0.2000000030,0.1000000015,0.1000000015,256,256,100,412345,418345,419345,420345,85,0.6027582113,0.5941121422,5
combination_3_run_4,4,WHOLE_FORMULA_UNIFORM,GAUSSIAN_PARAMETER_MUTATION,A.png,9,2,0.2000000030,0.1000000015,0.1000000015,256,256,100,412345,418345,419345,420345,86,0.6031288113,0.5946340929,0
combination_3_run_4,4,WHOLE_FORMULA_UNIFORM,GAUSSIAN_PARAMETER_MUTATION,A.png,9,2,0.2000000030,0.1000000015,0.1000000015,256,256,100,412345,418345,419345,420345,87,0.6039588165,0.5963175079,4
combination_3_run_4,4,WHOLE_FORMULA_UNIFORM,GAUSSIAN_PARAMETER_MUTATION,A.png,9,2,0.2000000030,0.1000000015,0.1000000015,256,256,100,412345,418345,419345,420345,88,0.6030746450,0.5990692245,6
combination_3_run_4,4,WHOLE_FORMULA_UNIFORM,GAUSSIAN_PARAMETER_MUTATION,A.png,9,2,0.2000000030,0.1000000015,0.1000000015,256,256,100,412345,418345,419345,420345,89,0.6083505549,0.5992415218,6
combination_3_run_4,4,WHOLE_FORMULA_UNIFORM,GAUSSIAN_PARAMETER_MUTATION,A.png,9,2,0.2000000030,0.1000000015,0.1000000015,256,256,100,412345,418345,419345,420345,90,0.6054004332,0.5980072069,0
combination_3_run_4,4,WHOLE_FORMULA_UNIFORM,GAUSSIAN_PARAMETER_MUTATION,A.png,9,2,0.2000000030,0.1000000015,0.1000000015,256,256,100,412345,418345,419345,420345,91,0.6041371453,0.5937815992,6
combination_3_run_4,4,WHOLE_FORMULA_UNIFORM,GAUSSIAN_PARAMETER_MUTATION,A.png,9,2,0.2000000030,0.1000000015,0.1000000015,256,256,100,412345,418345,419345,420345,92,0.6032620050,0.5938031505,1
combination_3_run_4,4,WHOLE_FORMULA_UNIFORM,GAUSSIAN_PARAMETER_MUTATION,A.png,9,2,0.2000000030,0.1000000015,0.1000000015,256,256,100,412345,418345,419345,420345,93,0.6042164924,0.5961945492,4
combination_3_run_4,4,WHOLE_FORMULA_UNIFORM,GAUSSIAN_PARAMETER_MUTATION,A.png,9,2,0.2000000030,0.1000000015,0.1000000015,256,256,100,412345,418345,419345,420345,94,0.6077654825,0.5998529046,3
combination_3_run_4,4,WHOLE_FORMULA_UNIFORM,GAUSSIAN_PARAMETER_MUTATION,A.png,9,2,0.2000000030,0.1000000015,0.1000000015,256,256,100,412345,418345,419345,420345,95,0.6061387798,0.6014767140,6
combination_3_run_4,4,WHOLE_FORMULA_UNIFORM,GAUSSIAN_PARAMETER_MUTATION,A.png,9,2,0.2000000030,0.1000000015,0.1000000015,256,256,100,412345,418345,419345,420345,96,0.6067494275,0.6023037288,8
combination_3_run_4,4,WHOLE_FORMULA_UNIFORM,GAUSSIAN_PARAMETER_MUTATION,A.png,9,2,0.2000000030,0.1000000015,0.1000000015,256,256,100,412345,418345,419345,420345,97,0.6075180707,0.6016712008,2
combination_3_run_4,4,WHOLE_FORMULA_UNIFORM,GAUSSIAN_PARAMETER_MUTATION,A.png,9,2,0.2000000030,0.1000000015,0.1000000015,256,256,100,412345,418345,419345,420345,98,0.6079150681,0.6033278176,4
combination_3_run_4,4,WHOLE_FORMULA_UNIFORM,GAUSSIAN_PARAMETER_MUTATION,A.png,9,2,0.2000000030,0.1000000015,0.1000000015,256,256,100,412345,418345,419345,420345,99,0.6075206126,0.6034060589,3
combination_3_run_4,4,WHOLE_FORMULA_UNIFORM,GAUSSIAN_PARAMETER_MUTATION,A.png,9,2,0.2000000030,0.1000000015,0.1000000015,256,256,100,412345,418345,419345,420345,100,0.6070909454,0.6040911842,4
